#
# There is insufficient memory for the Java Runtime Environment to continue.
# Native memory allocation (mmap) failed to map 1048576 bytes. Error detail: G1 virtual space
# Possible reasons:
#   The system is out of physical RAM or swap space
#   This process is running with CompressedOops enabled, and the Java Heap may be blocking the growth of the native heap
# Possible solutions:
#   Reduce memory load on the system
#   Increase physical memory or swap space
#   Check if swap backing store is full
#   Decrease Java heap size (-Xmx/-Xms)
#   Decrease number of Java threads
#   Decrease Java thread stack sizes (-Xss)
#   Set larger code cache with -XX:ReservedCodeCacheSize=
#   JVM is running with Unscaled Compressed Oops mode in which the Java heap is
#     placed in the first 4GB address space. The Java Heap base address is the
#     maximum limit for the native heap growth. Please use -XX:HeapBaseMinAddress
#     to set the Java Heap base and to place the Java Heap above 4GB virtual address.
# This output file may be truncated or incomplete.
#
#  Out of Memory Error (os_windows.cpp:3766), pid=24280, tid=2532
#
# JRE version: OpenJDK Runtime Environment (25.0.3) (build 25.0.3+-15898627-b508.16)
# Java VM: OpenJDK 64-Bit Server VM (25.0.3+-15898627-b508.16, mixed mode, tiered, compressed oops, compressed class ptrs, g1 gc, windows-amd64)
# No core dump will be written. Minidumps are not enabled by default on client versions of Windows
#

---------------  S U M M A R Y ------------

Command Line: --add-opens=java.base/java.lang=ALL-UNNAMED --add-opens=java.base/java.lang.invoke=ALL-UNNAMED --add-opens=java.base/java.util=ALL-UNNAMED --add-opens=java.prefs/java.util.prefs=ALL-UNNAMED --add-exports=jdk.compiler/com.sun.tools.javac.api=ALL-UNNAMED --add-exports=jdk.compiler/com.sun.tools.javac.util=ALL-UNNAMED --add-opens=java.base/java.nio.charset=ALL-UNNAMED --add-opens=java.base/java.net=ALL-UNNAMED --add-opens=java.base/java.util.concurrent=ALL-UNNAMED --add-opens=java.base/java.util.concurrent.atomic=ALL-UNNAMED --add-opens=java.xml/javax.xml.namespace=ALL-UNNAMED --add-opens=java.base/java.time=ALL-UNNAMED --enable-native-access=ALL-UNNAMED -Xmx2048m -Dfile.encoding=UTF-8 -Duser.country=BO -Duser.language=es -Duser.variant -javaagent:C:\Users\ABDUL\.gradle\wrapper\dists\gradle-9.6.0-bin\42k10rwplmzkhuboz9kdazi7s\gradle-9.6.0\lib\agents\gradle-instrumentation-agent-9.6.0.jar org.gradle.launcher.daemon.bootstrap.GradleDaemon 9.6.0

Host: 11th Gen Intel(R) Core(TM) i7-11800H @ 2.30GHz, 16 cores, 15G,  Windows 11 , 64 bit Build 26100 (10.0.26100.9168)
Time: Mon Oct  5 08:45:09 2026 Hora estándar de Venezuela elapsed time: 971.747074 seconds (0d 0h 16m 11s)

---------------  T H R E A D  ---------------

Current thread (0x000001b5fdb4b310):  WorkerThread "GC Thread#8"    [id=2532, stack(0x0000007da8100000,0x0000007da8200000) (1024K)]

Stack: [0x0000007da8100000,0x0000007da8200000]
Native frames: (J=compiled Java code, j=interpreted, Vv=VM code, C=native code)
V  [jvm.dll+0x7bf039]  (no source info available)
V  [jvm.dll+0x78912d]  (no source info available)
V  [jvm.dll+0xa0e615]  (no source info available)
V  [jvm.dll+0xa10c94]  (no source info available)
V  [jvm.dll+0xa11393]  (no source info available)
V  [jvm.dll+0x30a116]  (no source info available)
V  [jvm.dll+0x7bb145]  (no source info available)
V  [jvm.dll+0x7adc17]  (no source info available)
V  [jvm.dll+0x3fea3b]  (no source info available)
V  [jvm.dll+0x406bf6]  (no source info available)
V  [jvm.dll+0x3f2d81]  (no source info available)
V  [jvm.dll+0x3f3474]  (no source info available)
V  [jvm.dll+0x3f353d]  (no source info available)
V  [jvm.dll+0x3c9e6c]  (no source info available)
V  [jvm.dll+0x3c9bc0]  (no source info available)
V  [jvm.dll+0x3b8c75]  (no source info available)
V  [jvm.dll+0x3b9056]  (no source info available)
V  [jvm.dll+0x3b9c8b]  (no source info available)
V  [jvm.dll+0x3ba0f0]  (no source info available)
V  [jvm.dll+0x3b9b72]  (no source info available)
V  [jvm.dll+0x400835]  (no source info available)
V  [jvm.dll+0x400c17]  (no source info available)
V  [jvm.dll+0x400a1e]  (no source info available)
V  [jvm.dll+0x40f988]  (no source info available)
V  [jvm.dll+0x2a446c]  (no source info available)
V  [jvm.dll+0x3fe39b]  (no source info available)
V  [jvm.dll+0x2a65f8]  (no source info available)
V  [jvm.dll+0x41089e]  (no source info available)
V  [jvm.dll+0x4106e4]  (no source info available)
V  [jvm.dll+0x418474]  (no source info available)
V  [jvm.dll+0x4187c8]  (no source info available)
V  [jvm.dll+0xa41164]  (no source info available)
V  [jvm.dll+0x9ad738]  (no source info available)
V  [jvm.dll+0x7bd585]  (no source info available)
C  [ucrtbase.dll+0x2cd30]  (no source info available)
C  [KERNEL32.DLL+0x2ccb7]  (no source info available)
C  [ntdll.dll+0xaad6c]  (no source info available)


---------------  P R O C E S S  ---------------

Threads class SMR info:
_java_thread_list=0x000001b5960daa90, length=105, elements={
0x000001b5e39d93a0, 0x000001b5fbb8db90, 0x000001b5fbb91aa0, 0x000001b5fbb927c0,
0x000001b5fbba2180, 0x000001b5fbba2d40, 0x000001b5fc242d80, 0x000001b5fbbae270,
0x000001b5fc263340, 0x000001b5fc283f60, 0x000001b5fc659c60, 0x000001b5ff113930,
0x000001b5fdcbfb50, 0x000001b5fee54fc0, 0x000001b5fe980820, 0x000001b5fe97f880,
0x000001b5fe980ff0, 0x000001b5fe985640, 0x000001b5fbbab460, 0x000001b5ffae73a0,
0x000001b5ffae6bd0, 0x000001b5ffae6400, 0x000001b5ffae5460, 0x000001b584787670,
0x000001b5847895b0, 0x000001b5847866d0, 0x000001b584788de0, 0x000001b58478ad20,
0x000001b58478bcc0, 0x000001b58478b4f0, 0x000001b58478cc60, 0x000001b5ff9134c0,
0x000001b5ff915400, 0x000001b5ff913c90, 0x000001b5ff912cf0, 0x000001b5ff9182e0,
0x000001b5883a2410, 0x000001b587901af0, 0x000001b596115da0, 0x000001b5988181e0,
0x000001b598817240, 0x000001b59881a8f0, 0x000001b598817a10, 0x000001b598279fa0,
0x000001b598813b90, 0x000001b599c9db80, 0x000001b5910dcce0, 0x000001b5a8fd8110,
0x000001b5a7e3bd50, 0x000001b59b195ee0, 0x000001b5985d6720, 0x000001b5913fac80,
0x000001b598279000, 0x000001b598c18030, 0x000001b5983507c0, 0x000001b598260760,
0x000001b59834fff0, 0x000001b59834d8e0, 0x000001b59834e0b0, 0x000001b5985d4fb0,
0x000001b5985d5f50, 0x000001b5a02767a0, 0x000001b5a0276f70, 0x000001b598278060,
0x000001b5a9439890, 0x000001b5a94390c0, 0x000001b5a943a060, 0x000001b5a943b000,
0x000001b5a943b7d0, 0x000001b5a943c770, 0x000001b5a943bfa0, 0x000001b596b1e160,
0x000001b596b1f100, 0x000001b596b1f8d0, 0x000001b58513b5f0, 0x000001b585139e80,
0x000001b58513c590, 0x000001b58513d530, 0x000001b58513a650, 0x000001b58513bdc0,
0x000001b5905732a0, 0x000001b590572ad0, 0x000001b590573a70, 0x000001b598c18fd0,
0x000001b59b058dc0, 0x000001b59ac35070, 0x000001b59ac367e0, 0x000001b59ac36fb0,
0x000001b59ac37780, 0x000001b59ac36010, 0x000001b59ac37f50, 0x000001b5aad47350,
0x000001b5aad48ac0, 0x000001b5aad47b20, 0x000001b59b194f40, 0x000001b59b1966b0,
0x000001b59b197650, 0x000001b59086f960, 0x000001b59086e9c0, 0x000001b59086f190,
0x000001b597c96b70, 0x000001b5fba40820, 0x000001b5ff3df6d0, 0x000001b5ff3e06f0,
0x000001b5ff3e0f00
}

Java Threads: ( => current thread )
  0x000001b5e39d93a0 JavaThread "main"                              [_thread_blocked, id=18240, stack(0x0000007da5e00000,0x0000007da5f00000) (1024K)]
  0x000001b5fbb8db90 JavaThread "Common-Cleaner"             daemon [_thread_blocked, id=8504, stack(0x0000007da6600000,0x0000007da6700000) (1024K)]
  0x000001b5fbb91aa0 JavaThread "Reference Handler"          daemon [_thread_blocked, id=1704, stack(0x0000007da6700000,0x0000007da6800000) (1024K)]
  0x000001b5fbb927c0 JavaThread "Finalizer"                  daemon [_thread_blocked, id=23964, stack(0x0000007da6800000,0x0000007da6900000) (1024K)]
  0x000001b5fbba2180 JavaThread "Signal Dispatcher"          daemon [_thread_blocked, id=7852, stack(0x0000007da6900000,0x0000007da6a00000) (1024K)]
  0x000001b5fbba2d40 JavaThread "Attach Listener"            daemon [_thread_blocked, id=9472, stack(0x0000007da6a00000,0x0000007da6b00000) (1024K)]
  0x000001b5fc242d80 JavaThread "Service Thread"             daemon [_thread_blocked, id=14000, stack(0x0000007da6b00000,0x0000007da6c00000) (1024K)]
  0x000001b5fbbae270 JavaThread "Monitor Deflation Thread"   daemon [_thread_blocked, id=5620, stack(0x0000007da6c00000,0x0000007da6d00000) (1024K)]
  0x000001b5fc263340 JavaThread "C2 CompilerThread0"         daemon [_thread_blocked, id=1540, stack(0x0000007da6d00000,0x0000007da6e00000) (1024K)]
  0x000001b5fc283f60 JavaThread "C1 CompilerThread0"         daemon [_thread_blocked, id=10888, stack(0x0000007da6e00000,0x0000007da6f00000) (1024K)]
  0x000001b5fc659c60 JavaThread "Notification Thread"        daemon [_thread_blocked, id=3084, stack(0x0000007da7100000,0x0000007da7200000) (1024K)]
  0x000001b5ff113930 JavaThread "Daemon health stats"               [_thread_blocked, id=2236, stack(0x0000007da7c00000,0x0000007da7d00000) (1024K)]
  0x000001b5fdcbfb50 JavaThread "Incoming local TCP Connector on port 52419"        [_thread_in_native, id=1016, stack(0x0000007da7d00000,0x0000007da7e00000) (1024K)]
  0x000001b5fee54fc0 JavaThread "Daemon periodic checks"            [_thread_blocked, id=23568, stack(0x0000007da7e00000,0x0000007da7f00000) (1024K)]
  0x000001b5fe980820 JavaThread "Cache worker for journal cache (C:\Users\ABDUL\.gradle\caches\journal-1)"        [_thread_blocked, id=23092, stack(0x0000007da8f00000,0x0000007da9000000) (1024K)]
  0x000001b5fe97f880 JavaThread "File lock request listener"        [_thread_in_native, id=6780, stack(0x0000007da9000000,0x0000007da9100000) (1024K)]
  0x000001b5fe980ff0 JavaThread "Cache worker for file hash cache (C:\Users\ABDUL\.gradle\caches\9.6.0\fileHashes)"        [_thread_blocked, id=18592, stack(0x0000007da9100000,0x0000007da9200000) (1024K)]
  0x000001b5fe985640 JavaThread "File watcher server"        daemon [_thread_blocked, id=20080, stack(0x0000007da9200000,0x0000007da9300000) (1024K)]
  0x000001b5fbbab460 JavaThread "File watcher consumer"      daemon [_thread_blocked, id=13508, stack(0x0000007da9300000,0x0000007da9400000) (1024K)]
  0x000001b5ffae73a0 JavaThread "jar transforms"                    [_thread_blocked, id=17508, stack(0x0000007da9400000,0x0000007da9500000) (1024K)]
  0x000001b5ffae6bd0 JavaThread "jar transforms Thread 2"           [_thread_blocked, id=22084, stack(0x0000007da9500000,0x0000007da9600000) (1024K)]
  0x000001b5ffae6400 JavaThread "jar transforms Thread 3"           [_thread_blocked, id=5836, stack(0x0000007da9600000,0x0000007da9700000) (1024K)]
  0x000001b5ffae5460 JavaThread "jar transforms Thread 4"           [_thread_blocked, id=20692, stack(0x0000007da9700000,0x0000007da9800000) (1024K)]
  0x000001b584787670 JavaThread "jar transforms Thread 5"           [_thread_blocked, id=17208, stack(0x0000007da9800000,0x0000007da9900000) (1024K)]
  0x000001b5847895b0 JavaThread "jar transforms Thread 6"           [_thread_blocked, id=17504, stack(0x0000007da9900000,0x0000007da9a00000) (1024K)]
  0x000001b5847866d0 JavaThread "jar transforms Thread 7"           [_thread_blocked, id=14232, stack(0x0000007da9a00000,0x0000007da9b00000) (1024K)]
  0x000001b584788de0 JavaThread "jar transforms Thread 8"           [_thread_blocked, id=21660, stack(0x0000007da9b00000,0x0000007da9c00000) (1024K)]
  0x000001b58478ad20 JavaThread "jar transforms Thread 9"           [_thread_blocked, id=15984, stack(0x0000007da9c00000,0x0000007da9d00000) (1024K)]
  0x000001b58478bcc0 JavaThread "jar transforms Thread 10"          [_thread_blocked, id=9920, stack(0x0000007da9d00000,0x0000007da9e00000) (1024K)]
  0x000001b58478b4f0 JavaThread "jar transforms Thread 11"          [_thread_blocked, id=10264, stack(0x0000007da9e00000,0x0000007da9f00000) (1024K)]
  0x000001b58478cc60 JavaThread "jar transforms Thread 12"          [_thread_blocked, id=6560, stack(0x0000007da9f00000,0x0000007daa000000) (1024K)]
  0x000001b5ff9134c0 JavaThread "jar transforms Thread 13"          [_thread_blocked, id=22648, stack(0x0000007daa000000,0x0000007daa100000) (1024K)]
  0x000001b5ff915400 JavaThread "jar transforms Thread 14"          [_thread_blocked, id=12580, stack(0x0000007daa100000,0x0000007daa200000) (1024K)]
  0x000001b5ff913c90 JavaThread "jar transforms Thread 15"          [_thread_blocked, id=2788, stack(0x0000007daa200000,0x0000007daa300000) (1024K)]
  0x000001b5ff912cf0 JavaThread "jar transforms Thread 16"          [_thread_blocked, id=12308, stack(0x0000007daa300000,0x0000007daa400000) (1024K)]
  0x000001b5ff9182e0 JavaThread "Cache worker for file content cache (C:\Users\ABDUL\.gradle\caches\9.6.0\fileContent)"        [_thread_blocked, id=20976, stack(0x0000007daa400000,0x0000007daa500000) (1024K)]
  0x000001b5883a2410 JavaThread "Memory manager"                    [_thread_blocked, id=19832, stack(0x0000007da7400000,0x0000007da7500000) (1024K)]
  0x000001b587901af0 JavaThread "pool-3-thread-1"                   [_thread_blocked, id=11528, stack(0x0000007dabb00000,0x0000007dabc00000) (1024K)]
  0x000001b596115da0 JavaThread "pool-7-thread-1"                   [_thread_blocked, id=8172, stack(0x0000007dab900000,0x0000007daba00000) (1024K)]
  0x000001b5988181e0 JavaThread "RMI Scheduler(0)"           daemon [_thread_blocked, id=6300, stack(0x0000007daf600000,0x0000007daf700000) (1024K)]
  0x000001b598817240 JavaThread "RMI GC Daemon"              daemon [_thread_blocked, id=17608, stack(0x0000007daf800000,0x0000007daf900000) (1024K)]
  0x000001b59881a8f0 JavaThread "RMI TCP Accept-0"           daemon [_thread_in_native, id=18440, stack(0x0000007daf200000,0x0000007daf300000) (1024K)]
  0x000001b598817a10 JavaThread "RMI Reaper"                        [_thread_blocked, id=10420, stack(0x0000007daf900000,0x0000007dafa00000) (1024K)]
  0x000001b598279fa0 JavaThread "pool-12-thread-1"                  [_thread_blocked, id=5744, stack(0x0000007dac000000,0x0000007dac100000) (1024K)]
  0x000001b598813b90 JavaThread "pool-16-thread-1"                  [_thread_blocked, id=14416, stack(0x0000007dac900000,0x0000007daca00000) (1024K)]
  0x000001b599c9db80 JavaThread "pool-19-thread-1"                  [_thread_blocked, id=11848, stack(0x0000007dac300000,0x0000007dac400000) (1024K)]
  0x000001b5910dcce0 JavaThread "pool-23-thread-1"                  [_thread_blocked, id=20492, stack(0x0000007dac100000,0x0000007dac200000) (1024K)]
  0x000001b5a8fd8110 JavaThread "pool-25-thread-1"                  [_thread_blocked, id=7760, stack(0x0000007dabe00000,0x0000007dabf00000) (1024K)]
  0x000001b5a7e3bd50 JavaThread "pool-27-thread-1"                  [_thread_blocked, id=2768, stack(0x0000007dad100000,0x0000007dad200000) (1024K)]
  0x000001b59b195ee0 JavaThread "pool-29-thread-1"                  [_thread_blocked, id=10860, stack(0x0000007daba00000,0x0000007dabb00000) (1024K)]
  0x000001b5985d6720 JavaThread "pool-33-thread-1"                  [_thread_blocked, id=19852, stack(0x0000007dab600000,0x0000007dab700000) (1024K)]
  0x000001b5913fac80 JavaThread "pool-36-thread-1"                  [_thread_blocked, id=23044, stack(0x0000007dabd00000,0x0000007dabe00000) (1024K)]
  0x000001b598279000 JavaThread "pool-41-thread-1"                  [_thread_blocked, id=21696, stack(0x0000007dab700000,0x0000007dab800000) (1024K)]
  0x000001b598c18030 JavaThread "pool-43-thread-1"                  [_thread_blocked, id=8364, stack(0x0000007dac700000,0x0000007dac800000) (1024K)]
  0x000001b5983507c0 JavaThread "RMI TCP Connection(idle)"   daemon [_thread_blocked, id=15368, stack(0x0000007da5b00000,0x0000007da5c00000) (1024K)]
  0x000001b598260760 JavaThread "Daemon Thread 6"                   [_thread_blocked, id=3352, stack(0x0000007da5c00000,0x0000007da5d00000) (1024K)]
  0x000001b59834fff0 JavaThread "Handler for socket connection from /127.0.0.1:52419 to /127.0.0.1:51187"        [_thread_in_native, id=21412, stack(0x0000007da5d00000,0x0000007da5e00000) (1024K)]
  0x000001b59834d8e0 JavaThread "Cancel handler"                    [_thread_blocked, id=17972, stack(0x0000007da6f00000,0x0000007da7000000) (1024K)]
  0x000001b59834e0b0 JavaThread "Daemon worker Thread 6"            [_thread_blocked, id=11820, stack(0x0000007da7000000,0x0000007da7100000) (1024K)]
  0x000001b5985d4fb0 JavaThread "Asynchronous log dispatcher for DefaultDaemonConnection: socket connection from /127.0.0.1:52419 to /127.0.0.1:51187"        [_thread_blocked, id=10356, stack(0x0000007da7200000,0x0000007da7300000) (1024K)]
  0x000001b5985d5f50 JavaThread "Stdin handler"                     [_thread_blocked, id=8112, stack(0x0000007da7300000,0x0000007da7400000) (1024K)]
  0x000001b5a02767a0 JavaThread "Daemon client event forwarder"        [_thread_blocked, id=21976, stack(0x0000007da7500000,0x0000007da7600000) (1024K)]
  0x000001b5a0276f70 JavaThread "Cache worker for file hash cache (C:\Users\ABDUL\AndroidStudioProjects\TiendaDeportiva2\.gradle\9.6.0\fileHashes)"        [_thread_blocked, id=5304, stack(0x0000007da7600000,0x0000007da7700000) (1024K)]
  0x000001b598278060 JavaThread "Cache worker for Build Output Cleanup Cache (C:\Users\ABDUL\AndroidStudioProjects\TiendaDeportiva2\.gradle\buildOutputCleanup)"        [_thread_blocked, id=4360, stack(0x0000007da8800000,0x0000007da8900000) (1024K)]
  0x000001b5a9439890 JavaThread "Cache worker for checksums cache (C:\Users\ABDUL\AndroidStudioProjects\TiendaDeportiva2\.gradle\9.6.0\checksums)"        [_thread_blocked, id=12244, stack(0x0000007da8900000,0x0000007da8a00000) (1024K)]
  0x000001b5a94390c0 JavaThread "Cache worker for cache directory md-supplier (C:\Users\ABDUL\.gradle\caches\9.6.0\md-supplier)"        [_thread_blocked, id=21740, stack(0x0000007da8a00000,0x0000007da8b00000) (1024K)]
  0x000001b5a943a060 JavaThread "Cache worker for cache directory md-rule (C:\Users\ABDUL\.gradle\caches\9.6.0\md-rule)"        [_thread_blocked, id=20760, stack(0x0000007da8b00000,0x0000007da8c00000) (1024K)]
  0x000001b5a943b000 JavaThread "Build operations"                  [_thread_blocked, id=19872, stack(0x0000007da8c00000,0x0000007da8d00000) (1024K)]
  0x000001b5a943b7d0 JavaThread "Build operations Thread 2"         [_thread_blocked, id=18444, stack(0x0000007da8d00000,0x0000007da8e00000) (1024K)]
  0x000001b5a943c770 JavaThread "Build operations Thread 3"         [_thread_blocked, id=14804, stack(0x0000007da8e00000,0x0000007da8f00000) (1024K)]
  0x000001b5a943bfa0 JavaThread "Build operations Thread 4"         [_thread_blocked, id=10596, stack(0x0000007daa500000,0x0000007daa600000) (1024K)]
  0x000001b596b1e160 JavaThread "Build operations Thread 5"         [_thread_blocked, id=8056, stack(0x0000007daa600000,0x0000007daa700000) (1024K)]
  0x000001b596b1f100 JavaThread "Build operations Thread 6"         [_thread_blocked, id=6736, stack(0x0000007daa700000,0x0000007daa800000) (1024K)]
  0x000001b596b1f8d0 JavaThread "Build operations Thread 7"         [_thread_blocked, id=23584, stack(0x0000007daa800000,0x0000007daa900000) (1024K)]
  0x000001b58513b5f0 JavaThread "Build operations Thread 8"         [_thread_blocked, id=9968, stack(0x0000007daa900000,0x0000007daaa00000) (1024K)]
  0x000001b585139e80 JavaThread "Build operations Thread 9"         [_thread_blocked, id=10424, stack(0x0000007daaa00000,0x0000007daab00000) (1024K)]
  0x000001b58513c590 JavaThread "Build operations Thread 10"        [_thread_blocked, id=13524, stack(0x0000007daab00000,0x0000007daac00000) (1024K)]
  0x000001b58513d530 JavaThread "Build operations Thread 11"        [_thread_blocked, id=21624, stack(0x0000007daac00000,0x0000007daad00000) (1024K)]
  0x000001b58513a650 JavaThread "Build operations Thread 12"        [_thread_blocked, id=16432, stack(0x0000007daad00000,0x0000007daae00000) (1024K)]
  0x000001b58513bdc0 JavaThread "Build operations Thread 13"        [_thread_blocked, id=5324, stack(0x0000007daae00000,0x0000007daaf00000) (1024K)]
  0x000001b5905732a0 JavaThread "Build operations Thread 14"        [_thread_blocked, id=18732, stack(0x0000007daaf00000,0x0000007dab000000) (1024K)]
  0x000001b590572ad0 JavaThread "Build operations Thread 15"        [_thread_blocked, id=24120, stack(0x0000007dab000000,0x0000007dab100000) (1024K)]
  0x000001b590573a70 JavaThread "Build operations Thread 16"        [_thread_blocked, id=7376, stack(0x0000007dab100000,0x0000007dab200000) (1024K)]
  0x000001b598c18fd0 JavaThread "pool-46-thread-1"                  [_thread_blocked, id=19224, stack(0x0000007dab200000,0x0000007dab300000) (1024K)]
  0x000001b59b058dc0 JavaThread "included builds"                   [_thread_blocked, id=17564, stack(0x0000007dab300000,0x0000007dab400000) (1024K)]
  0x000001b59ac35070 JavaThread "Execution worker"                  [_thread_blocked, id=2700, stack(0x0000007dab400000,0x0000007dab500000) (1024K)]
  0x000001b59ac367e0 JavaThread "Execution worker Thread 2"         [_thread_blocked, id=11208, stack(0x0000007dab500000,0x0000007dab600000) (1024K)]
  0x000001b59ac36fb0 JavaThread "Execution worker Thread 3"         [_thread_blocked, id=14792, stack(0x0000007dab800000,0x0000007dab900000) (1024K)]
  0x000001b59ac37780 JavaThread "Execution worker Thread 4"         [_thread_blocked, id=10936, stack(0x0000007dabc00000,0x0000007dabd00000) (1024K)]
  0x000001b59ac36010 JavaThread "Execution worker Thread 5"         [_thread_blocked, id=15176, stack(0x0000007dabf00000,0x0000007dac000000) (1024K)]
  0x000001b59ac37f50 JavaThread "Execution worker Thread 6"         [_thread_blocked, id=14176, stack(0x0000007dac200000,0x0000007dac300000) (1024K)]
  0x000001b5aad47350 JavaThread "Execution worker Thread 7"         [_thread_blocked, id=13452, stack(0x0000007dac400000,0x0000007dac500000) (1024K)]
  0x000001b5aad48ac0 JavaThread "Execution worker Thread 8"         [_thread_blocked, id=24560, stack(0x0000007dac500000,0x0000007dac600000) (1024K)]
  0x000001b5aad47b20 JavaThread "Execution worker Thread 9"         [_thread_blocked, id=8168, stack(0x0000007dac600000,0x0000007dac700000) (1024K)]
  0x000001b59b194f40 JavaThread "Execution worker Thread 10"        [_thread_blocked, id=13832, stack(0x0000007dac800000,0x0000007dac900000) (1024K)]
  0x000001b59b1966b0 JavaThread "Execution worker Thread 11"        [_thread_blocked, id=15896, stack(0x0000007daca00000,0x0000007dacb00000) (1024K)]
  0x000001b59b197650 JavaThread "Execution worker Thread 12"        [_thread_blocked, id=8860, stack(0x0000007dacb00000,0x0000007dacc00000) (1024K)]
  0x000001b59086f960 JavaThread "Execution worker Thread 13"        [_thread_blocked, id=9804, stack(0x0000007dacc00000,0x0000007dacd00000) (1024K)]
  0x000001b59086e9c0 JavaThread "Execution worker Thread 14"        [_thread_blocked, id=11424, stack(0x0000007dacd00000,0x0000007dace00000) (1024K)]
  0x000001b59086f190 JavaThread "Execution worker Thread 15"        [_thread_blocked, id=2896, stack(0x0000007dace00000,0x0000007dacf00000) (1024K)]
  0x000001b597c96b70 JavaThread "Cache worker for execution history cache (C:\Users\ABDUL\AndroidStudioProjects\TiendaDeportiva2\.gradle\9.6.0\executionHistory)"        [_thread_blocked, id=23712, stack(0x0000007dacf00000,0x0000007dad000000) (1024K)]
  0x000001b5fba40820 JavaThread "idea-tooling-model-converter"        [_thread_blocked, id=2188, stack(0x0000007dad000000,0x0000007dad100000) (1024K)]
  0x000001b5ff3df6d0 JavaThread "C1 CompilerThread1"         daemon [_thread_blocked, id=10332, stack(0x0000007dad200000,0x0000007dad300000) (1024K)]
  0x000001b5ff3e06f0 JavaThread "C1 CompilerThread2"         daemon [_thread_blocked, id=13896, stack(0x0000007dad300000,0x0000007dad400000) (1024K)]
  0x000001b5ff3e0f00 JavaThread "C1 CompilerThread3"         daemon [_thread_blocked, id=14408, stack(0x0000007dad400000,0x0000007dad500000) (1024K)]
Total: 105

Other Threads:
  0x000001b5fbb666a0 VMThread "VM Thread"                           [id=17496, stack(0x0000007da6500000,0x0000007da6600000) (1024K)]
  0x000001b5fbb27910 WatcherThread "VM Periodic Task Thread"        [id=20792, stack(0x0000007da6400000,0x0000007da6500000) (1024K)]
  0x000001b5e3a37d80 WorkerThread "GC Thread#0"                     [id=22644, stack(0x0000007da5f00000,0x0000007da6000000) (1024K)]
  0x000001b5fd8c3bc0 WorkerThread "GC Thread#1"                     [id=23804, stack(0x0000007da7700000,0x0000007da7800000) (1024K)]
  0x000001b5fd8c4810 WorkerThread "GC Thread#2"                     [id=13488, stack(0x0000007da7800000,0x0000007da7900000) (1024K)]
  0x000001b5fd8c5050 WorkerThread "GC Thread#3"                     [id=6812, stack(0x0000007da7900000,0x0000007da7a00000) (1024K)]
  0x000001b5fd8c5a90 WorkerThread "GC Thread#4"                     [id=16012, stack(0x0000007da7a00000,0x0000007da7b00000) (1024K)]
  0x000001b5fc64f750 WorkerThread "GC Thread#5"                     [id=6308, stack(0x0000007da7b00000,0x0000007da7c00000) (1024K)]
  0x000001b5fdb46e10 WorkerThread "GC Thread#6"                     [id=11828, stack(0x0000007da7f00000,0x0000007da8000000) (1024K)]
  0x000001b5fdb4aec0 WorkerThread "GC Thread#7"                     [id=20216, stack(0x0000007da8000000,0x0000007da8100000) (1024K)]
=>0x000001b5fdb4b310 WorkerThread "GC Thread#8"                     [id=2532, stack(0x0000007da8100000,0x0000007da8200000) (1024K)]
  0x000001b5fdb476b0 WorkerThread "GC Thread#9"                     [id=14224, stack(0x0000007da8200000,0x0000007da8300000) (1024K)]
  0x000001b5fdb4b760 WorkerThread "GC Thread#10"                    [id=20568, stack(0x0000007da8300000,0x0000007da8400000) (1024K)]
  0x000001b5fdb4c000 WorkerThread "GC Thread#11"                    [id=15208, stack(0x0000007da8400000,0x0000007da8500000) (1024K)]
  0x000001b5fdb4bbb0 WorkerThread "GC Thread#12"                    [id=2472, stack(0x0000007da8500000,0x0000007da8600000) (1024K)]
  0x000001b5e3a50e50 ConcurrentGCThread "G1 Main Marker"            [id=8416, stack(0x0000007da6000000,0x0000007da6100000) (1024K)]
  0x000001b5e3a547e0 WorkerThread "G1 Conc#0"                       [id=17436, stack(0x0000007da6100000,0x0000007da6200000) (1024K)]
  0x000001b5fdb4c450 WorkerThread "G1 Conc#1"                       [id=13768, stack(0x0000007da8600000,0x0000007da8700000) (1024K)]
  0x000001b5fdb4c8a0 WorkerThread "G1 Conc#2"                       [id=19672, stack(0x0000007da8700000,0x0000007da8800000) (1024K)]
  0x000001b5fb9fc380 ConcurrentGCThread "G1 Refine#0"               [id=10676, stack(0x0000007da6200000,0x0000007da6300000) (1024K)]
  0x000001b5fb9fcc40 ConcurrentGCThread "G1 Service"                [id=8808, stack(0x0000007da6300000,0x0000007da6400000) (1024K)]
Total: 21

Threads with active compile tasks:
Total: 0

VM state: at safepoint (normal execution)

VM Mutex/Monitor currently owned by a thread:  ([mutex/lock_event])
[0x00007ffda0c950a8] FreeList_lock - owner thread: 0x000001b5fdb4b310
[0x00007ffda0c97928] Threads_lock - owner thread: 0x000001b5fbb666a0
[0x00007ffda0c97aa8] Heap_lock - owner thread: 0x000001b59834e0b0

Heap address: 0x0000000080000000, size: 2048 MB, Compressed Oops mode: 32-bit

CDS archive(s) not mapped
Compressed class space mapped at: 0x0000000037000000-0x0000000077000000, reserved size: 1073741824
UseCompressedClassPointers 1, UseCompactObjectHeaders 0
Narrow klass pointer bits 32, Max shift 3
Narrow klass base: 0x0000000000000000, Narrow klass shift: 0
Encoding Range: [0x0000000000000000 - 0x0000000100000000), (4294967296 bytes)
Klass Range:    [0x0000000037000000 - 0x0000000077000000), (1073741824 bytes)
Klass ID Range:  [922746880 - 1996488697) (1073741817)
No protection zone.

GC Precious Log:
 CardTable entry size: 512
 Card Set container configuration: InlinePtr #cards 5 size 8 Array Of Cards #cards 10 size 36 Howl #buckets 4 coarsen threshold 1843 Howl Bitmap #cards 512 size 80 coarsen threshold 460 Card regions per heap region 1 cards per card region 2048
 CPUs: 16 total, 16 available
 Memory: 16085M
 Large Page Support: Disabled
 NUMA Support: Disabled
 Compressed Oops: Enabled (32-bit)
 Heap Region Size: 1M
 Heap Min Capacity: 8M
 Heap Initial Capacity: 252M
 Heap Max Capacity: 2G
 Pre-touch: Disabled
 Parallel Workers: 13
 Concurrent Workers: 3
 Concurrent Refinement Workers: 13
 Periodic GC: Disabled

Heap:
 garbage-first heap   total reserved 2097152K, committed 1452032K, used 1370624K [0x0000000080000000, 0x0000000100000000)
  region size 1024K, 808 young (827392K), 43 survivors (44032K)

Heap Regions: E=young(eden), S=young(survivor), O=old, HS=humongous(starts), HC=humongous(continues), CS=collection set, F=free, TAMS=top-at-mark-start, PB=parsable bottom
|   0|0x0000000080000000, 0x0000000080100000, 0x0000000080100000|100%|HS|  |TAMS 0x0000000080000000| PB 0x0000000080000000| Complete |  0
|   1|0x0000000080100000, 0x0000000080200000, 0x0000000080200000|100%|HC|  |TAMS 0x0000000080100000| PB 0x0000000080100000| Complete |  0
|   2|0x0000000080200000, 0x0000000080300000, 0x0000000080300000|100%|HC|  |TAMS 0x0000000080200000| PB 0x0000000080200000| Complete |  0
|   3|0x0000000080300000, 0x0000000080400000, 0x0000000080400000|100%|HC|  |TAMS 0x0000000080300000| PB 0x0000000080300000| Complete |  0
|   4|0x0000000080400000, 0x0000000080500000, 0x0000000080500000|100%| O|  |TAMS 0x0000000080400000| PB 0x0000000080400000| Untracked |  0
|   5|0x0000000080500000, 0x0000000080600000, 0x0000000080600000|100%| O|  |TAMS 0x0000000080500000| PB 0x0000000080500000| Untracked |  0
|   6|0x0000000080600000, 0x0000000080700000, 0x0000000080700000|100%| O|  |TAMS 0x0000000080600000| PB 0x0000000080600000| Untracked |  0
|   7|0x0000000080700000, 0x0000000080800000, 0x0000000080800000|100%|HS|  |TAMS 0x0000000080700000| PB 0x0000000080700000| Complete |  0
|   8|0x0000000080800000, 0x0000000080900000, 0x0000000080900000|100%| O|  |TAMS 0x0000000080800000| PB 0x0000000080800000| Untracked |  0
|   9|0x0000000080900000, 0x0000000080a00000, 0x0000000080a00000|100%| O|  |TAMS 0x0000000080900000| PB 0x0000000080900000| Untracked |  0
|  10|0x0000000080a00000, 0x0000000080b00000, 0x0000000080b00000|100%| O|  |TAMS 0x0000000080a00000| PB 0x0000000080a00000| Untracked |  0
|  11|0x0000000080b00000, 0x0000000080c00000, 0x0000000080c00000|100%| O|  |TAMS 0x0000000080b00000| PB 0x0000000080b00000| Untracked |  0
|  12|0x0000000080c00000, 0x0000000080d00000, 0x0000000080d00000|100%| O|  |TAMS 0x0000000080c00000| PB 0x0000000080c00000| Untracked |  0
|  13|0x0000000080d00000, 0x0000000080e00000, 0x0000000080e00000|100%| O|  |TAMS 0x0000000080d00000| PB 0x0000000080d00000| Untracked |  0
|  14|0x0000000080e00000, 0x0000000080f00000, 0x0000000080f00000|100%| O|  |TAMS 0x0000000080e00000| PB 0x0000000080e00000| Untracked |  0
|  15|0x0000000080f00000, 0x0000000081000000, 0x0000000081000000|100%| O|  |TAMS 0x0000000080f00000| PB 0x0000000080f00000| Untracked |  0
|  16|0x0000000081000000, 0x0000000081100000, 0x0000000081100000|100%| O|  |TAMS 0x0000000081000000| PB 0x0000000081000000| Untracked |  0
|  17|0x0000000081100000, 0x0000000081200000, 0x0000000081200000|100%|HS|  |TAMS 0x0000000081100000| PB 0x0000000081100000| Complete |  0
|  18|0x0000000081200000, 0x0000000081300000, 0x0000000081300000|100%|HS|  |TAMS 0x0000000081200000| PB 0x0000000081200000| Complete |  0
|  19|0x0000000081300000, 0x0000000081400000, 0x0000000081400000|100%|HC|  |TAMS 0x0000000081300000| PB 0x0000000081300000| Complete |  0
|  20|0x0000000081400000, 0x0000000081500000, 0x0000000081500000|100%|HC|  |TAMS 0x0000000081400000| PB 0x0000000081400000| Complete |  0
|  21|0x0000000081500000, 0x0000000081600000, 0x0000000081600000|100%|HC|  |TAMS 0x0000000081500000| PB 0x0000000081500000| Complete |  0
|  22|0x0000000081600000, 0x0000000081700000, 0x0000000081700000|100%|HC|  |TAMS 0x0000000081600000| PB 0x0000000081600000| Complete |  0
|  23|0x0000000081700000, 0x0000000081800000, 0x0000000081800000|100%|HC|  |TAMS 0x0000000081700000| PB 0x0000000081700000| Complete |  0
|  24|0x0000000081800000, 0x0000000081900000, 0x0000000081900000|100%|HS|  |TAMS 0x0000000081800000| PB 0x0000000081800000| Complete |  0
|  25|0x0000000081900000, 0x0000000081a00000, 0x0000000081a00000|100%|HS|  |TAMS 0x0000000081900000| PB 0x0000000081900000| Complete |  0
|  26|0x0000000081a00000, 0x0000000081b00000, 0x0000000081b00000|100%|HS|  |TAMS 0x0000000081a00000| PB 0x0000000081a00000| Complete |  0
|  27|0x0000000081b00000, 0x0000000081c00000, 0x0000000081c00000|100%|HC|  |TAMS 0x0000000081b00000| PB 0x0000000081b00000| Complete |  0
|  28|0x0000000081c00000, 0x0000000081d00000, 0x0000000081d00000|100%|HC|  |TAMS 0x0000000081c00000| PB 0x0000000081c00000| Complete |  0
|  29|0x0000000081d00000, 0x0000000081e00000, 0x0000000081e00000|100%|HC|  |TAMS 0x0000000081d00000| PB 0x0000000081d00000| Complete |  0
|  30|0x0000000081e00000, 0x0000000081f00000, 0x0000000081f00000|100%|HC|  |TAMS 0x0000000081e00000| PB 0x0000000081e00000| Complete |  0
|  31|0x0000000081f00000, 0x0000000082000000, 0x0000000082000000|100%|HC|  |TAMS 0x0000000081f00000| PB 0x0000000081f00000| Complete |  0
|  32|0x0000000082000000, 0x0000000082100000, 0x0000000082100000|100%|HS|  |TAMS 0x0000000082000000| PB 0x0000000082000000| Complete |  0
|  33|0x0000000082100000, 0x0000000082200000, 0x0000000082200000|100%| O|  |TAMS 0x0000000082100000| PB 0x0000000082100000| Untracked |  0
|  34|0x0000000082200000, 0x0000000082300000, 0x0000000082300000|100%| O|  |TAMS 0x0000000082200000| PB 0x0000000082200000| Untracked |  0
|  35|0x0000000082300000, 0x0000000082400000, 0x0000000082400000|100%| O|  |TAMS 0x0000000082300000| PB 0x0000000082300000| Untracked |  0
|  36|0x0000000082400000, 0x0000000082500000, 0x0000000082500000|100%|HS|  |TAMS 0x0000000082400000| PB 0x0000000082400000| Complete |  0
|  37|0x0000000082500000, 0x0000000082600000, 0x0000000082600000|100%| O|  |TAMS 0x0000000082500000| PB 0x0000000082500000| Untracked |  0
|  38|0x0000000082600000, 0x0000000082700000, 0x0000000082700000|100%| O|  |TAMS 0x0000000082600000| PB 0x0000000082600000| Untracked |  0
|  39|0x0000000082700000, 0x0000000082800000, 0x0000000082800000|100%| O|  |TAMS 0x0000000082700000| PB 0x0000000082700000| Untracked |  0
|  40|0x0000000082800000, 0x0000000082900000, 0x0000000082900000|100%| O|  |TAMS 0x0000000082800000| PB 0x0000000082800000| Untracked |  0
|  41|0x0000000082900000, 0x0000000082a00000, 0x0000000082a00000|100%| O|  |TAMS 0x0000000082900000| PB 0x0000000082900000| Untracked |  0
|  42|0x0000000082a00000, 0x0000000082b00000, 0x0000000082b00000|100%| O|  |TAMS 0x0000000082a00000| PB 0x0000000082a00000| Untracked |  0
|  43|0x0000000082b00000, 0x0000000082c00000, 0x0000000082c00000|100%| O|  |TAMS 0x0000000082b00000| PB 0x0000000082b00000| Untracked |  0
|  44|0x0000000082c00000, 0x0000000082d00000, 0x0000000082d00000|100%| O|  |TAMS 0x0000000082c00000| PB 0x0000000082c00000| Untracked |  0
|  45|0x0000000082d00000, 0x0000000082e00000, 0x0000000082e00000|100%| O|  |TAMS 0x0000000082d00000| PB 0x0000000082d00000| Untracked |  0
|  46|0x0000000082e00000, 0x0000000082f00000, 0x0000000082f00000|100%| O|  |TAMS 0x0000000082e00000| PB 0x0000000082e00000| Untracked |  0
|  47|0x0000000082f00000, 0x0000000083000000, 0x0000000083000000|100%| O|  |TAMS 0x0000000082f00000| PB 0x0000000082f00000| Untracked |  0
|  48|0x0000000083000000, 0x0000000083100000, 0x0000000083100000|100%| O|  |TAMS 0x0000000083000000| PB 0x0000000083000000| Untracked |  0
|  49|0x0000000083100000, 0x0000000083200000, 0x0000000083200000|100%| O|  |TAMS 0x0000000083100000| PB 0x0000000083100000| Untracked |  0
|  50|0x0000000083200000, 0x0000000083300000, 0x0000000083300000|100%| O|  |TAMS 0x0000000083200000| PB 0x0000000083200000| Untracked |  0
|  51|0x0000000083300000, 0x0000000083400000, 0x0000000083400000|100%| O|  |TAMS 0x0000000083300000| PB 0x0000000083300000| Untracked |  0
|  52|0x0000000083400000, 0x0000000083500000, 0x0000000083500000|100%| O|  |TAMS 0x0000000083400000| PB 0x0000000083400000| Untracked |  0
|  53|0x0000000083500000, 0x0000000083600000, 0x0000000083600000|100%| O|  |TAMS 0x0000000083500000| PB 0x0000000083500000| Untracked |  0
|  54|0x0000000083600000, 0x0000000083700000, 0x0000000083700000|100%| O|  |TAMS 0x0000000083600000| PB 0x0000000083600000| Untracked |  0
|  55|0x0000000083700000, 0x0000000083800000, 0x0000000083800000|100%| O|  |TAMS 0x0000000083700000| PB 0x0000000083700000| Untracked |  0
|  56|0x0000000083800000, 0x0000000083900000, 0x0000000083900000|100%| O|  |TAMS 0x0000000083800000| PB 0x0000000083800000| Untracked |  0
|  57|0x0000000083900000, 0x0000000083a00000, 0x0000000083a00000|100%| O|  |TAMS 0x0000000083900000| PB 0x0000000083900000| Untracked |  0
|  58|0x0000000083a00000, 0x0000000083b00000, 0x0000000083b00000|100%| O|  |TAMS 0x0000000083a00000| PB 0x0000000083a00000| Untracked |  0
|  59|0x0000000083b00000, 0x0000000083c00000, 0x0000000083c00000|100%| O|  |TAMS 0x0000000083b00000| PB 0x0000000083b00000| Untracked |  0
|  60|0x0000000083c00000, 0x0000000083d00000, 0x0000000083d00000|100%|HS|  |TAMS 0x0000000083c00000| PB 0x0000000083c00000| Complete |  0
|  61|0x0000000083d00000, 0x0000000083e00000, 0x0000000083e00000|100%| O|  |TAMS 0x0000000083d00000| PB 0x0000000083d00000| Untracked |  0
|  62|0x0000000083e00000, 0x0000000083f00000, 0x0000000083f00000|100%| O|  |TAMS 0x0000000083e00000| PB 0x0000000083e00000| Untracked |  0
|  63|0x0000000083f00000, 0x0000000084000000, 0x0000000084000000|100%| O|  |TAMS 0x0000000083f00000| PB 0x0000000083f00000| Untracked |  0
|  64|0x0000000084000000, 0x0000000084100000, 0x0000000084100000|100%| O|  |TAMS 0x0000000084000000| PB 0x0000000084000000| Untracked |  0
|  65|0x0000000084100000, 0x0000000084200000, 0x0000000084200000|100%| O|  |TAMS 0x0000000084100000| PB 0x0000000084100000| Untracked |  0
|  66|0x0000000084200000, 0x0000000084300000, 0x0000000084300000|100%| O|  |TAMS 0x0000000084200000| PB 0x0000000084200000| Untracked |  0
|  67|0x0000000084300000, 0x0000000084400000, 0x0000000084400000|100%| O|  |TAMS 0x0000000084300000| PB 0x0000000084300000| Untracked |  0
|  68|0x0000000084400000, 0x0000000084500000, 0x0000000084500000|100%| O|Cm|TAMS 0x0000000084400000| PB 0x0000000084400000| Complete |  0
|  69|0x0000000084500000, 0x0000000084600000, 0x0000000084600000|100%| O|Cm|TAMS 0x0000000084500000| PB 0x0000000084500000| Complete |  0
|  70|0x0000000084600000, 0x0000000084700000, 0x0000000084700000|100%| O|  |TAMS 0x0000000084600000| PB 0x0000000084600000| Untracked |  0
|  71|0x0000000084700000, 0x0000000084800000, 0x0000000084800000|100%| O|Cm|TAMS 0x0000000084700000| PB 0x0000000084700000| Complete |  0
|  72|0x0000000084800000, 0x0000000084900000, 0x0000000084900000|100%|HS|  |TAMS 0x0000000084800000| PB 0x0000000084800000| Complete |  0
|  73|0x0000000084900000, 0x0000000084a00000, 0x0000000084a00000|100%| O|  |TAMS 0x0000000084900000| PB 0x0000000084900000| Untracked |  0
|  74|0x0000000084a00000, 0x0000000084b00000, 0x0000000084b00000|100%| O|  |TAMS 0x0000000084a00000| PB 0x0000000084a00000| Untracked |  0
|  75|0x0000000084b00000, 0x0000000084c00000, 0x0000000084c00000|100%| O|  |TAMS 0x0000000084b00000| PB 0x0000000084b00000| Untracked |  0
|  76|0x0000000084c00000, 0x0000000084d00000, 0x0000000084d00000|100%| O|  |TAMS 0x0000000084c00000| PB 0x0000000084c00000| Untracked |  0
|  77|0x0000000084d00000, 0x0000000084e00000, 0x0000000084e00000|100%| O|  |TAMS 0x0000000084d00000| PB 0x0000000084d00000| Untracked |  0
|  78|0x0000000084e00000, 0x0000000084f00000, 0x0000000084f00000|100%|HS|  |TAMS 0x0000000084e00000| PB 0x0000000084e00000| Complete |  0
|  79|0x0000000084f00000, 0x0000000085000000, 0x0000000085000000|100%|HC|  |TAMS 0x0000000084f00000| PB 0x0000000084f00000| Complete |  0
|  80|0x0000000085000000, 0x0000000085100000, 0x0000000085100000|100%| O|  |TAMS 0x0000000085000000| PB 0x0000000085000000| Untracked |  0
|  81|0x0000000085100000, 0x0000000085200000, 0x0000000085200000|100%| O|  |TAMS 0x0000000085100000| PB 0x0000000085100000| Untracked |  0
|  82|0x0000000085200000, 0x0000000085300000, 0x0000000085300000|100%| O|  |TAMS 0x0000000085200000| PB 0x0000000085200000| Untracked |  0
|  83|0x0000000085300000, 0x0000000085400000, 0x0000000085400000|100%| O|Cm|TAMS 0x0000000085300000| PB 0x0000000085300000| Complete |  0
|  84|0x0000000085400000, 0x0000000085500000, 0x0000000085500000|100%| O|  |TAMS 0x0000000085400000| PB 0x0000000085400000| Untracked |  0
|  85|0x0000000085500000, 0x0000000085600000, 0x0000000085600000|100%| O|  |TAMS 0x0000000085500000| PB 0x0000000085500000| Untracked |  0
|  86|0x0000000085600000, 0x0000000085700000, 0x0000000085700000|100%| O|  |TAMS 0x0000000085600000| PB 0x0000000085600000| Untracked |  0
|  87|0x0000000085700000, 0x0000000085800000, 0x0000000085800000|100%| O|  |TAMS 0x0000000085700000| PB 0x0000000085700000| Untracked |  0
|  88|0x0000000085800000, 0x0000000085900000, 0x0000000085900000|100%| O|  |TAMS 0x0000000085800000| PB 0x0000000085800000| Untracked |  0
|  89|0x0000000085900000, 0x0000000085a00000, 0x0000000085a00000|100%| O|  |TAMS 0x0000000085900000| PB 0x0000000085900000| Untracked |  0
|  90|0x0000000085a00000, 0x0000000085b00000, 0x0000000085b00000|100%| O|  |TAMS 0x0000000085a00000| PB 0x0000000085a00000| Untracked |  0
|  91|0x0000000085b00000, 0x0000000085c00000, 0x0000000085c00000|100%| O|  |TAMS 0x0000000085b00000| PB 0x0000000085b00000| Untracked |  0
|  92|0x0000000085c00000, 0x0000000085d00000, 0x0000000085d00000|100%|HS|  |TAMS 0x0000000085c00000| PB 0x0000000085c00000| Complete |  0
|  93|0x0000000085d00000, 0x0000000085e00000, 0x0000000085e00000|100%| O|Cm|TAMS 0x0000000085d00000| PB 0x0000000085d00000| Complete |  0
|  94|0x0000000085e00000, 0x0000000085f00000, 0x0000000085f00000|100%| O|  |TAMS 0x0000000085e00000| PB 0x0000000085e00000| Untracked |  0
|  95|0x0000000085f00000, 0x0000000086000000, 0x0000000086000000|100%|HS|  |TAMS 0x0000000085f00000| PB 0x0000000085f00000| Complete |  0
|  96|0x0000000086000000, 0x0000000086100000, 0x0000000086100000|100%|HS|  |TAMS 0x0000000086000000| PB 0x0000000086000000| Complete |  0
|  97|0x0000000086100000, 0x0000000086200000, 0x0000000086200000|100%|HS|  |TAMS 0x0000000086100000| PB 0x0000000086100000| Complete |  0
|  98|0x0000000086200000, 0x0000000086300000, 0x0000000086300000|100%|HS|  |TAMS 0x0000000086200000| PB 0x0000000086200000| Complete |  0
|  99|0x0000000086300000, 0x0000000086400000, 0x0000000086400000|100%|HS|  |TAMS 0x0000000086300000| PB 0x0000000086300000| Complete |  0
| 100|0x0000000086400000, 0x0000000086500000, 0x0000000086500000|100%|HC|  |TAMS 0x0000000086400000| PB 0x0000000086400000| Complete |  0
| 101|0x0000000086500000, 0x0000000086600000, 0x0000000086600000|100%|HS|  |TAMS 0x0000000086500000| PB 0x0000000086500000| Complete |  0
| 102|0x0000000086600000, 0x0000000086700000, 0x0000000086700000|100%|HS|  |TAMS 0x0000000086600000| PB 0x0000000086600000| Complete |  0
| 103|0x0000000086700000, 0x0000000086800000, 0x0000000086800000|100%|HS|  |TAMS 0x0000000086700000| PB 0x0000000086700000| Complete |  0
| 104|0x0000000086800000, 0x0000000086900000, 0x0000000086900000|100%|HS|  |TAMS 0x0000000086800000| PB 0x0000000086800000| Complete |  0
| 105|0x0000000086900000, 0x0000000086a00000, 0x0000000086a00000|100%| O|  |TAMS 0x0000000086900000| PB 0x0000000086900000| Untracked |  0
| 106|0x0000000086a00000, 0x0000000086b00000, 0x0000000086b00000|100%| O|  |TAMS 0x0000000086a00000| PB 0x0000000086a00000| Untracked |  0
| 107|0x0000000086b00000, 0x0000000086c00000, 0x0000000086c00000|100%| O|  |TAMS 0x0000000086b00000| PB 0x0000000086b00000| Untracked |  0
| 108|0x0000000086c00000, 0x0000000086d00000, 0x0000000086d00000|100%| O|  |TAMS 0x0000000086c00000| PB 0x0000000086c00000| Untracked |  0
| 109|0x0000000086d00000, 0x0000000086e00000, 0x0000000086e00000|100%| O|  |TAMS 0x0000000086d00000| PB 0x0000000086d00000| Untracked |  0
| 110|0x0000000086e00000, 0x0000000086f00000, 0x0000000086f00000|100%|HS|  |TAMS 0x0000000086e00000| PB 0x0000000086e00000| Complete |  0
| 111|0x0000000086f00000, 0x0000000087000000, 0x0000000087000000|100%|HC|  |TAMS 0x0000000086f00000| PB 0x0000000086f00000| Complete |  0
| 112|0x0000000087000000, 0x0000000087100000, 0x0000000087100000|100%|HS|  |TAMS 0x0000000087000000| PB 0x0000000087000000| Complete |  0
| 113|0x0000000087100000, 0x0000000087200000, 0x0000000087200000|100%|HC|  |TAMS 0x0000000087100000| PB 0x0000000087100000| Complete |  0
| 114|0x0000000087200000, 0x0000000087300000, 0x0000000087300000|100%| O|  |TAMS 0x0000000087200000| PB 0x0000000087200000| Untracked |  0
| 115|0x0000000087300000, 0x0000000087400000, 0x0000000087400000|100%| O|  |TAMS 0x0000000087300000| PB 0x0000000087300000| Untracked |  0
| 116|0x0000000087400000, 0x0000000087500000, 0x0000000087500000|100%| O|  |TAMS 0x0000000087400000| PB 0x0000000087400000| Untracked |  0
| 117|0x0000000087500000, 0x0000000087600000, 0x0000000087600000|100%| O|Cm|TAMS 0x0000000087500000| PB 0x0000000087500000| Complete |  0
| 118|0x0000000087600000, 0x0000000087700000, 0x0000000087700000|100%| O|  |TAMS 0x0000000087600000| PB 0x0000000087600000| Untracked |  0
| 119|0x0000000087700000, 0x0000000087800000, 0x0000000087800000|100%|HS|  |TAMS 0x0000000087700000| PB 0x0000000087700000| Complete |  0
| 120|0x0000000087800000, 0x0000000087900000, 0x0000000087900000|100%| O|  |TAMS 0x0000000087800000| PB 0x0000000087800000| Untracked |  0
| 121|0x0000000087900000, 0x0000000087a00000, 0x0000000087a00000|100%| O|  |TAMS 0x0000000087900000| PB 0x0000000087900000| Untracked |  0
| 122|0x0000000087a00000, 0x0000000087b00000, 0x0000000087b00000|100%| O|  |TAMS 0x0000000087a00000| PB 0x0000000087a00000| Untracked |  0
| 123|0x0000000087b00000, 0x0000000087c00000, 0x0000000087c00000|100%| O|  |TAMS 0x0000000087b00000| PB 0x0000000087b00000| Untracked |  0
| 124|0x0000000087c00000, 0x0000000087d00000, 0x0000000087d00000|100%| O|  |TAMS 0x0000000087c00000| PB 0x0000000087c00000| Untracked |  0
| 125|0x0000000087d00000, 0x0000000087e00000, 0x0000000087e00000|100%|HS|  |TAMS 0x0000000087d00000| PB 0x0000000087d00000| Complete |  0
| 126|0x0000000087e00000, 0x0000000087f00000, 0x0000000087f00000|100%|HC|  |TAMS 0x0000000087e00000| PB 0x0000000087e00000| Complete |  0
| 127|0x0000000087f00000, 0x0000000088000000, 0x0000000088000000|100%| O|  |TAMS 0x0000000087f00000| PB 0x0000000087f00000| Untracked |  0
| 128|0x0000000088000000, 0x0000000088100000, 0x0000000088100000|100%| O|  |TAMS 0x0000000088000000| PB 0x0000000088000000| Untracked |  0
| 129|0x0000000088100000, 0x0000000088200000, 0x0000000088200000|100%| O|  |TAMS 0x0000000088100000| PB 0x0000000088100000| Untracked |  0
| 130|0x0000000088200000, 0x0000000088300000, 0x0000000088300000|100%| O|  |TAMS 0x0000000088200000| PB 0x0000000088200000| Untracked |  0
| 131|0x0000000088300000, 0x0000000088400000, 0x0000000088400000|100%| O|  |TAMS 0x0000000088300000| PB 0x0000000088300000| Untracked |  0
| 132|0x0000000088400000, 0x0000000088500000, 0x0000000088500000|100%| O|  |TAMS 0x0000000088400000| PB 0x0000000088400000| Untracked |  0
| 133|0x0000000088500000, 0x0000000088600000, 0x0000000088600000|100%| O|  |TAMS 0x0000000088500000| PB 0x0000000088500000| Untracked |  0
| 134|0x0000000088600000, 0x0000000088700000, 0x0000000088700000|100%| O|  |TAMS 0x0000000088600000| PB 0x0000000088600000| Untracked |  0
| 135|0x0000000088700000, 0x0000000088800000, 0x0000000088800000|100%| O|  |TAMS 0x0000000088700000| PB 0x0000000088700000| Untracked |  0
| 136|0x0000000088800000, 0x0000000088900000, 0x0000000088900000|100%| O|  |TAMS 0x0000000088800000| PB 0x0000000088800000| Untracked |  0
| 137|0x0000000088900000, 0x0000000088a00000, 0x0000000088a00000|100%| O|  |TAMS 0x0000000088900000| PB 0x0000000088900000| Untracked |  0
| 138|0x0000000088a00000, 0x0000000088b00000, 0x0000000088b00000|100%| O|  |TAMS 0x0000000088a00000| PB 0x0000000088a00000| Untracked |  0
| 139|0x0000000088b00000, 0x0000000088c00000, 0x0000000088c00000|100%| O|  |TAMS 0x0000000088b00000| PB 0x0000000088b00000| Untracked |  0
| 140|0x0000000088c00000, 0x0000000088d00000, 0x0000000088d00000|100%| O|  |TAMS 0x0000000088c00000| PB 0x0000000088c00000| Untracked |  0
| 141|0x0000000088d00000, 0x0000000088e00000, 0x0000000088e00000|100%| O|  |TAMS 0x0000000088d00000| PB 0x0000000088d00000| Untracked |  0
| 142|0x0000000088e00000, 0x0000000088f00000, 0x0000000088f00000|100%| O|  |TAMS 0x0000000088e00000| PB 0x0000000088e00000| Untracked |  0
| 143|0x0000000088f00000, 0x0000000089000000, 0x0000000089000000|100%| O|  |TAMS 0x0000000088f00000| PB 0x0000000088f00000| Untracked |  0
| 144|0x0000000089000000, 0x0000000089100000, 0x0000000089100000|100%| O|  |TAMS 0x0000000089000000| PB 0x0000000089000000| Untracked |  0
| 145|0x0000000089100000, 0x0000000089200000, 0x0000000089200000|100%| O|  |TAMS 0x0000000089100000| PB 0x0000000089100000| Untracked |  0
| 146|0x0000000089200000, 0x0000000089300000, 0x0000000089300000|100%|HS|  |TAMS 0x0000000089200000| PB 0x0000000089200000| Complete |  0
| 147|0x0000000089300000, 0x0000000089400000, 0x0000000089400000|100%|HC|  |TAMS 0x0000000089300000| PB 0x0000000089300000| Complete |  0
| 148|0x0000000089400000, 0x0000000089500000, 0x0000000089500000|100%|HC|  |TAMS 0x0000000089400000| PB 0x0000000089400000| Complete |  0
| 149|0x0000000089500000, 0x0000000089600000, 0x0000000089600000|100%| O|  |TAMS 0x0000000089500000| PB 0x0000000089500000| Untracked |  0
| 150|0x0000000089600000, 0x0000000089700000, 0x0000000089700000|100%| O|  |TAMS 0x0000000089600000| PB 0x0000000089600000| Untracked |  0
| 151|0x0000000089700000, 0x0000000089800000, 0x0000000089800000|100%| O|  |TAMS 0x0000000089700000| PB 0x0000000089700000| Untracked |  0
| 152|0x0000000089800000, 0x0000000089900000, 0x0000000089900000|100%|HS|  |TAMS 0x0000000089800000| PB 0x0000000089800000| Complete |  0
| 153|0x0000000089900000, 0x0000000089a00000, 0x0000000089a00000|100%|HC|  |TAMS 0x0000000089900000| PB 0x0000000089900000| Complete |  0
| 154|0x0000000089a00000, 0x0000000089b00000, 0x0000000089b00000|100%|HC|  |TAMS 0x0000000089a00000| PB 0x0000000089a00000| Complete |  0
| 155|0x0000000089b00000, 0x0000000089c00000, 0x0000000089c00000|100%| O|Cm|TAMS 0x0000000089b00000| PB 0x0000000089b00000| Complete |  0
| 156|0x0000000089c00000, 0x0000000089d00000, 0x0000000089d00000|100%| O|  |TAMS 0x0000000089c00000| PB 0x0000000089c00000| Untracked |  0
| 157|0x0000000089d00000, 0x0000000089e00000, 0x0000000089e00000|100%| O|  |TAMS 0x0000000089d00000| PB 0x0000000089d00000| Untracked |  0
| 158|0x0000000089e00000, 0x0000000089f00000, 0x0000000089f00000|100%| O|  |TAMS 0x0000000089e00000| PB 0x0000000089e00000| Untracked |  0
| 159|0x0000000089f00000, 0x000000008a000000, 0x000000008a000000|100%| O|  |TAMS 0x0000000089f00000| PB 0x0000000089f00000| Untracked |  0
| 160|0x000000008a000000, 0x000000008a100000, 0x000000008a100000|100%| O|  |TAMS 0x000000008a000000| PB 0x000000008a000000| Untracked |  0
| 161|0x000000008a100000, 0x000000008a200000, 0x000000008a200000|100%|HS|  |TAMS 0x000000008a100000| PB 0x000000008a100000| Complete |  0
| 162|0x000000008a200000, 0x000000008a300000, 0x000000008a300000|100%|HC|  |TAMS 0x000000008a200000| PB 0x000000008a200000| Complete |  0
| 163|0x000000008a300000, 0x000000008a400000, 0x000000008a400000|100%|HC|  |TAMS 0x000000008a300000| PB 0x000000008a300000| Complete |  0
| 164|0x000000008a400000, 0x000000008a500000, 0x000000008a500000|100%| O|  |TAMS 0x000000008a400000| PB 0x000000008a400000| Untracked |  0
| 165|0x000000008a500000, 0x000000008a600000, 0x000000008a600000|100%| O|  |TAMS 0x000000008a500000| PB 0x000000008a500000| Untracked |  0
| 166|0x000000008a600000, 0x000000008a700000, 0x000000008a700000|100%| O|  |TAMS 0x000000008a600000| PB 0x000000008a600000| Untracked |  0
| 167|0x000000008a700000, 0x000000008a800000, 0x000000008a800000|100%| O|  |TAMS 0x000000008a700000| PB 0x000000008a700000| Untracked |  0
| 168|0x000000008a800000, 0x000000008a900000, 0x000000008a900000|100%| O|  |TAMS 0x000000008a800000| PB 0x000000008a800000| Untracked |  0
| 169|0x000000008a900000, 0x000000008aa00000, 0x000000008aa00000|100%| O|  |TAMS 0x000000008a900000| PB 0x000000008a900000| Untracked |  0
| 170|0x000000008aa00000, 0x000000008ab00000, 0x000000008ab00000|100%|HS|  |TAMS 0x000000008aa00000| PB 0x000000008aa00000| Complete |  0
| 171|0x000000008ab00000, 0x000000008ac00000, 0x000000008ac00000|100%|HC|  |TAMS 0x000000008ab00000| PB 0x000000008ab00000| Complete |  0
| 172|0x000000008ac00000, 0x000000008ad00000, 0x000000008ad00000|100%| O|  |TAMS 0x000000008ac00000| PB 0x000000008ac00000| Untracked |  0
| 173|0x000000008ad00000, 0x000000008ae00000, 0x000000008ae00000|100%| O|  |TAMS 0x000000008ad00000| PB 0x000000008ad00000| Untracked |  0
| 174|0x000000008ae00000, 0x000000008af00000, 0x000000008af00000|100%| O|  |TAMS 0x000000008ae00000| PB 0x000000008ae00000| Untracked |  0
| 175|0x000000008af00000, 0x000000008b000000, 0x000000008b000000|100%| O|  |TAMS 0x000000008af00000| PB 0x000000008af00000| Untracked |  0
| 176|0x000000008b000000, 0x000000008b100000, 0x000000008b100000|100%| O|  |TAMS 0x000000008b000000| PB 0x000000008b000000| Untracked |  0
| 177|0x000000008b100000, 0x000000008b200000, 0x000000008b200000|100%| O|  |TAMS 0x000000008b100000| PB 0x000000008b100000| Untracked |  0
| 178|0x000000008b200000, 0x000000008b300000, 0x000000008b300000|100%| O|  |TAMS 0x000000008b200000| PB 0x000000008b200000| Untracked |  0
| 179|0x000000008b300000, 0x000000008b400000, 0x000000008b400000|100%| O|  |TAMS 0x000000008b300000| PB 0x000000008b300000| Untracked |  0
| 180|0x000000008b400000, 0x000000008b500000, 0x000000008b500000|100%| O|  |TAMS 0x000000008b400000| PB 0x000000008b400000| Untracked |  0
| 181|0x000000008b500000, 0x000000008b600000, 0x000000008b600000|100%| O|  |TAMS 0x000000008b500000| PB 0x000000008b500000| Untracked |  0
| 182|0x000000008b600000, 0x000000008b700000, 0x000000008b700000|100%| O|  |TAMS 0x000000008b600000| PB 0x000000008b600000| Untracked |  0
| 183|0x000000008b700000, 0x000000008b800000, 0x000000008b800000|100%| O|  |TAMS 0x000000008b700000| PB 0x000000008b700000| Untracked |  0
| 184|0x000000008b800000, 0x000000008b900000, 0x000000008b900000|100%| O|  |TAMS 0x000000008b800000| PB 0x000000008b800000| Untracked |  0
| 185|0x000000008b900000, 0x000000008ba00000, 0x000000008ba00000|100%| O|  |TAMS 0x000000008b900000| PB 0x000000008b900000| Untracked |  0
| 186|0x000000008ba00000, 0x000000008bb00000, 0x000000008bb00000|100%| O|  |TAMS 0x000000008ba00000| PB 0x000000008ba00000| Untracked |  0
| 187|0x000000008bb00000, 0x000000008bc00000, 0x000000008bc00000|100%| O|  |TAMS 0x000000008bb00000| PB 0x000000008bb00000| Untracked |  0
| 188|0x000000008bc00000, 0x000000008bd00000, 0x000000008bd00000|100%| O|  |TAMS 0x000000008bc00000| PB 0x000000008bc00000| Untracked |  0
| 189|0x000000008bd00000, 0x000000008be00000, 0x000000008be00000|100%| O|  |TAMS 0x000000008bd00000| PB 0x000000008bd00000| Untracked |  0
| 190|0x000000008be00000, 0x000000008bf00000, 0x000000008bf00000|100%| O|  |TAMS 0x000000008be00000| PB 0x000000008be00000| Untracked |  0
| 191|0x000000008bf00000, 0x000000008c000000, 0x000000008c000000|100%| O|  |TAMS 0x000000008bf00000| PB 0x000000008bf00000| Untracked |  0
| 192|0x000000008c000000, 0x000000008c100000, 0x000000008c100000|100%| O|  |TAMS 0x000000008c000000| PB 0x000000008c000000| Untracked |  0
| 193|0x000000008c100000, 0x000000008c200000, 0x000000008c200000|100%| O|  |TAMS 0x000000008c100000| PB 0x000000008c100000| Untracked |  0
| 194|0x000000008c200000, 0x000000008c300000, 0x000000008c300000|100%| O|  |TAMS 0x000000008c200000| PB 0x000000008c200000| Untracked |  0
| 195|0x000000008c300000, 0x000000008c400000, 0x000000008c400000|100%| O|  |TAMS 0x000000008c300000| PB 0x000000008c300000| Untracked |  0
| 196|0x000000008c400000, 0x000000008c500000, 0x000000008c500000|100%| O|  |TAMS 0x000000008c400000| PB 0x000000008c400000| Untracked |  0
| 197|0x000000008c500000, 0x000000008c600000, 0x000000008c600000|100%| O|  |TAMS 0x000000008c500000| PB 0x000000008c500000| Untracked |  0
| 198|0x000000008c600000, 0x000000008c700000, 0x000000008c700000|100%| O|  |TAMS 0x000000008c600000| PB 0x000000008c600000| Untracked |  0
| 199|0x000000008c700000, 0x000000008c800000, 0x000000008c800000|100%| O|  |TAMS 0x000000008c700000| PB 0x000000008c700000| Untracked |  0
| 200|0x000000008c800000, 0x000000008c900000, 0x000000008c900000|100%| O|  |TAMS 0x000000008c800000| PB 0x000000008c800000| Untracked |  0
| 201|0x000000008c900000, 0x000000008ca00000, 0x000000008ca00000|100%| O|  |TAMS 0x000000008c900000| PB 0x000000008c900000| Untracked |  0
| 202|0x000000008ca00000, 0x000000008cb00000, 0x000000008cb00000|100%| O|  |TAMS 0x000000008ca00000| PB 0x000000008ca00000| Untracked |  0
| 203|0x000000008cb00000, 0x000000008cc00000, 0x000000008cc00000|100%| O|  |TAMS 0x000000008cb00000| PB 0x000000008cb00000| Untracked |  0
| 204|0x000000008cc00000, 0x000000008cd00000, 0x000000008cd00000|100%| O|  |TAMS 0x000000008cc00000| PB 0x000000008cc00000| Untracked |  0
| 205|0x000000008cd00000, 0x000000008ce00000, 0x000000008ce00000|100%| O|  |TAMS 0x000000008cd00000| PB 0x000000008cd00000| Untracked |  0
| 206|0x000000008ce00000, 0x000000008cf00000, 0x000000008cf00000|100%| O|  |TAMS 0x000000008ce00000| PB 0x000000008ce00000| Untracked |  0
| 207|0x000000008cf00000, 0x000000008d000000, 0x000000008d000000|100%| O|  |TAMS 0x000000008cf00000| PB 0x000000008cf00000| Untracked |  0
| 208|0x000000008d000000, 0x000000008d100000, 0x000000008d100000|100%| O|Cm|TAMS 0x000000008d000000| PB 0x000000008d000000| Complete |  0
| 209|0x000000008d100000, 0x000000008d200000, 0x000000008d200000|100%| O|  |TAMS 0x000000008d100000| PB 0x000000008d100000| Untracked |  0
| 210|0x000000008d200000, 0x000000008d300000, 0x000000008d300000|100%| O|  |TAMS 0x000000008d200000| PB 0x000000008d200000| Untracked |  0
| 211|0x000000008d300000, 0x000000008d400000, 0x000000008d400000|100%| O|Cm|TAMS 0x000000008d300000| PB 0x000000008d300000| Complete |  0
| 212|0x000000008d400000, 0x000000008d500000, 0x000000008d500000|100%| O|  |TAMS 0x000000008d400000| PB 0x000000008d400000| Untracked |  0
| 213|0x000000008d500000, 0x000000008d600000, 0x000000008d600000|100%| O|  |TAMS 0x000000008d500000| PB 0x000000008d500000| Untracked |  0
| 214|0x000000008d600000, 0x000000008d700000, 0x000000008d700000|100%| O|  |TAMS 0x000000008d600000| PB 0x000000008d600000| Untracked |  0
| 215|0x000000008d700000, 0x000000008d800000, 0x000000008d800000|100%| O|  |TAMS 0x000000008d700000| PB 0x000000008d700000| Untracked |  0
| 216|0x000000008d800000, 0x000000008d900000, 0x000000008d900000|100%| O|  |TAMS 0x000000008d800000| PB 0x000000008d800000| Untracked |  0
| 217|0x000000008d900000, 0x000000008da00000, 0x000000008da00000|100%| O|  |TAMS 0x000000008d900000| PB 0x000000008d900000| Untracked |  0
| 218|0x000000008da00000, 0x000000008db00000, 0x000000008db00000|100%| O|  |TAMS 0x000000008da00000| PB 0x000000008da00000| Untracked |  0
| 219|0x000000008db00000, 0x000000008dc00000, 0x000000008dc00000|100%| O|  |TAMS 0x000000008db00000| PB 0x000000008db00000| Untracked |  0
| 220|0x000000008dc00000, 0x000000008dd00000, 0x000000008dd00000|100%| O|  |TAMS 0x000000008dc00000| PB 0x000000008dc00000| Untracked |  0
| 221|0x000000008dd00000, 0x000000008de00000, 0x000000008de00000|100%| O|  |TAMS 0x000000008dd00000| PB 0x000000008dd00000| Untracked |  0
| 222|0x000000008de00000, 0x000000008df00000, 0x000000008df00000|100%| O|  |TAMS 0x000000008de00000| PB 0x000000008de00000| Untracked |  0
| 223|0x000000008df00000, 0x000000008e000000, 0x000000008e000000|100%| O|  |TAMS 0x000000008df00000| PB 0x000000008df00000| Untracked |  0
| 224|0x000000008e000000, 0x000000008e100000, 0x000000008e100000|100%| O|  |TAMS 0x000000008e000000| PB 0x000000008e000000| Untracked |  0
| 225|0x000000008e100000, 0x000000008e200000, 0x000000008e200000|100%| O|  |TAMS 0x000000008e100000| PB 0x000000008e100000| Untracked |  0
| 226|0x000000008e200000, 0x000000008e300000, 0x000000008e300000|100%| O|  |TAMS 0x000000008e200000| PB 0x000000008e200000| Untracked |  0
| 227|0x000000008e300000, 0x000000008e400000, 0x000000008e400000|100%| O|Cm|TAMS 0x000000008e300000| PB 0x000000008e300000| Complete |  0
| 228|0x000000008e400000, 0x000000008e500000, 0x000000008e500000|100%|HS|  |TAMS 0x000000008e400000| PB 0x000000008e400000| Complete |  0
| 229|0x000000008e500000, 0x000000008e600000, 0x000000008e600000|100%|HC|  |TAMS 0x000000008e500000| PB 0x000000008e500000| Complete |  0
| 230|0x000000008e600000, 0x000000008e700000, 0x000000008e700000|100%|HS|  |TAMS 0x000000008e600000| PB 0x000000008e600000| Complete |  0
| 231|0x000000008e700000, 0x000000008e800000, 0x000000008e800000|100%|HC|  |TAMS 0x000000008e700000| PB 0x000000008e700000| Complete |  0
| 232|0x000000008e800000, 0x000000008e900000, 0x000000008e900000|100%|HS|  |TAMS 0x000000008e800000| PB 0x000000008e800000| Complete |  0
| 233|0x000000008e900000, 0x000000008ea00000, 0x000000008ea00000|100%|HC|  |TAMS 0x000000008e900000| PB 0x000000008e900000| Complete |  0
| 234|0x000000008ea00000, 0x000000008eb00000, 0x000000008eb00000|100%|HS|  |TAMS 0x000000008ea00000| PB 0x000000008ea00000| Complete |  0
| 235|0x000000008eb00000, 0x000000008ec00000, 0x000000008ec00000|100%|HC|  |TAMS 0x000000008eb00000| PB 0x000000008eb00000| Complete |  0
| 236|0x000000008ec00000, 0x000000008ed00000, 0x000000008ed00000|100%| O|  |TAMS 0x000000008ec00000| PB 0x000000008ec00000| Untracked |  0
| 237|0x000000008ed00000, 0x000000008ee00000, 0x000000008ee00000|100%| O|  |TAMS 0x000000008ed00000| PB 0x000000008ed00000| Untracked |  0
| 238|0x000000008ee00000, 0x000000008ef00000, 0x000000008ef00000|100%|HS|  |TAMS 0x000000008ee00000| PB 0x000000008ee00000| Complete |  0
| 239|0x000000008ef00000, 0x000000008f000000, 0x000000008f000000|100%|HC|  |TAMS 0x000000008ef00000| PB 0x000000008ef00000| Complete |  0
| 240|0x000000008f000000, 0x000000008f100000, 0x000000008f100000|100%|HS|  |TAMS 0x000000008f000000| PB 0x000000008f000000| Complete |  0
| 241|0x000000008f100000, 0x000000008f200000, 0x000000008f200000|100%|HC|  |TAMS 0x000000008f100000| PB 0x000000008f100000| Complete |  0
| 242|0x000000008f200000, 0x000000008f300000, 0x000000008f300000|100%|HS|  |TAMS 0x000000008f200000| PB 0x000000008f200000| Complete |  0
| 243|0x000000008f300000, 0x000000008f400000, 0x000000008f400000|100%|HC|  |TAMS 0x000000008f300000| PB 0x000000008f300000| Complete |  0
| 244|0x000000008f400000, 0x000000008f500000, 0x000000008f500000|100%|HS|  |TAMS 0x000000008f400000| PB 0x000000008f400000| Complete |  0
| 245|0x000000008f500000, 0x000000008f600000, 0x000000008f600000|100%|HC|  |TAMS 0x000000008f500000| PB 0x000000008f500000| Complete |  0
| 246|0x000000008f600000, 0x000000008f700000, 0x000000008f700000|100%| O|  |TAMS 0x000000008f600000| PB 0x000000008f600000| Untracked |  0
| 247|0x000000008f700000, 0x000000008f800000, 0x000000008f800000|100%| O|  |TAMS 0x000000008f700000| PB 0x000000008f700000| Untracked |  0
| 248|0x000000008f800000, 0x000000008f900000, 0x000000008f900000|100%| O|  |TAMS 0x000000008f800000| PB 0x000000008f800000| Untracked |  0
| 249|0x000000008f900000, 0x000000008fa00000, 0x000000008fa00000|100%| O|  |TAMS 0x000000008f900000| PB 0x000000008f900000| Untracked |  0
| 250|0x000000008fa00000, 0x000000008fb00000, 0x000000008fb00000|100%| O|  |TAMS 0x000000008fa00000| PB 0x000000008fa00000| Untracked |  0
| 251|0x000000008fb00000, 0x000000008fc00000, 0x000000008fc00000|100%| O|  |TAMS 0x000000008fb00000| PB 0x000000008fb00000| Untracked |  0
| 252|0x000000008fc00000, 0x000000008fd00000, 0x000000008fd00000|100%| O|  |TAMS 0x000000008fc00000| PB 0x000000008fc00000| Untracked |  0
| 253|0x000000008fd00000, 0x000000008fe00000, 0x000000008fe00000|100%| O|  |TAMS 0x000000008fd00000| PB 0x000000008fd00000| Untracked |  0
| 254|0x000000008fe00000, 0x000000008ff00000, 0x000000008ff00000|100%| O|  |TAMS 0x000000008fe00000| PB 0x000000008fe00000| Untracked |  0
| 255|0x000000008ff00000, 0x0000000090000000, 0x0000000090000000|100%|HS|  |TAMS 0x000000008ff00000| PB 0x000000008ff00000| Complete |  0
| 256|0x0000000090000000, 0x0000000090100000, 0x0000000090100000|100%|HC|  |TAMS 0x0000000090000000| PB 0x0000000090000000| Complete |  0
| 257|0x0000000090100000, 0x0000000090200000, 0x0000000090200000|100%|HS|  |TAMS 0x0000000090100000| PB 0x0000000090100000| Complete |  0
| 258|0x0000000090200000, 0x0000000090300000, 0x0000000090300000|100%|HC|  |TAMS 0x0000000090200000| PB 0x0000000090200000| Complete |  0
| 259|0x0000000090300000, 0x0000000090400000, 0x0000000090400000|100%|HS|  |TAMS 0x0000000090300000| PB 0x0000000090300000| Complete |  0
| 260|0x0000000090400000, 0x0000000090500000, 0x0000000090500000|100%|HC|  |TAMS 0x0000000090400000| PB 0x0000000090400000| Complete |  0
| 261|0x0000000090500000, 0x0000000090600000, 0x0000000090600000|100%|HS|  |TAMS 0x0000000090500000| PB 0x0000000090500000| Complete |  0
| 262|0x0000000090600000, 0x0000000090700000, 0x0000000090700000|100%|HC|  |TAMS 0x0000000090600000| PB 0x0000000090600000| Complete |  0
| 263|0x0000000090700000, 0x0000000090800000, 0x0000000090800000|100%| O|  |TAMS 0x0000000090700000| PB 0x0000000090700000| Untracked |  0
| 264|0x0000000090800000, 0x0000000090900000, 0x0000000090900000|100%| O|  |TAMS 0x0000000090800000| PB 0x0000000090800000| Untracked |  0
| 265|0x0000000090900000, 0x0000000090a00000, 0x0000000090a00000|100%| O|  |TAMS 0x0000000090900000| PB 0x0000000090900000| Untracked |  0
| 266|0x0000000090a00000, 0x0000000090b00000, 0x0000000090b00000|100%|HS|  |TAMS 0x0000000090a00000| PB 0x0000000090a00000| Complete |  0
| 267|0x0000000090b00000, 0x0000000090c00000, 0x0000000090c00000|100%|HC|  |TAMS 0x0000000090b00000| PB 0x0000000090b00000| Complete |  0
| 268|0x0000000090c00000, 0x0000000090d00000, 0x0000000090d00000|100%|HS|  |TAMS 0x0000000090c00000| PB 0x0000000090c00000| Complete |  0
| 269|0x0000000090d00000, 0x0000000090e00000, 0x0000000090e00000|100%|HC|  |TAMS 0x0000000090d00000| PB 0x0000000090d00000| Complete |  0
| 270|0x0000000090e00000, 0x0000000090f00000, 0x0000000090f00000|100%|HS|  |TAMS 0x0000000090e00000| PB 0x0000000090e00000| Complete |  0
| 271|0x0000000090f00000, 0x0000000091000000, 0x0000000091000000|100%|HC|  |TAMS 0x0000000090f00000| PB 0x0000000090f00000| Complete |  0
| 272|0x0000000091000000, 0x0000000091100000, 0x0000000091100000|100%| O|  |TAMS 0x0000000091000000| PB 0x0000000091000000| Untracked |  0
| 273|0x0000000091100000, 0x0000000091200000, 0x0000000091200000|100%| O|  |TAMS 0x0000000091100000| PB 0x0000000091100000| Untracked |  0
| 274|0x0000000091200000, 0x0000000091300000, 0x0000000091300000|100%| O|  |TAMS 0x0000000091200000| PB 0x0000000091200000| Untracked |  0
| 275|0x0000000091300000, 0x0000000091400000, 0x0000000091400000|100%| O|  |TAMS 0x0000000091300000| PB 0x0000000091300000| Untracked |  0
| 276|0x0000000091400000, 0x0000000091500000, 0x0000000091500000|100%| O|  |TAMS 0x0000000091400000| PB 0x0000000091400000| Untracked |  0
| 277|0x0000000091500000, 0x0000000091600000, 0x0000000091600000|100%| S|  |TAMS 0x0000000091500000| PB 0x0000000091500000| Complete |  0
| 278|0x0000000091600000, 0x0000000091700000, 0x0000000091700000|100%| S|  |TAMS 0x0000000091600000| PB 0x0000000091600000| Complete |  0
| 279|0x0000000091700000, 0x0000000091800000, 0x0000000091800000|100%| O|  |TAMS 0x0000000091700000| PB 0x0000000091700000| Untracked |  0
| 280|0x0000000091800000, 0x0000000091900000, 0x0000000091900000|100%| S|  |TAMS 0x0000000091800000| PB 0x0000000091800000| Complete |  0
| 281|0x0000000091900000, 0x0000000091a00000, 0x0000000091a00000|100%| S|  |TAMS 0x0000000091900000| PB 0x0000000091900000| Complete |  0
| 282|0x0000000091a00000, 0x0000000091b00000, 0x0000000091b00000|100%| S|  |TAMS 0x0000000091a00000| PB 0x0000000091a00000| Complete |  0
| 283|0x0000000091b00000, 0x0000000091c00000, 0x0000000091c00000|100%| S|  |TAMS 0x0000000091b00000| PB 0x0000000091b00000| Complete |  0
| 284|0x0000000091c00000, 0x0000000091d00000, 0x0000000091d00000|100%| S|  |TAMS 0x0000000091c00000| PB 0x0000000091c00000| Complete |  0
| 285|0x0000000091d00000, 0x0000000091e00000, 0x0000000091e00000|100%| S|  |TAMS 0x0000000091d00000| PB 0x0000000091d00000| Complete |  0
| 286|0x0000000091e00000, 0x0000000091f00000, 0x0000000091f00000|100%| S|  |TAMS 0x0000000091e00000| PB 0x0000000091e00000| Complete |  0
| 287|0x0000000091f00000, 0x0000000092000000, 0x0000000092000000|100%| S|  |TAMS 0x0000000091f00000| PB 0x0000000091f00000| Complete |  0
| 288|0x0000000092000000, 0x0000000092100000, 0x0000000092100000|100%| S|  |TAMS 0x0000000092000000| PB 0x0000000092000000| Complete |  0
| 289|0x0000000092100000, 0x0000000092200000, 0x0000000092200000|100%| S|  |TAMS 0x0000000092100000| PB 0x0000000092100000| Complete |  0
| 290|0x0000000092200000, 0x0000000092300000, 0x0000000092300000|100%| S|  |TAMS 0x0000000092200000| PB 0x0000000092200000| Complete |  0
| 291|0x0000000092300000, 0x0000000092400000, 0x0000000092400000|100%| S|  |TAMS 0x0000000092300000| PB 0x0000000092300000| Complete |  0
| 292|0x0000000092400000, 0x0000000092500000, 0x0000000092500000|100%| S|  |TAMS 0x0000000092400000| PB 0x0000000092400000| Complete |  0
| 293|0x0000000092500000, 0x0000000092600000, 0x0000000092600000|100%| S|  |TAMS 0x0000000092500000| PB 0x0000000092500000| Complete |  0
| 294|0x0000000092600000, 0x0000000092700000, 0x0000000092700000|100%| O|Cm|TAMS 0x0000000092600000| PB 0x0000000092600000| Complete |  0
| 295|0x0000000092700000, 0x0000000092800000, 0x0000000092800000|100%| S|  |TAMS 0x0000000092700000| PB 0x0000000092700000| Complete |  0
| 296|0x0000000092800000, 0x0000000092900000, 0x0000000092900000|100%| S|  |TAMS 0x0000000092800000| PB 0x0000000092800000| Complete |  0
| 297|0x0000000092900000, 0x0000000092a00000, 0x0000000092a00000|100%| O|  |TAMS 0x0000000092900000| PB 0x0000000092900000| Untracked |  0
| 298|0x0000000092a00000, 0x0000000092b00000, 0x0000000092b00000|100%| E|CS|TAMS 0x0000000092a00000| PB 0x0000000092a00000| Complete |  0
| 299|0x0000000092b00000, 0x0000000092c00000, 0x0000000092c00000|100%| E|CS|TAMS 0x0000000092b00000| PB 0x0000000092b00000| Complete |  0
| 300|0x0000000092c00000, 0x0000000092d00000, 0x0000000092d00000|100%| E|CS|TAMS 0x0000000092c00000| PB 0x0000000092c00000| Complete |  0
| 301|0x0000000092d00000, 0x0000000092e00000, 0x0000000092e00000|100%| E|CS|TAMS 0x0000000092d00000| PB 0x0000000092d00000| Complete |  0
| 302|0x0000000092e00000, 0x0000000092f00000, 0x0000000092f00000|100%| O|  |TAMS 0x0000000092e00000| PB 0x0000000092e00000| Untracked |  0
| 303|0x0000000092f00000, 0x0000000093000000, 0x0000000093000000|100%| E|CS|TAMS 0x0000000092f00000| PB 0x0000000092f00000| Complete |  0
| 304|0x0000000093000000, 0x0000000093100000, 0x0000000093100000|100%| E|CS|TAMS 0x0000000093000000| PB 0x0000000093000000| Complete |  0
| 305|0x0000000093100000, 0x0000000093200000, 0x0000000093200000|100%| E|CS|TAMS 0x0000000093100000| PB 0x0000000093100000| Complete |  0
| 306|0x0000000093200000, 0x0000000093300000, 0x0000000093300000|100%|HS|  |TAMS 0x0000000093200000| PB 0x0000000093200000| Complete |  0
| 307|0x0000000093300000, 0x0000000093400000, 0x0000000093400000|100%|HC|  |TAMS 0x0000000093300000| PB 0x0000000093300000| Complete |  0
| 308|0x0000000093400000, 0x0000000093500000, 0x0000000093500000|100%|HC|  |TAMS 0x0000000093400000| PB 0x0000000093400000| Complete |  0
| 309|0x0000000093500000, 0x0000000093600000, 0x0000000093600000|100%|HC|  |TAMS 0x0000000093500000| PB 0x0000000093500000| Complete |  0
| 310|0x0000000093600000, 0x0000000093700000, 0x0000000093700000|100%|HC|  |TAMS 0x0000000093600000| PB 0x0000000093600000| Complete |  0
| 311|0x0000000093700000, 0x0000000093800000, 0x0000000093800000|100%|HC|  |TAMS 0x0000000093700000| PB 0x0000000093700000| Complete |  0
| 312|0x0000000093800000, 0x0000000093900000, 0x0000000093900000|100%|HC|  |TAMS 0x0000000093800000| PB 0x0000000093800000| Complete |  0
| 313|0x0000000093900000, 0x0000000093a00000, 0x0000000093a00000|100%| O|Cm|TAMS 0x0000000093900000| PB 0x0000000093900000| Complete |  0
| 314|0x0000000093a00000, 0x0000000093b00000, 0x0000000093b00000|100%| E|CS|TAMS 0x0000000093a00000| PB 0x0000000093a00000| Complete |  0
| 315|0x0000000093b00000, 0x0000000093c00000, 0x0000000093c00000|100%| E|CS|TAMS 0x0000000093b00000| PB 0x0000000093b00000| Complete |  0
| 316|0x0000000093c00000, 0x0000000093d00000, 0x0000000093d00000|100%| E|CS|TAMS 0x0000000093c00000| PB 0x0000000093c00000| Complete |  0
| 317|0x0000000093d00000, 0x0000000093e00000, 0x0000000093e00000|100%| E|CS|TAMS 0x0000000093d00000| PB 0x0000000093d00000| Complete |  0
| 318|0x0000000093e00000, 0x0000000093f00000, 0x0000000093f00000|100%| E|CS|TAMS 0x0000000093e00000| PB 0x0000000093e00000| Complete |  0
| 319|0x0000000093f00000, 0x0000000094000000, 0x0000000094000000|100%| E|CS|TAMS 0x0000000093f00000| PB 0x0000000093f00000| Complete |  0
| 320|0x0000000094000000, 0x0000000094100000, 0x0000000094100000|100%| E|CS|TAMS 0x0000000094000000| PB 0x0000000094000000| Complete |  0
| 321|0x0000000094100000, 0x0000000094200000, 0x0000000094200000|100%| E|CS|TAMS 0x0000000094100000| PB 0x0000000094100000| Complete |  0
| 322|0x0000000094200000, 0x0000000094300000, 0x0000000094300000|100%| E|CS|TAMS 0x0000000094200000| PB 0x0000000094200000| Complete |  0
| 323|0x0000000094300000, 0x0000000094400000, 0x0000000094400000|100%| E|CS|TAMS 0x0000000094300000| PB 0x0000000094300000| Complete |  0
| 324|0x0000000094400000, 0x0000000094500000, 0x0000000094500000|100%| E|CS|TAMS 0x0000000094400000| PB 0x0000000094400000| Complete |  0
| 325|0x0000000094500000, 0x0000000094600000, 0x0000000094600000|100%| E|CS|TAMS 0x0000000094500000| PB 0x0000000094500000| Complete |  0
| 326|0x0000000094600000, 0x0000000094700000, 0x0000000094700000|100%| E|CS|TAMS 0x0000000094600000| PB 0x0000000094600000| Complete |  0
| 327|0x0000000094700000, 0x0000000094800000, 0x0000000094800000|100%| E|CS|TAMS 0x0000000094700000| PB 0x0000000094700000| Complete |  0
| 328|0x0000000094800000, 0x0000000094900000, 0x0000000094900000|100%| O|  |TAMS 0x0000000094800000| PB 0x0000000094800000| Untracked |  0
| 329|0x0000000094900000, 0x0000000094a00000, 0x0000000094a00000|100%| E|CS|TAMS 0x0000000094900000| PB 0x0000000094900000| Complete |  0
| 330|0x0000000094a00000, 0x0000000094b00000, 0x0000000094b00000|100%| O|  |TAMS 0x0000000094a00000| PB 0x0000000094a00000| Untracked |  0
| 331|0x0000000094b00000, 0x0000000094c00000, 0x0000000094c00000|100%| E|CS|TAMS 0x0000000094b00000| PB 0x0000000094b00000| Complete |  0
| 332|0x0000000094c00000, 0x0000000094d00000, 0x0000000094d00000|100%| E|CS|TAMS 0x0000000094c00000| PB 0x0000000094c00000| Complete |  0
| 333|0x0000000094d00000, 0x0000000094e00000, 0x0000000094e00000|100%| E|CS|TAMS 0x0000000094d00000| PB 0x0000000094d00000| Complete |  0
| 334|0x0000000094e00000, 0x0000000094f00000, 0x0000000094f00000|100%| E|CS|TAMS 0x0000000094e00000| PB 0x0000000094e00000| Complete |  0
| 335|0x0000000094f00000, 0x0000000095000000, 0x0000000095000000|100%| E|CS|TAMS 0x0000000094f00000| PB 0x0000000094f00000| Complete |  0
| 336|0x0000000095000000, 0x0000000095100000, 0x0000000095100000|100%| O|Cm|TAMS 0x0000000095000000| PB 0x0000000095000000| Complete |  0
| 337|0x0000000095100000, 0x0000000095200000, 0x0000000095200000|100%| E|CS|TAMS 0x0000000095100000| PB 0x0000000095100000| Complete |  0
| 338|0x0000000095200000, 0x0000000095300000, 0x0000000095300000|100%| E|CS|TAMS 0x0000000095200000| PB 0x0000000095200000| Complete |  0
| 339|0x0000000095300000, 0x0000000095400000, 0x0000000095400000|100%| O|Cm|TAMS 0x0000000095300000| PB 0x0000000095300000| Complete |  0
| 340|0x0000000095400000, 0x0000000095500000, 0x0000000095500000|100%| O|  |TAMS 0x0000000095400000| PB 0x0000000095400000| Untracked |  0
| 341|0x0000000095500000, 0x0000000095600000, 0x0000000095600000|100%| O|  |TAMS 0x0000000095500000| PB 0x0000000095500000| Untracked |  0
| 342|0x0000000095600000, 0x0000000095700000, 0x0000000095700000|100%| O|Cm|TAMS 0x0000000095600000| PB 0x0000000095600000| Complete |  0
| 343|0x0000000095700000, 0x0000000095800000, 0x0000000095800000|100%| E|CS|TAMS 0x0000000095700000| PB 0x0000000095700000| Complete |  0
| 344|0x0000000095800000, 0x0000000095900000, 0x0000000095900000|100%| E|CS|TAMS 0x0000000095800000| PB 0x0000000095800000| Complete |  0
| 345|0x0000000095900000, 0x0000000095a00000, 0x0000000095a00000|100%| E|CS|TAMS 0x0000000095900000| PB 0x0000000095900000| Complete |  0
| 346|0x0000000095a00000, 0x0000000095b00000, 0x0000000095b00000|100%| O|  |TAMS 0x0000000095a00000| PB 0x0000000095a00000| Untracked |  0
| 347|0x0000000095b00000, 0x0000000095c00000, 0x0000000095c00000|100%| O|  |TAMS 0x0000000095b00000| PB 0x0000000095b00000| Untracked |  0
| 348|0x0000000095c00000, 0x0000000095d00000, 0x0000000095d00000|100%| E|CS|TAMS 0x0000000095c00000| PB 0x0000000095c00000| Complete |  0
| 349|0x0000000095d00000, 0x0000000095e00000, 0x0000000095e00000|100%| O|  |TAMS 0x0000000095d00000| PB 0x0000000095d00000| Untracked |  0
| 350|0x0000000095e00000, 0x0000000095f00000, 0x0000000095f00000|100%| O|Cm|TAMS 0x0000000095e00000| PB 0x0000000095e00000| Complete |  0
| 351|0x0000000095f00000, 0x0000000096000000, 0x0000000096000000|100%| O|  |TAMS 0x0000000095f00000| PB 0x0000000095f00000| Untracked |  0
| 352|0x0000000096000000, 0x0000000096100000, 0x0000000096100000|100%| E|CS|TAMS 0x0000000096000000| PB 0x0000000096000000| Complete |  0
| 353|0x0000000096100000, 0x0000000096200000, 0x0000000096200000|100%| O|  |TAMS 0x0000000096100000| PB 0x0000000096100000| Untracked |  0
| 354|0x0000000096200000, 0x0000000096300000, 0x0000000096300000|100%| O|  |TAMS 0x0000000096200000| PB 0x0000000096200000| Untracked |  0
| 355|0x0000000096300000, 0x0000000096400000, 0x0000000096400000|100%| O|  |TAMS 0x0000000096300000| PB 0x0000000096300000| Untracked |  0
| 356|0x0000000096400000, 0x0000000096500000, 0x0000000096500000|100%| O|  |TAMS 0x0000000096400000| PB 0x0000000096400000| Untracked |  0
| 357|0x0000000096500000, 0x0000000096600000, 0x0000000096600000|100%| E|CS|TAMS 0x0000000096500000| PB 0x0000000096500000| Complete |  0
| 358|0x0000000096600000, 0x0000000096700000, 0x0000000096700000|100%| O|  |TAMS 0x0000000096600000| PB 0x0000000096600000| Untracked |  0
| 359|0x0000000096700000, 0x0000000096800000, 0x0000000096800000|100%| O|  |TAMS 0x0000000096700000| PB 0x0000000096700000| Untracked |  0
| 360|0x0000000096800000, 0x0000000096900000, 0x0000000096900000|100%| E|CS|TAMS 0x0000000096800000| PB 0x0000000096800000| Complete |  0
| 361|0x0000000096900000, 0x0000000096a00000, 0x0000000096a00000|100%| E|CS|TAMS 0x0000000096900000| PB 0x0000000096900000| Complete |  0
| 362|0x0000000096a00000, 0x0000000096b00000, 0x0000000096b00000|100%| O|Cm|TAMS 0x0000000096a00000| PB 0x0000000096a00000| Complete |  0
| 363|0x0000000096b00000, 0x0000000096c00000, 0x0000000096c00000|100%| E|CS|TAMS 0x0000000096b00000| PB 0x0000000096b00000| Complete |  0
| 364|0x0000000096c00000, 0x0000000096d00000, 0x0000000096d00000|100%| O|Cm|TAMS 0x0000000096c00000| PB 0x0000000096c00000| Complete |  0
| 365|0x0000000096d00000, 0x0000000096e00000, 0x0000000096e00000|100%| O|  |TAMS 0x0000000096d00000| PB 0x0000000096d00000| Untracked |  0
| 366|0x0000000096e00000, 0x0000000096f00000, 0x0000000096f00000|100%| E|CS|TAMS 0x0000000096e00000| PB 0x0000000096e00000| Complete |  0
| 367|0x0000000096f00000, 0x0000000097000000, 0x0000000097000000|100%| E|CS|TAMS 0x0000000096f00000| PB 0x0000000096f00000| Complete |  0
| 368|0x0000000097000000, 0x0000000097100000, 0x0000000097100000|100%| E|CS|TAMS 0x0000000097000000| PB 0x0000000097000000| Complete |  0
| 369|0x0000000097100000, 0x0000000097200000, 0x0000000097200000|100%| E|CS|TAMS 0x0000000097100000| PB 0x0000000097100000| Complete |  0
| 370|0x0000000097200000, 0x0000000097300000, 0x0000000097300000|100%| E|CS|TAMS 0x0000000097200000| PB 0x0000000097200000| Complete |  0
| 371|0x0000000097300000, 0x0000000097400000, 0x0000000097400000|100%| E|CS|TAMS 0x0000000097300000| PB 0x0000000097300000| Complete |  0
| 372|0x0000000097400000, 0x0000000097500000, 0x0000000097500000|100%| E|CS|TAMS 0x0000000097400000| PB 0x0000000097400000| Complete |  0
| 373|0x0000000097500000, 0x0000000097600000, 0x0000000097600000|100%| O|  |TAMS 0x0000000097500000| PB 0x0000000097500000| Untracked |  0
| 374|0x0000000097600000, 0x0000000097700000, 0x0000000097700000|100%| E|CS|TAMS 0x0000000097600000| PB 0x0000000097600000| Complete |  0
| 375|0x0000000097700000, 0x0000000097800000, 0x0000000097800000|100%| E|CS|TAMS 0x0000000097700000| PB 0x0000000097700000| Complete |  0
| 376|0x0000000097800000, 0x0000000097900000, 0x0000000097900000|100%| O|Cm|TAMS 0x0000000097800000| PB 0x0000000097800000| Complete |  0
| 377|0x0000000097900000, 0x0000000097a00000, 0x0000000097a00000|100%| E|CS|TAMS 0x0000000097900000| PB 0x0000000097900000| Complete |  0
| 378|0x0000000097a00000, 0x0000000097b00000, 0x0000000097b00000|100%| E|CS|TAMS 0x0000000097a00000| PB 0x0000000097a00000| Complete |  0
| 379|0x0000000097b00000, 0x0000000097c00000, 0x0000000097c00000|100%| E|CS|TAMS 0x0000000097b00000| PB 0x0000000097b00000| Complete |  0
| 380|0x0000000097c00000, 0x0000000097d00000, 0x0000000097d00000|100%| O|Cm|TAMS 0x0000000097c00000| PB 0x0000000097c00000| Complete |  0
| 381|0x0000000097d00000, 0x0000000097e00000, 0x0000000097e00000|100%| E|CS|TAMS 0x0000000097d00000| PB 0x0000000097d00000| Complete |  0
| 382|0x0000000097e00000, 0x0000000097f00000, 0x0000000097f00000|100%| O|  |TAMS 0x0000000097e00000| PB 0x0000000097e00000| Untracked |  0
| 383|0x0000000097f00000, 0x0000000098000000, 0x0000000098000000|100%| O|  |TAMS 0x0000000097f00000| PB 0x0000000097f00000| Untracked |  0
| 384|0x0000000098000000, 0x0000000098100000, 0x0000000098100000|100%| E|CS|TAMS 0x0000000098000000| PB 0x0000000098000000| Complete |  0
| 385|0x0000000098100000, 0x0000000098200000, 0x0000000098200000|100%| O|  |TAMS 0x0000000098100000| PB 0x0000000098100000| Untracked |  0
| 386|0x0000000098200000, 0x0000000098300000, 0x0000000098300000|100%| O|  |TAMS 0x0000000098200000| PB 0x0000000098200000| Untracked |  0
| 387|0x0000000098300000, 0x0000000098400000, 0x0000000098400000|100%| E|CS|TAMS 0x0000000098300000| PB 0x0000000098300000| Complete |  0
| 388|0x0000000098400000, 0x0000000098500000, 0x0000000098500000|100%| O|Cm|TAMS 0x0000000098400000| PB 0x0000000098400000| Complete |  0
| 389|0x0000000098500000, 0x0000000098600000, 0x0000000098600000|100%| E|CS|TAMS 0x0000000098500000| PB 0x0000000098500000| Complete |  0
| 390|0x0000000098600000, 0x0000000098700000, 0x0000000098700000|100%| O|Cm|TAMS 0x0000000098600000| PB 0x0000000098600000| Complete |  0
| 391|0x0000000098700000, 0x0000000098800000, 0x0000000098800000|100%| O|  |TAMS 0x0000000098700000| PB 0x0000000098700000| Untracked |  0
| 392|0x0000000098800000, 0x0000000098900000, 0x0000000098900000|100%| O|  |TAMS 0x0000000098800000| PB 0x0000000098800000| Untracked |  0
| 393|0x0000000098900000, 0x0000000098a00000, 0x0000000098a00000|100%| O|  |TAMS 0x0000000098900000| PB 0x0000000098900000| Untracked |  0
| 394|0x0000000098a00000, 0x0000000098b00000, 0x0000000098b00000|100%| O|  |TAMS 0x0000000098a00000| PB 0x0000000098a00000| Untracked |  0
| 395|0x0000000098b00000, 0x0000000098c00000, 0x0000000098c00000|100%| E|CS|TAMS 0x0000000098b00000| PB 0x0000000098b00000| Complete |  0
| 396|0x0000000098c00000, 0x0000000098d00000, 0x0000000098d00000|100%| O|  |TAMS 0x0000000098c00000| PB 0x0000000098c00000| Untracked |  0
| 397|0x0000000098d00000, 0x0000000098e00000, 0x0000000098e00000|100%| O|  |TAMS 0x0000000098d00000| PB 0x0000000098d00000| Untracked |  0
| 398|0x0000000098e00000, 0x0000000098f00000, 0x0000000098f00000|100%| O|  |TAMS 0x0000000098e00000| PB 0x0000000098e00000| Untracked |  0
| 399|0x0000000098f00000, 0x0000000099000000, 0x0000000099000000|100%| O|  |TAMS 0x0000000098f00000| PB 0x0000000098f00000| Untracked |  0
| 400|0x0000000099000000, 0x0000000099100000, 0x0000000099100000|100%| O|  |TAMS 0x0000000099000000| PB 0x0000000099000000| Untracked |  0
| 401|0x0000000099100000, 0x0000000099200000, 0x0000000099200000|100%| O|  |TAMS 0x0000000099100000| PB 0x0000000099100000| Untracked |  0
| 402|0x0000000099200000, 0x0000000099300000, 0x0000000099300000|100%| O|  |TAMS 0x0000000099200000| PB 0x0000000099200000| Untracked |  0
| 403|0x0000000099300000, 0x0000000099400000, 0x0000000099400000|100%| E|CS|TAMS 0x0000000099300000| PB 0x0000000099300000| Complete |  0
| 404|0x0000000099400000, 0x0000000099500000, 0x0000000099500000|100%| E|CS|TAMS 0x0000000099400000| PB 0x0000000099400000| Complete |  0
| 405|0x0000000099500000, 0x0000000099600000, 0x0000000099600000|100%| E|CS|TAMS 0x0000000099500000| PB 0x0000000099500000| Complete |  0
| 406|0x0000000099600000, 0x0000000099700000, 0x0000000099700000|100%| E|CS|TAMS 0x0000000099600000| PB 0x0000000099600000| Complete |  0
| 407|0x0000000099700000, 0x0000000099800000, 0x0000000099800000|100%| E|CS|TAMS 0x0000000099700000| PB 0x0000000099700000| Complete |  0
| 408|0x0000000099800000, 0x0000000099900000, 0x0000000099900000|100%| O|  |TAMS 0x0000000099800000| PB 0x0000000099800000| Untracked |  0
| 409|0x0000000099900000, 0x0000000099a00000, 0x0000000099a00000|100%| O|  |TAMS 0x0000000099900000| PB 0x0000000099900000| Untracked |  0
| 410|0x0000000099a00000, 0x0000000099b00000, 0x0000000099b00000|100%| E|CS|TAMS 0x0000000099a00000| PB 0x0000000099a00000| Complete |  0
| 411|0x0000000099b00000, 0x0000000099c00000, 0x0000000099c00000|100%| O|  |TAMS 0x0000000099b00000| PB 0x0000000099b00000| Untracked |  0
| 412|0x0000000099c00000, 0x0000000099d00000, 0x0000000099d00000|100%| O|Cm|TAMS 0x0000000099c00000| PB 0x0000000099c00000| Complete |  0
| 413|0x0000000099d00000, 0x0000000099e00000, 0x0000000099e00000|100%| E|CS|TAMS 0x0000000099d00000| PB 0x0000000099d00000| Complete |  0
| 414|0x0000000099e00000, 0x0000000099f00000, 0x0000000099f00000|100%| O|Cm|TAMS 0x0000000099e00000| PB 0x0000000099e00000| Complete |  0
| 415|0x0000000099f00000, 0x000000009a000000, 0x000000009a000000|100%| E|CS|TAMS 0x0000000099f00000| PB 0x0000000099f00000| Complete |  0
| 416|0x000000009a000000, 0x000000009a100000, 0x000000009a100000|100%| O|Cm|TAMS 0x000000009a000000| PB 0x000000009a000000| Complete |  0
| 417|0x000000009a100000, 0x000000009a200000, 0x000000009a200000|100%| O|  |TAMS 0x000000009a100000| PB 0x000000009a100000| Untracked |  0
| 418|0x000000009a200000, 0x000000009a300000, 0x000000009a300000|100%| E|CS|TAMS 0x000000009a200000| PB 0x000000009a200000| Complete |  0
| 419|0x000000009a300000, 0x000000009a400000, 0x000000009a400000|100%| O|  |TAMS 0x000000009a300000| PB 0x000000009a300000| Untracked |  0
| 420|0x000000009a400000, 0x000000009a500000, 0x000000009a500000|100%| O|Cm|TAMS 0x000000009a400000| PB 0x000000009a400000| Complete |  0
| 421|0x000000009a500000, 0x000000009a600000, 0x000000009a600000|100%| O|Cm|TAMS 0x000000009a500000| PB 0x000000009a500000| Complete |  0
| 422|0x000000009a600000, 0x000000009a700000, 0x000000009a700000|100%| E|CS|TAMS 0x000000009a600000| PB 0x000000009a600000| Complete |  0
| 423|0x000000009a700000, 0x000000009a800000, 0x000000009a800000|100%| E|CS|TAMS 0x000000009a700000| PB 0x000000009a700000| Complete |  0
| 424|0x000000009a800000, 0x000000009a900000, 0x000000009a900000|100%| E|CS|TAMS 0x000000009a800000| PB 0x000000009a800000| Complete |  0
| 425|0x000000009a900000, 0x000000009aa00000, 0x000000009aa00000|100%| O|Cm|TAMS 0x000000009a900000| PB 0x000000009a900000| Complete |  0
| 426|0x000000009aa00000, 0x000000009ab00000, 0x000000009ab00000|100%| O|  |TAMS 0x000000009aa00000| PB 0x000000009aa00000| Untracked |  0
| 427|0x000000009ab00000, 0x000000009ac00000, 0x000000009ac00000|100%| E|CS|TAMS 0x000000009ab00000| PB 0x000000009ab00000| Complete |  0
| 428|0x000000009ac00000, 0x000000009ad00000, 0x000000009ad00000|100%| E|CS|TAMS 0x000000009ac00000| PB 0x000000009ac00000| Complete |  0
| 429|0x000000009ad00000, 0x000000009ae00000, 0x000000009ae00000|100%| E|CS|TAMS 0x000000009ad00000| PB 0x000000009ad00000| Complete |  0
| 430|0x000000009ae00000, 0x000000009af00000, 0x000000009af00000|100%| O|Cm|TAMS 0x000000009ae00000| PB 0x000000009ae00000| Complete |  0
| 431|0x000000009af00000, 0x000000009b000000, 0x000000009b000000|100%| E|CS|TAMS 0x000000009af00000| PB 0x000000009af00000| Complete |  0
| 432|0x000000009b000000, 0x000000009b100000, 0x000000009b100000|100%| E|CS|TAMS 0x000000009b000000| PB 0x000000009b000000| Complete |  0
| 433|0x000000009b100000, 0x000000009b200000, 0x000000009b200000|100%| E|CS|TAMS 0x000000009b100000| PB 0x000000009b100000| Complete |  0
| 434|0x000000009b200000, 0x000000009b300000, 0x000000009b300000|100%| O|  |TAMS 0x000000009b200000| PB 0x000000009b200000| Untracked |  0
| 435|0x000000009b300000, 0x000000009b400000, 0x000000009b400000|100%| E|CS|TAMS 0x000000009b300000| PB 0x000000009b300000| Complete |  0
| 436|0x000000009b400000, 0x000000009b500000, 0x000000009b500000|100%| E|CS|TAMS 0x000000009b400000| PB 0x000000009b400000| Complete |  0
| 437|0x000000009b500000, 0x000000009b600000, 0x000000009b600000|100%| E|CS|TAMS 0x000000009b500000| PB 0x000000009b500000| Complete |  0
| 438|0x000000009b600000, 0x000000009b700000, 0x000000009b700000|100%| E|CS|TAMS 0x000000009b600000| PB 0x000000009b600000| Complete |  0
| 439|0x000000009b700000, 0x000000009b800000, 0x000000009b800000|100%| O|  |TAMS 0x000000009b700000| PB 0x000000009b700000| Untracked |  0
| 440|0x000000009b800000, 0x000000009b900000, 0x000000009b900000|100%| E|CS|TAMS 0x000000009b800000| PB 0x000000009b800000| Complete |  0
| 441|0x000000009b900000, 0x000000009ba00000, 0x000000009ba00000|100%| O|  |TAMS 0x000000009b900000| PB 0x000000009b900000| Untracked |  0
| 442|0x000000009ba00000, 0x000000009bb00000, 0x000000009bb00000|100%| E|CS|TAMS 0x000000009ba00000| PB 0x000000009ba00000| Complete |  0
| 443|0x000000009bb00000, 0x000000009bc00000, 0x000000009bc00000|100%| E|CS|TAMS 0x000000009bb00000| PB 0x000000009bb00000| Complete |  0
| 444|0x000000009bc00000, 0x000000009bd00000, 0x000000009bd00000|100%| E|CS|TAMS 0x000000009bc00000| PB 0x000000009bc00000| Complete |  0
| 445|0x000000009bd00000, 0x000000009be00000, 0x000000009be00000|100%| E|CS|TAMS 0x000000009bd00000| PB 0x000000009bd00000| Complete |  0
| 446|0x000000009be00000, 0x000000009bf00000, 0x000000009bf00000|100%| E|CS|TAMS 0x000000009be00000| PB 0x000000009be00000| Complete |  0
| 447|0x000000009bf00000, 0x000000009c000000, 0x000000009c000000|100%| O|  |TAMS 0x000000009bf00000| PB 0x000000009bf00000| Untracked |  0
| 448|0x000000009c000000, 0x000000009c100000, 0x000000009c100000|100%| O|Cm|TAMS 0x000000009c000000| PB 0x000000009c000000| Complete |  0
| 449|0x000000009c100000, 0x000000009c200000, 0x000000009c200000|100%| E|CS|TAMS 0x000000009c100000| PB 0x000000009c100000| Complete |  0
| 450|0x000000009c200000, 0x000000009c300000, 0x000000009c300000|100%| O|Cm|TAMS 0x000000009c200000| PB 0x000000009c200000| Complete |  0
| 451|0x000000009c300000, 0x000000009c400000, 0x000000009c400000|100%| O|Cm|TAMS 0x000000009c300000| PB 0x000000009c300000| Complete |  0
| 452|0x000000009c400000, 0x000000009c500000, 0x000000009c500000|100%|HS|  |TAMS 0x000000009c400000| PB 0x000000009c400000| Complete |  0
| 453|0x000000009c500000, 0x000000009c600000, 0x000000009c600000|100%|HC|  |TAMS 0x000000009c500000| PB 0x000000009c500000| Complete |  0
| 454|0x000000009c600000, 0x000000009c700000, 0x000000009c700000|100%|HC|  |TAMS 0x000000009c600000| PB 0x000000009c600000| Complete |  0
| 455|0x000000009c700000, 0x000000009c800000, 0x000000009c800000|100%|HC|  |TAMS 0x000000009c700000| PB 0x000000009c700000| Complete |  0
| 456|0x000000009c800000, 0x000000009c900000, 0x000000009c900000|100%|HC|  |TAMS 0x000000009c800000| PB 0x000000009c800000| Complete |  0
| 457|0x000000009c900000, 0x000000009ca00000, 0x000000009ca00000|100%|HC|  |TAMS 0x000000009c900000| PB 0x000000009c900000| Complete |  0
| 458|0x000000009ca00000, 0x000000009cb00000, 0x000000009cb00000|100%|HC|  |TAMS 0x000000009ca00000| PB 0x000000009ca00000| Complete |  0
| 459|0x000000009cb00000, 0x000000009cc00000, 0x000000009cc00000|100%|HC|  |TAMS 0x000000009cb00000| PB 0x000000009cb00000| Complete |  0
| 460|0x000000009cc00000, 0x000000009cd00000, 0x000000009cd00000|100%|HC|  |TAMS 0x000000009cc00000| PB 0x000000009cc00000| Complete |  0
| 461|0x000000009cd00000, 0x000000009ce00000, 0x000000009ce00000|100%|HC|  |TAMS 0x000000009cd00000| PB 0x000000009cd00000| Complete |  0
| 462|0x000000009ce00000, 0x000000009cf00000, 0x000000009cf00000|100%|HC|  |TAMS 0x000000009ce00000| PB 0x000000009ce00000| Complete |  0
| 463|0x000000009cf00000, 0x000000009d000000, 0x000000009d000000|100%|HC|  |TAMS 0x000000009cf00000| PB 0x000000009cf00000| Complete |  0
| 464|0x000000009d000000, 0x000000009d100000, 0x000000009d100000|100%|HC|  |TAMS 0x000000009d000000| PB 0x000000009d000000| Complete |  0
| 465|0x000000009d100000, 0x000000009d200000, 0x000000009d200000|100%|HC|  |TAMS 0x000000009d100000| PB 0x000000009d100000| Complete |  0
| 466|0x000000009d200000, 0x000000009d300000, 0x000000009d300000|100%|HC|  |TAMS 0x000000009d200000| PB 0x000000009d200000| Complete |  0
| 467|0x000000009d300000, 0x000000009d400000, 0x000000009d400000|100%|HC|  |TAMS 0x000000009d300000| PB 0x000000009d300000| Complete |  0
| 468|0x000000009d400000, 0x000000009d500000, 0x000000009d500000|100%|HS|  |TAMS 0x000000009d400000| PB 0x000000009d400000| Complete |  0
| 469|0x000000009d500000, 0x000000009d600000, 0x000000009d600000|100%|HC|  |TAMS 0x000000009d500000| PB 0x000000009d500000| Complete |  0
| 470|0x000000009d600000, 0x000000009d700000, 0x000000009d700000|100%|HC|  |TAMS 0x000000009d600000| PB 0x000000009d600000| Complete |  0
| 471|0x000000009d700000, 0x000000009d800000, 0x000000009d800000|100%|HC|  |TAMS 0x000000009d700000| PB 0x000000009d700000| Complete |  0
| 472|0x000000009d800000, 0x000000009d900000, 0x000000009d900000|100%|HC|  |TAMS 0x000000009d800000| PB 0x000000009d800000| Complete |  0
| 473|0x000000009d900000, 0x000000009da00000, 0x000000009da00000|100%|HC|  |TAMS 0x000000009d900000| PB 0x000000009d900000| Complete |  0
| 474|0x000000009da00000, 0x000000009db00000, 0x000000009db00000|100%|HC|  |TAMS 0x000000009da00000| PB 0x000000009da00000| Complete |  0
| 475|0x000000009db00000, 0x000000009dc00000, 0x000000009dc00000|100%|HC|  |TAMS 0x000000009db00000| PB 0x000000009db00000| Complete |  0
| 476|0x000000009dc00000, 0x000000009dd00000, 0x000000009dd00000|100%|HC|  |TAMS 0x000000009dc00000| PB 0x000000009dc00000| Complete |  0
| 477|0x000000009dd00000, 0x000000009de00000, 0x000000009de00000|100%|HC|  |TAMS 0x000000009dd00000| PB 0x000000009dd00000| Complete |  0
| 478|0x000000009de00000, 0x000000009df00000, 0x000000009df00000|100%|HC|  |TAMS 0x000000009de00000| PB 0x000000009de00000| Complete |  0
| 479|0x000000009df00000, 0x000000009e000000, 0x000000009e000000|100%|HC|  |TAMS 0x000000009df00000| PB 0x000000009df00000| Complete |  0
| 480|0x000000009e000000, 0x000000009e100000, 0x000000009e100000|100%|HC|  |TAMS 0x000000009e000000| PB 0x000000009e000000| Complete |  0
| 481|0x000000009e100000, 0x000000009e200000, 0x000000009e200000|100%|HC|  |TAMS 0x000000009e100000| PB 0x000000009e100000| Complete |  0
| 482|0x000000009e200000, 0x000000009e300000, 0x000000009e300000|100%|HC|  |TAMS 0x000000009e200000| PB 0x000000009e200000| Complete |  0
| 483|0x000000009e300000, 0x000000009e400000, 0x000000009e400000|100%|HC|  |TAMS 0x000000009e300000| PB 0x000000009e300000| Complete |  0
| 484|0x000000009e400000, 0x000000009e500000, 0x000000009e500000|100%|HC|  |TAMS 0x000000009e400000| PB 0x000000009e400000| Complete |  0
| 485|0x000000009e500000, 0x000000009e600000, 0x000000009e600000|100%|HC|  |TAMS 0x000000009e500000| PB 0x000000009e500000| Complete |  0
| 486|0x000000009e600000, 0x000000009e700000, 0x000000009e700000|100%|HC|  |TAMS 0x000000009e600000| PB 0x000000009e600000| Complete |  0
| 487|0x000000009e700000, 0x000000009e800000, 0x000000009e800000|100%|HC|  |TAMS 0x000000009e700000| PB 0x000000009e700000| Complete |  0
| 488|0x000000009e800000, 0x000000009e900000, 0x000000009e900000|100%|HC|  |TAMS 0x000000009e800000| PB 0x000000009e800000| Complete |  0
| 489|0x000000009e900000, 0x000000009ea00000, 0x000000009ea00000|100%|HC|  |TAMS 0x000000009e900000| PB 0x000000009e900000| Complete |  0
| 490|0x000000009ea00000, 0x000000009eb00000, 0x000000009eb00000|100%|HC|  |TAMS 0x000000009ea00000| PB 0x000000009ea00000| Complete |  0
| 491|0x000000009eb00000, 0x000000009ec00000, 0x000000009ec00000|100%|HC|  |TAMS 0x000000009eb00000| PB 0x000000009eb00000| Complete |  0
| 492|0x000000009ec00000, 0x000000009ed00000, 0x000000009ed00000|100%|HC|  |TAMS 0x000000009ec00000| PB 0x000000009ec00000| Complete |  0
| 493|0x000000009ed00000, 0x000000009ee00000, 0x000000009ee00000|100%|HC|  |TAMS 0x000000009ed00000| PB 0x000000009ed00000| Complete |  0
| 494|0x000000009ee00000, 0x000000009ef00000, 0x000000009ef00000|100%|HC|  |TAMS 0x000000009ee00000| PB 0x000000009ee00000| Complete |  0
| 495|0x000000009ef00000, 0x000000009f000000, 0x000000009f000000|100%|HC|  |TAMS 0x000000009ef00000| PB 0x000000009ef00000| Complete |  0
| 496|0x000000009f000000, 0x000000009f100000, 0x000000009f100000|100%|HC|  |TAMS 0x000000009f000000| PB 0x000000009f000000| Complete |  0
| 497|0x000000009f100000, 0x000000009f200000, 0x000000009f200000|100%|HC|  |TAMS 0x000000009f100000| PB 0x000000009f100000| Complete |  0
| 498|0x000000009f200000, 0x000000009f300000, 0x000000009f300000|100%|HC|  |TAMS 0x000000009f200000| PB 0x000000009f200000| Complete |  0
| 499|0x000000009f300000, 0x000000009f400000, 0x000000009f400000|100%|HC|  |TAMS 0x000000009f300000| PB 0x000000009f300000| Complete |  0
| 500|0x000000009f400000, 0x000000009f500000, 0x000000009f500000|100%|HC|  |TAMS 0x000000009f400000| PB 0x000000009f400000| Complete |  0
| 501|0x000000009f500000, 0x000000009f600000, 0x000000009f600000|100%|HC|  |TAMS 0x000000009f500000| PB 0x000000009f500000| Complete |  0
| 502|0x000000009f600000, 0x000000009f700000, 0x000000009f700000|100%|HC|  |TAMS 0x000000009f600000| PB 0x000000009f600000| Complete |  0
| 503|0x000000009f700000, 0x000000009f800000, 0x000000009f800000|100%|HC|  |TAMS 0x000000009f700000| PB 0x000000009f700000| Complete |  0
| 504|0x000000009f800000, 0x000000009f900000, 0x000000009f900000|100%|HC|  |TAMS 0x000000009f800000| PB 0x000000009f800000| Complete |  0
| 505|0x000000009f900000, 0x000000009fa00000, 0x000000009fa00000|100%|HC|  |TAMS 0x000000009f900000| PB 0x000000009f900000| Complete |  0
| 506|0x000000009fa00000, 0x000000009fb00000, 0x000000009fb00000|100%|HC|  |TAMS 0x000000009fa00000| PB 0x000000009fa00000| Complete |  0
| 507|0x000000009fb00000, 0x000000009fc00000, 0x000000009fc00000|100%|HC|  |TAMS 0x000000009fb00000| PB 0x000000009fb00000| Complete |  0
| 508|0x000000009fc00000, 0x000000009fd00000, 0x000000009fd00000|100%|HC|  |TAMS 0x000000009fc00000| PB 0x000000009fc00000| Complete |  0
| 509|0x000000009fd00000, 0x000000009fe00000, 0x000000009fe00000|100%|HC|  |TAMS 0x000000009fd00000| PB 0x000000009fd00000| Complete |  0
| 510|0x000000009fe00000, 0x000000009ff00000, 0x000000009ff00000|100%|HS|  |TAMS 0x000000009fe00000| PB 0x000000009fe00000| Complete |  0
| 511|0x000000009ff00000, 0x00000000a0000000, 0x00000000a0000000|100%|HC|  |TAMS 0x000000009ff00000| PB 0x000000009ff00000| Complete |  0
| 512|0x00000000a0000000, 0x00000000a0100000, 0x00000000a0100000|100%|HC|  |TAMS 0x00000000a0000000| PB 0x00000000a0000000| Complete |  0
| 513|0x00000000a0100000, 0x00000000a0200000, 0x00000000a0200000|100%|HC|  |TAMS 0x00000000a0100000| PB 0x00000000a0100000| Complete |  0
| 514|0x00000000a0200000, 0x00000000a0300000, 0x00000000a0300000|100%|HC|  |TAMS 0x00000000a0200000| PB 0x00000000a0200000| Complete |  0
| 515|0x00000000a0300000, 0x00000000a0400000, 0x00000000a0400000|100%|HC|  |TAMS 0x00000000a0300000| PB 0x00000000a0300000| Complete |  0
| 516|0x00000000a0400000, 0x00000000a0500000, 0x00000000a0500000|100%|HC|  |TAMS 0x00000000a0400000| PB 0x00000000a0400000| Complete |  0
| 517|0x00000000a0500000, 0x00000000a0600000, 0x00000000a0600000|100%|HC|  |TAMS 0x00000000a0500000| PB 0x00000000a0500000| Complete |  0
| 518|0x00000000a0600000, 0x00000000a0700000, 0x00000000a0700000|100%|HC|  |TAMS 0x00000000a0600000| PB 0x00000000a0600000| Complete |  0
| 519|0x00000000a0700000, 0x00000000a0800000, 0x00000000a0800000|100%|HC|  |TAMS 0x00000000a0700000| PB 0x00000000a0700000| Complete |  0
| 520|0x00000000a0800000, 0x00000000a0900000, 0x00000000a0900000|100%|HC|  |TAMS 0x00000000a0800000| PB 0x00000000a0800000| Complete |  0
| 521|0x00000000a0900000, 0x00000000a0a00000, 0x00000000a0a00000|100%|HC|  |TAMS 0x00000000a0900000| PB 0x00000000a0900000| Complete |  0
| 522|0x00000000a0a00000, 0x00000000a0b00000, 0x00000000a0b00000|100%|HC|  |TAMS 0x00000000a0a00000| PB 0x00000000a0a00000| Complete |  0
| 523|0x00000000a0b00000, 0x00000000a0c00000, 0x00000000a0c00000|100%|HC|  |TAMS 0x00000000a0b00000| PB 0x00000000a0b00000| Complete |  0
| 524|0x00000000a0c00000, 0x00000000a0d00000, 0x00000000a0d00000|100%|HC|  |TAMS 0x00000000a0c00000| PB 0x00000000a0c00000| Complete |  0
| 525|0x00000000a0d00000, 0x00000000a0e00000, 0x00000000a0e00000|100%|HC|  |TAMS 0x00000000a0d00000| PB 0x00000000a0d00000| Complete |  0
| 526|0x00000000a0e00000, 0x00000000a0f00000, 0x00000000a0f00000|100%| E|CS|TAMS 0x00000000a0e00000| PB 0x00000000a0e00000| Complete |  0
| 527|0x00000000a0f00000, 0x00000000a1000000, 0x00000000a1000000|100%| E|CS|TAMS 0x00000000a0f00000| PB 0x00000000a0f00000| Complete |  0
| 528|0x00000000a1000000, 0x00000000a1100000, 0x00000000a1100000|100%| E|CS|TAMS 0x00000000a1000000| PB 0x00000000a1000000| Complete |  0
| 529|0x00000000a1100000, 0x00000000a1200000, 0x00000000a1200000|100%| E|CS|TAMS 0x00000000a1100000| PB 0x00000000a1100000| Complete |  0
| 530|0x00000000a1200000, 0x00000000a1300000, 0x00000000a1300000|100%| E|CS|TAMS 0x00000000a1200000| PB 0x00000000a1200000| Complete |  0
| 531|0x00000000a1300000, 0x00000000a1400000, 0x00000000a1400000|100%| E|CS|TAMS 0x00000000a1300000| PB 0x00000000a1300000| Complete |  0
| 532|0x00000000a1400000, 0x00000000a1500000, 0x00000000a1500000|100%| E|CS|TAMS 0x00000000a1400000| PB 0x00000000a1400000| Complete |  0
| 533|0x00000000a1500000, 0x00000000a1600000, 0x00000000a1600000|100%| E|CS|TAMS 0x00000000a1500000| PB 0x00000000a1500000| Complete |  0
| 534|0x00000000a1600000, 0x00000000a1700000, 0x00000000a1700000|100%| E|CS|TAMS 0x00000000a1600000| PB 0x00000000a1600000| Complete |  0
| 535|0x00000000a1700000, 0x00000000a1800000, 0x00000000a1800000|100%| E|CS|TAMS 0x00000000a1700000| PB 0x00000000a1700000| Complete |  0
| 536|0x00000000a1800000, 0x00000000a1900000, 0x00000000a1900000|100%| E|CS|TAMS 0x00000000a1800000| PB 0x00000000a1800000| Complete |  0
| 537|0x00000000a1900000, 0x00000000a1a00000, 0x00000000a1a00000|100%| E|CS|TAMS 0x00000000a1900000| PB 0x00000000a1900000| Complete |  0
| 538|0x00000000a1a00000, 0x00000000a1b00000, 0x00000000a1b00000|100%| O|  |TAMS 0x00000000a1a00000| PB 0x00000000a1a00000| Untracked |  0
| 539|0x00000000a1b00000, 0x00000000a1c00000, 0x00000000a1c00000|100%| E|CS|TAMS 0x00000000a1b00000| PB 0x00000000a1b00000| Complete |  0
| 540|0x00000000a1c00000, 0x00000000a1d00000, 0x00000000a1d00000|100%| E|CS|TAMS 0x00000000a1c00000| PB 0x00000000a1c00000| Complete |  0
| 541|0x00000000a1d00000, 0x00000000a1e00000, 0x00000000a1e00000|100%| E|CS|TAMS 0x00000000a1d00000| PB 0x00000000a1d00000| Complete |  0
| 542|0x00000000a1e00000, 0x00000000a1f00000, 0x00000000a1f00000|100%| E|CS|TAMS 0x00000000a1e00000| PB 0x00000000a1e00000| Complete |  0
| 543|0x00000000a1f00000, 0x00000000a2000000, 0x00000000a2000000|100%| E|CS|TAMS 0x00000000a1f00000| PB 0x00000000a1f00000| Complete |  0
| 544|0x00000000a2000000, 0x00000000a2100000, 0x00000000a2100000|100%| E|CS|TAMS 0x00000000a2000000| PB 0x00000000a2000000| Complete |  0
| 545|0x00000000a2100000, 0x00000000a2200000, 0x00000000a2200000|100%| E|CS|TAMS 0x00000000a2100000| PB 0x00000000a2100000| Complete |  0
| 546|0x00000000a2200000, 0x00000000a2300000, 0x00000000a2300000|100%| E|CS|TAMS 0x00000000a2200000| PB 0x00000000a2200000| Complete |  0
| 547|0x00000000a2300000, 0x00000000a2400000, 0x00000000a2400000|100%| E|CS|TAMS 0x00000000a2300000| PB 0x00000000a2300000| Complete |  0
| 548|0x00000000a2400000, 0x00000000a2500000, 0x00000000a2500000|100%| E|CS|TAMS 0x00000000a2400000| PB 0x00000000a2400000| Complete |  0
| 549|0x00000000a2500000, 0x00000000a2600000, 0x00000000a2600000|100%| E|CS|TAMS 0x00000000a2500000| PB 0x00000000a2500000| Complete |  0
| 550|0x00000000a2600000, 0x00000000a2700000, 0x00000000a2700000|100%| E|CS|TAMS 0x00000000a2600000| PB 0x00000000a2600000| Complete |  0
| 551|0x00000000a2700000, 0x00000000a2800000, 0x00000000a2800000|100%| E|CS|TAMS 0x00000000a2700000| PB 0x00000000a2700000| Complete |  0
| 552|0x00000000a2800000, 0x00000000a2900000, 0x00000000a2900000|100%| E|CS|TAMS 0x00000000a2800000| PB 0x00000000a2800000| Complete |  0
| 553|0x00000000a2900000, 0x00000000a2a00000, 0x00000000a2a00000|100%| E|CS|TAMS 0x00000000a2900000| PB 0x00000000a2900000| Complete |  0
| 554|0x00000000a2a00000, 0x00000000a2b00000, 0x00000000a2b00000|100%| E|CS|TAMS 0x00000000a2a00000| PB 0x00000000a2a00000| Complete |  0
| 555|0x00000000a2b00000, 0x00000000a2c00000, 0x00000000a2c00000|100%| E|CS|TAMS 0x00000000a2b00000| PB 0x00000000a2b00000| Complete |  0
| 556|0x00000000a2c00000, 0x00000000a2d00000, 0x00000000a2d00000|100%| E|CS|TAMS 0x00000000a2c00000| PB 0x00000000a2c00000| Complete |  0
| 557|0x00000000a2d00000, 0x00000000a2e00000, 0x00000000a2e00000|100%| E|CS|TAMS 0x00000000a2d00000| PB 0x00000000a2d00000| Complete |  0
| 558|0x00000000a2e00000, 0x00000000a2f00000, 0x00000000a2f00000|100%| E|CS|TAMS 0x00000000a2e00000| PB 0x00000000a2e00000| Complete |  0
| 559|0x00000000a2f00000, 0x00000000a3000000, 0x00000000a3000000|100%| E|CS|TAMS 0x00000000a2f00000| PB 0x00000000a2f00000| Complete |  0
| 560|0x00000000a3000000, 0x00000000a3100000, 0x00000000a3100000|100%| E|CS|TAMS 0x00000000a3000000| PB 0x00000000a3000000| Complete |  0
| 561|0x00000000a3100000, 0x00000000a3200000, 0x00000000a3200000|100%| E|CS|TAMS 0x00000000a3100000| PB 0x00000000a3100000| Complete |  0
| 562|0x00000000a3200000, 0x00000000a3300000, 0x00000000a3300000|100%| E|CS|TAMS 0x00000000a3200000| PB 0x00000000a3200000| Complete |  0
| 563|0x00000000a3300000, 0x00000000a3400000, 0x00000000a3400000|100%| E|CS|TAMS 0x00000000a3300000| PB 0x00000000a3300000| Complete |  0
| 564|0x00000000a3400000, 0x00000000a3500000, 0x00000000a3500000|100%| E|CS|TAMS 0x00000000a3400000| PB 0x00000000a3400000| Complete |  0
| 565|0x00000000a3500000, 0x00000000a3600000, 0x00000000a3600000|100%| E|CS|TAMS 0x00000000a3500000| PB 0x00000000a3500000| Complete |  0
| 566|0x00000000a3600000, 0x00000000a3700000, 0x00000000a3700000|100%| E|CS|TAMS 0x00000000a3600000| PB 0x00000000a3600000| Complete |  0
| 567|0x00000000a3700000, 0x00000000a3800000, 0x00000000a3800000|100%| E|CS|TAMS 0x00000000a3700000| PB 0x00000000a3700000| Complete |  0
| 568|0x00000000a3800000, 0x00000000a3900000, 0x00000000a3900000|100%| E|CS|TAMS 0x00000000a3800000| PB 0x00000000a3800000| Complete |  0
| 569|0x00000000a3900000, 0x00000000a3a00000, 0x00000000a3a00000|100%| E|CS|TAMS 0x00000000a3900000| PB 0x00000000a3900000| Complete |  0
| 570|0x00000000a3a00000, 0x00000000a3b00000, 0x00000000a3b00000|100%| E|CS|TAMS 0x00000000a3a00000| PB 0x00000000a3a00000| Complete |  0
| 571|0x00000000a3b00000, 0x00000000a3c00000, 0x00000000a3c00000|100%| E|CS|TAMS 0x00000000a3b00000| PB 0x00000000a3b00000| Complete |  0
| 572|0x00000000a3c00000, 0x00000000a3d00000, 0x00000000a3d00000|100%| E|CS|TAMS 0x00000000a3c00000| PB 0x00000000a3c00000| Complete |  0
| 573|0x00000000a3d00000, 0x00000000a3e00000, 0x00000000a3e00000|100%| E|CS|TAMS 0x00000000a3d00000| PB 0x00000000a3d00000| Complete |  0
| 574|0x00000000a3e00000, 0x00000000a3f00000, 0x00000000a3f00000|100%| O|  |TAMS 0x00000000a3e00000| PB 0x00000000a3e00000| Untracked |  0
| 575|0x00000000a3f00000, 0x00000000a4000000, 0x00000000a4000000|100%|HS|  |TAMS 0x00000000a3f00000| PB 0x00000000a3f00000| Complete |  0
| 576|0x00000000a4000000, 0x00000000a4100000, 0x00000000a4100000|100%|HC|  |TAMS 0x00000000a4000000| PB 0x00000000a4000000| Complete |  0
| 577|0x00000000a4100000, 0x00000000a4200000, 0x00000000a4200000|100%|HC|  |TAMS 0x00000000a4100000| PB 0x00000000a4100000| Complete |  0
| 578|0x00000000a4200000, 0x00000000a4300000, 0x00000000a4300000|100%|HC|  |TAMS 0x00000000a4200000| PB 0x00000000a4200000| Complete |  0
| 579|0x00000000a4300000, 0x00000000a4400000, 0x00000000a4400000|100%|HC|  |TAMS 0x00000000a4300000| PB 0x00000000a4300000| Complete |  0
| 580|0x00000000a4400000, 0x00000000a4500000, 0x00000000a4500000|100%|HC|  |TAMS 0x00000000a4400000| PB 0x00000000a4400000| Complete |  0
| 581|0x00000000a4500000, 0x00000000a4600000, 0x00000000a4600000|100%|HC|  |TAMS 0x00000000a4500000| PB 0x00000000a4500000| Complete |  0
| 582|0x00000000a4600000, 0x00000000a4700000, 0x00000000a4700000|100%|HC|  |TAMS 0x00000000a4600000| PB 0x00000000a4600000| Complete |  0
| 583|0x00000000a4700000, 0x00000000a4800000, 0x00000000a4800000|100%|HC|  |TAMS 0x00000000a4700000| PB 0x00000000a4700000| Complete |  0
| 584|0x00000000a4800000, 0x00000000a4900000, 0x00000000a4900000|100%|HC|  |TAMS 0x00000000a4800000| PB 0x00000000a4800000| Complete |  0
| 585|0x00000000a4900000, 0x00000000a4a00000, 0x00000000a4a00000|100%|HC|  |TAMS 0x00000000a4900000| PB 0x00000000a4900000| Complete |  0
| 586|0x00000000a4a00000, 0x00000000a4b00000, 0x00000000a4b00000|100%|HC|  |TAMS 0x00000000a4a00000| PB 0x00000000a4a00000| Complete |  0
| 587|0x00000000a4b00000, 0x00000000a4c00000, 0x00000000a4c00000|100%|HC|  |TAMS 0x00000000a4b00000| PB 0x00000000a4b00000| Complete |  0
| 588|0x00000000a4c00000, 0x00000000a4d00000, 0x00000000a4d00000|100%|HC|  |TAMS 0x00000000a4c00000| PB 0x00000000a4c00000| Complete |  0
| 589|0x00000000a4d00000, 0x00000000a4e00000, 0x00000000a4e00000|100%|HC|  |TAMS 0x00000000a4d00000| PB 0x00000000a4d00000| Complete |  0
| 590|0x00000000a4e00000, 0x00000000a4f00000, 0x00000000a4f00000|100%|HC|  |TAMS 0x00000000a4e00000| PB 0x00000000a4e00000| Complete |  0
| 591|0x00000000a4f00000, 0x00000000a5000000, 0x00000000a5000000|100%|HC|  |TAMS 0x00000000a4f00000| PB 0x00000000a4f00000| Complete |  0
| 592|0x00000000a5000000, 0x00000000a5100000, 0x00000000a5100000|100%|HC|  |TAMS 0x00000000a5000000| PB 0x00000000a5000000| Complete |  0
| 593|0x00000000a5100000, 0x00000000a5200000, 0x00000000a5200000|100%|HC|  |TAMS 0x00000000a5100000| PB 0x00000000a5100000| Complete |  0
| 594|0x00000000a5200000, 0x00000000a5300000, 0x00000000a5300000|100%|HC|  |TAMS 0x00000000a5200000| PB 0x00000000a5200000| Complete |  0
| 595|0x00000000a5300000, 0x00000000a5400000, 0x00000000a5400000|100%|HC|  |TAMS 0x00000000a5300000| PB 0x00000000a5300000| Complete |  0
| 596|0x00000000a5400000, 0x00000000a5500000, 0x00000000a5500000|100%|HC|  |TAMS 0x00000000a5400000| PB 0x00000000a5400000| Complete |  0
| 597|0x00000000a5500000, 0x00000000a5600000, 0x00000000a5600000|100%|HC|  |TAMS 0x00000000a5500000| PB 0x00000000a5500000| Complete |  0
| 598|0x00000000a5600000, 0x00000000a5700000, 0x00000000a5700000|100%|HC|  |TAMS 0x00000000a5600000| PB 0x00000000a5600000| Complete |  0
| 599|0x00000000a5700000, 0x00000000a5800000, 0x00000000a5800000|100%|HC|  |TAMS 0x00000000a5700000| PB 0x00000000a5700000| Complete |  0
| 600|0x00000000a5800000, 0x00000000a5900000, 0x00000000a5900000|100%|HC|  |TAMS 0x00000000a5800000| PB 0x00000000a5800000| Complete |  0
| 601|0x00000000a5900000, 0x00000000a5a00000, 0x00000000a5a00000|100%|HC|  |TAMS 0x00000000a5900000| PB 0x00000000a5900000| Complete |  0
| 602|0x00000000a5a00000, 0x00000000a5b00000, 0x00000000a5b00000|100%|HC|  |TAMS 0x00000000a5a00000| PB 0x00000000a5a00000| Complete |  0
| 603|0x00000000a5b00000, 0x00000000a5c00000, 0x00000000a5c00000|100%|HC|  |TAMS 0x00000000a5b00000| PB 0x00000000a5b00000| Complete |  0
| 604|0x00000000a5c00000, 0x00000000a5d00000, 0x00000000a5d00000|100%|HC|  |TAMS 0x00000000a5c00000| PB 0x00000000a5c00000| Complete |  0
| 605|0x00000000a5d00000, 0x00000000a5e00000, 0x00000000a5e00000|100%|HC|  |TAMS 0x00000000a5d00000| PB 0x00000000a5d00000| Complete |  0
| 606|0x00000000a5e00000, 0x00000000a5f00000, 0x00000000a5f00000|100%|HC|  |TAMS 0x00000000a5e00000| PB 0x00000000a5e00000| Complete |  0
| 607|0x00000000a5f00000, 0x00000000a6000000, 0x00000000a6000000|100%|HC|  |TAMS 0x00000000a5f00000| PB 0x00000000a5f00000| Complete |  0
| 608|0x00000000a6000000, 0x00000000a6100000, 0x00000000a6100000|100%|HC|  |TAMS 0x00000000a6000000| PB 0x00000000a6000000| Complete |  0
| 609|0x00000000a6100000, 0x00000000a6200000, 0x00000000a6200000|100%|HC|  |TAMS 0x00000000a6100000| PB 0x00000000a6100000| Complete |  0
| 610|0x00000000a6200000, 0x00000000a6300000, 0x00000000a6300000|100%|HC|  |TAMS 0x00000000a6200000| PB 0x00000000a6200000| Complete |  0
| 611|0x00000000a6300000, 0x00000000a6400000, 0x00000000a6400000|100%|HC|  |TAMS 0x00000000a6300000| PB 0x00000000a6300000| Complete |  0
| 612|0x00000000a6400000, 0x00000000a6500000, 0x00000000a6500000|100%|HC|  |TAMS 0x00000000a6400000| PB 0x00000000a6400000| Complete |  0
| 613|0x00000000a6500000, 0x00000000a6600000, 0x00000000a6600000|100%|HC|  |TAMS 0x00000000a6500000| PB 0x00000000a6500000| Complete |  0
| 614|0x00000000a6600000, 0x00000000a6700000, 0x00000000a6700000|100%|HC|  |TAMS 0x00000000a6600000| PB 0x00000000a6600000| Complete |  0
| 615|0x00000000a6700000, 0x00000000a6800000, 0x00000000a6800000|100%|HC|  |TAMS 0x00000000a6700000| PB 0x00000000a6700000| Complete |  0
| 616|0x00000000a6800000, 0x00000000a6900000, 0x00000000a6900000|100%|HC|  |TAMS 0x00000000a6800000| PB 0x00000000a6800000| Complete |  0
| 617|0x00000000a6900000, 0x00000000a6a00000, 0x00000000a6a00000|100%| E|CS|TAMS 0x00000000a6900000| PB 0x00000000a6900000| Complete |  0
| 618|0x00000000a6a00000, 0x00000000a6b00000, 0x00000000a6b00000|100%| O|  |TAMS 0x00000000a6a00000| PB 0x00000000a6a00000| Untracked |  0
| 619|0x00000000a6b00000, 0x00000000a6c00000, 0x00000000a6c00000|100%| O|  |TAMS 0x00000000a6b00000| PB 0x00000000a6b00000| Untracked |  0
| 620|0x00000000a6c00000, 0x00000000a6d00000, 0x00000000a6d00000|100%| E|CS|TAMS 0x00000000a6c00000| PB 0x00000000a6c00000| Complete |  0
| 621|0x00000000a6d00000, 0x00000000a6e00000, 0x00000000a6e00000|100%| E|CS|TAMS 0x00000000a6d00000| PB 0x00000000a6d00000| Complete |  0
| 622|0x00000000a6e00000, 0x00000000a6f00000, 0x00000000a6f00000|100%| E|CS|TAMS 0x00000000a6e00000| PB 0x00000000a6e00000| Complete |  0
| 623|0x00000000a6f00000, 0x00000000a7000000, 0x00000000a7000000|100%| E|CS|TAMS 0x00000000a6f00000| PB 0x00000000a6f00000| Complete |  0
| 624|0x00000000a7000000, 0x00000000a7100000, 0x00000000a7100000|100%| E|CS|TAMS 0x00000000a7000000| PB 0x00000000a7000000| Complete |  0
| 625|0x00000000a7100000, 0x00000000a7200000, 0x00000000a7200000|100%| E|CS|TAMS 0x00000000a7100000| PB 0x00000000a7100000| Complete |  0
| 626|0x00000000a7200000, 0x00000000a7300000, 0x00000000a7300000|100%| E|CS|TAMS 0x00000000a7200000| PB 0x00000000a7200000| Complete |  0
| 627|0x00000000a7300000, 0x00000000a7400000, 0x00000000a7400000|100%| E|CS|TAMS 0x00000000a7300000| PB 0x00000000a7300000| Complete |  0
| 628|0x00000000a7400000, 0x00000000a7500000, 0x00000000a7500000|100%| O|  |TAMS 0x00000000a7400000| PB 0x00000000a7400000| Untracked |  0
| 629|0x00000000a7500000, 0x00000000a7600000, 0x00000000a7600000|100%| E|CS|TAMS 0x00000000a7500000| PB 0x00000000a7500000| Complete |  0
| 630|0x00000000a7600000, 0x00000000a7700000, 0x00000000a7700000|100%| E|CS|TAMS 0x00000000a7600000| PB 0x00000000a7600000| Complete |  0
| 631|0x00000000a7700000, 0x00000000a7800000, 0x00000000a7800000|100%| E|CS|TAMS 0x00000000a7700000| PB 0x00000000a7700000| Complete |  0
| 632|0x00000000a7800000, 0x00000000a7900000, 0x00000000a7900000|100%| E|CS|TAMS 0x00000000a7800000| PB 0x00000000a7800000| Complete |  0
| 633|0x00000000a7900000, 0x00000000a7a00000, 0x00000000a7a00000|100%| E|CS|TAMS 0x00000000a7900000| PB 0x00000000a7900000| Complete |  0
| 634|0x00000000a7a00000, 0x00000000a7b00000, 0x00000000a7b00000|100%| E|CS|TAMS 0x00000000a7a00000| PB 0x00000000a7a00000| Complete |  0
| 635|0x00000000a7b00000, 0x00000000a7c00000, 0x00000000a7c00000|100%| E|CS|TAMS 0x00000000a7b00000| PB 0x00000000a7b00000| Complete |  0
| 636|0x00000000a7c00000, 0x00000000a7d00000, 0x00000000a7d00000|100%| E|CS|TAMS 0x00000000a7c00000| PB 0x00000000a7c00000| Complete |  0
| 637|0x00000000a7d00000, 0x00000000a7e00000, 0x00000000a7e00000|100%| E|CS|TAMS 0x00000000a7d00000| PB 0x00000000a7d00000| Complete |  0
| 638|0x00000000a7e00000, 0x00000000a7f00000, 0x00000000a7f00000|100%| E|CS|TAMS 0x00000000a7e00000| PB 0x00000000a7e00000| Complete |  0
| 639|0x00000000a7f00000, 0x00000000a8000000, 0x00000000a8000000|100%| E|CS|TAMS 0x00000000a7f00000| PB 0x00000000a7f00000| Complete |  0
| 640|0x00000000a8000000, 0x00000000a8100000, 0x00000000a8100000|100%| E|CS|TAMS 0x00000000a8000000| PB 0x00000000a8000000| Complete |  0
| 641|0x00000000a8100000, 0x00000000a8200000, 0x00000000a8200000|100%| E|CS|TAMS 0x00000000a8100000| PB 0x00000000a8100000| Complete |  0
| 642|0x00000000a8200000, 0x00000000a8300000, 0x00000000a8300000|100%| O|  |TAMS 0x00000000a8200000| PB 0x00000000a8200000| Untracked |  0
| 643|0x00000000a8300000, 0x00000000a8400000, 0x00000000a8400000|100%| O|  |TAMS 0x00000000a8300000| PB 0x00000000a8300000| Untracked |  0
| 644|0x00000000a8400000, 0x00000000a8500000, 0x00000000a8500000|100%| E|CS|TAMS 0x00000000a8400000| PB 0x00000000a8400000| Complete |  0
| 645|0x00000000a8500000, 0x00000000a8600000, 0x00000000a8600000|100%| E|CS|TAMS 0x00000000a8500000| PB 0x00000000a8500000| Complete |  0
| 646|0x00000000a8600000, 0x00000000a8700000, 0x00000000a8700000|100%| E|CS|TAMS 0x00000000a8600000| PB 0x00000000a8600000| Complete |  0
| 647|0x00000000a8700000, 0x00000000a8800000, 0x00000000a8800000|100%| E|CS|TAMS 0x00000000a8700000| PB 0x00000000a8700000| Complete |  0
| 648|0x00000000a8800000, 0x00000000a8900000, 0x00000000a8900000|100%| O|  |TAMS 0x00000000a8800000| PB 0x00000000a8800000| Untracked |  0
| 649|0x00000000a8900000, 0x00000000a8a00000, 0x00000000a8a00000|100%| E|CS|TAMS 0x00000000a8900000| PB 0x00000000a8900000| Complete |  0
| 650|0x00000000a8a00000, 0x00000000a8b00000, 0x00000000a8b00000|100%| E|CS|TAMS 0x00000000a8a00000| PB 0x00000000a8a00000| Complete |  0
| 651|0x00000000a8b00000, 0x00000000a8c00000, 0x00000000a8c00000|100%| E|CS|TAMS 0x00000000a8b00000| PB 0x00000000a8b00000| Complete |  0
| 652|0x00000000a8c00000, 0x00000000a8d00000, 0x00000000a8d00000|100%| E|CS|TAMS 0x00000000a8c00000| PB 0x00000000a8c00000| Complete |  0
| 653|0x00000000a8d00000, 0x00000000a8e00000, 0x00000000a8e00000|100%| E|CS|TAMS 0x00000000a8d00000| PB 0x00000000a8d00000| Complete |  0
| 654|0x00000000a8e00000, 0x00000000a8f00000, 0x00000000a8f00000|100%| E|CS|TAMS 0x00000000a8e00000| PB 0x00000000a8e00000| Complete |  0
| 655|0x00000000a8f00000, 0x00000000a9000000, 0x00000000a9000000|100%| E|CS|TAMS 0x00000000a8f00000| PB 0x00000000a8f00000| Complete |  0
| 656|0x00000000a9000000, 0x00000000a9100000, 0x00000000a9100000|100%| E|CS|TAMS 0x00000000a9000000| PB 0x00000000a9000000| Complete |  0
| 657|0x00000000a9100000, 0x00000000a9200000, 0x00000000a9200000|100%| E|CS|TAMS 0x00000000a9100000| PB 0x00000000a9100000| Complete |  0
| 658|0x00000000a9200000, 0x00000000a9300000, 0x00000000a9300000|100%| E|CS|TAMS 0x00000000a9200000| PB 0x00000000a9200000| Complete |  0
| 659|0x00000000a9300000, 0x00000000a9400000, 0x00000000a9400000|100%| E|CS|TAMS 0x00000000a9300000| PB 0x00000000a9300000| Complete |  0
| 660|0x00000000a9400000, 0x00000000a9500000, 0x00000000a9500000|100%| E|CS|TAMS 0x00000000a9400000| PB 0x00000000a9400000| Complete |  0
| 661|0x00000000a9500000, 0x00000000a9600000, 0x00000000a9600000|100%| E|CS|TAMS 0x00000000a9500000| PB 0x00000000a9500000| Complete |  0
| 662|0x00000000a9600000, 0x00000000a9700000, 0x00000000a9700000|100%| E|CS|TAMS 0x00000000a9600000| PB 0x00000000a9600000| Complete |  0
| 663|0x00000000a9700000, 0x00000000a9800000, 0x00000000a9800000|100%| E|CS|TAMS 0x00000000a9700000| PB 0x00000000a9700000| Complete |  0
| 664|0x00000000a9800000, 0x00000000a9900000, 0x00000000a9900000|100%| O|Cm|TAMS 0x00000000a9800000| PB 0x00000000a9800000| Complete |  0
| 665|0x00000000a9900000, 0x00000000a9a00000, 0x00000000a9a00000|100%| E|CS|TAMS 0x00000000a9900000| PB 0x00000000a9900000| Complete |  0
| 666|0x00000000a9a00000, 0x00000000a9b00000, 0x00000000a9b00000|100%| E|CS|TAMS 0x00000000a9a00000| PB 0x00000000a9a00000| Complete |  0
| 667|0x00000000a9b00000, 0x00000000a9c00000, 0x00000000a9c00000|100%| E|CS|TAMS 0x00000000a9b00000| PB 0x00000000a9b00000| Complete |  0
| 668|0x00000000a9c00000, 0x00000000a9d00000, 0x00000000a9d00000|100%| E|CS|TAMS 0x00000000a9c00000| PB 0x00000000a9c00000| Complete |  0
| 669|0x00000000a9d00000, 0x00000000a9e00000, 0x00000000a9e00000|100%| E|CS|TAMS 0x00000000a9d00000| PB 0x00000000a9d00000| Complete |  0
| 670|0x00000000a9e00000, 0x00000000a9f00000, 0x00000000a9f00000|100%| E|CS|TAMS 0x00000000a9e00000| PB 0x00000000a9e00000| Complete |  0
| 671|0x00000000a9f00000, 0x00000000aa000000, 0x00000000aa000000|100%| E|CS|TAMS 0x00000000a9f00000| PB 0x00000000a9f00000| Complete |  0
| 672|0x00000000aa000000, 0x00000000aa100000, 0x00000000aa100000|100%| E|CS|TAMS 0x00000000aa000000| PB 0x00000000aa000000| Complete |  0
| 673|0x00000000aa100000, 0x00000000aa200000, 0x00000000aa200000|100%| E|CS|TAMS 0x00000000aa100000| PB 0x00000000aa100000| Complete |  0
| 674|0x00000000aa200000, 0x00000000aa300000, 0x00000000aa300000|100%| E|CS|TAMS 0x00000000aa200000| PB 0x00000000aa200000| Complete |  0
| 675|0x00000000aa300000, 0x00000000aa400000, 0x00000000aa400000|100%| E|CS|TAMS 0x00000000aa300000| PB 0x00000000aa300000| Complete |  0
| 676|0x00000000aa400000, 0x00000000aa500000, 0x00000000aa500000|100%| E|CS|TAMS 0x00000000aa400000| PB 0x00000000aa400000| Complete |  0
| 677|0x00000000aa500000, 0x00000000aa600000, 0x00000000aa600000|100%| E|CS|TAMS 0x00000000aa500000| PB 0x00000000aa500000| Complete |  0
| 678|0x00000000aa600000, 0x00000000aa700000, 0x00000000aa700000|100%| E|CS|TAMS 0x00000000aa600000| PB 0x00000000aa600000| Complete |  0
| 679|0x00000000aa700000, 0x00000000aa800000, 0x00000000aa800000|100%| E|CS|TAMS 0x00000000aa700000| PB 0x00000000aa700000| Complete |  0
| 680|0x00000000aa800000, 0x00000000aa900000, 0x00000000aa900000|100%| E|CS|TAMS 0x00000000aa800000| PB 0x00000000aa800000| Complete |  0
| 681|0x00000000aa900000, 0x00000000aaa00000, 0x00000000aaa00000|100%| E|CS|TAMS 0x00000000aa900000| PB 0x00000000aa900000| Complete |  0
| 682|0x00000000aaa00000, 0x00000000aab00000, 0x00000000aab00000|100%| E|CS|TAMS 0x00000000aaa00000| PB 0x00000000aaa00000| Complete |  0
| 683|0x00000000aab00000, 0x00000000aac00000, 0x00000000aac00000|100%| E|CS|TAMS 0x00000000aab00000| PB 0x00000000aab00000| Complete |  0
| 684|0x00000000aac00000, 0x00000000aad00000, 0x00000000aad00000|100%| E|CS|TAMS 0x00000000aac00000| PB 0x00000000aac00000| Complete |  0
| 685|0x00000000aad00000, 0x00000000aae00000, 0x00000000aae00000|100%| E|CS|TAMS 0x00000000aad00000| PB 0x00000000aad00000| Complete |  0
| 686|0x00000000aae00000, 0x00000000aaf00000, 0x00000000aaf00000|100%| E|CS|TAMS 0x00000000aae00000| PB 0x00000000aae00000| Complete |  0
| 687|0x00000000aaf00000, 0x00000000ab000000, 0x00000000ab000000|100%| E|CS|TAMS 0x00000000aaf00000| PB 0x00000000aaf00000| Complete |  0
| 688|0x00000000ab000000, 0x00000000ab100000, 0x00000000ab100000|100%| E|CS|TAMS 0x00000000ab000000| PB 0x00000000ab000000| Complete |  0
| 689|0x00000000ab100000, 0x00000000ab200000, 0x00000000ab200000|100%| E|CS|TAMS 0x00000000ab100000| PB 0x00000000ab100000| Complete |  0
| 690|0x00000000ab200000, 0x00000000ab300000, 0x00000000ab300000|100%| E|CS|TAMS 0x00000000ab200000| PB 0x00000000ab200000| Complete |  0
| 691|0x00000000ab300000, 0x00000000ab400000, 0x00000000ab400000|100%| E|CS|TAMS 0x00000000ab300000| PB 0x00000000ab300000| Complete |  0
| 692|0x00000000ab400000, 0x00000000ab500000, 0x00000000ab500000|100%| E|CS|TAMS 0x00000000ab400000| PB 0x00000000ab400000| Complete |  0
| 693|0x00000000ab500000, 0x00000000ab600000, 0x00000000ab600000|100%| E|CS|TAMS 0x00000000ab500000| PB 0x00000000ab500000| Complete |  0
| 694|0x00000000ab600000, 0x00000000ab700000, 0x00000000ab700000|100%| E|CS|TAMS 0x00000000ab600000| PB 0x00000000ab600000| Complete |  0
| 695|0x00000000ab700000, 0x00000000ab800000, 0x00000000ab800000|100%| E|CS|TAMS 0x00000000ab700000| PB 0x00000000ab700000| Complete |  0
| 696|0x00000000ab800000, 0x00000000ab900000, 0x00000000ab900000|100%| E|CS|TAMS 0x00000000ab800000| PB 0x00000000ab800000| Complete |  0
| 697|0x00000000ab900000, 0x00000000aba00000, 0x00000000aba00000|100%| E|CS|TAMS 0x00000000ab900000| PB 0x00000000ab900000| Complete |  0
| 698|0x00000000aba00000, 0x00000000abb00000, 0x00000000abb00000|100%| E|CS|TAMS 0x00000000aba00000| PB 0x00000000aba00000| Complete |  0
| 699|0x00000000abb00000, 0x00000000abc00000, 0x00000000abc00000|100%| E|CS|TAMS 0x00000000abb00000| PB 0x00000000abb00000| Complete |  0
| 700|0x00000000abc00000, 0x00000000abd00000, 0x00000000abd00000|100%| E|CS|TAMS 0x00000000abc00000| PB 0x00000000abc00000| Complete |  0
| 701|0x00000000abd00000, 0x00000000abe00000, 0x00000000abe00000|100%| E|CS|TAMS 0x00000000abd00000| PB 0x00000000abd00000| Complete |  0
| 702|0x00000000abe00000, 0x00000000abf00000, 0x00000000abf00000|100%| E|CS|TAMS 0x00000000abe00000| PB 0x00000000abe00000| Complete |  0
| 703|0x00000000abf00000, 0x00000000ac000000, 0x00000000ac000000|100%| E|CS|TAMS 0x00000000abf00000| PB 0x00000000abf00000| Complete |  0
| 704|0x00000000ac000000, 0x00000000ac100000, 0x00000000ac100000|100%| E|CS|TAMS 0x00000000ac000000| PB 0x00000000ac000000| Complete |  0
| 705|0x00000000ac100000, 0x00000000ac200000, 0x00000000ac200000|100%| E|CS|TAMS 0x00000000ac100000| PB 0x00000000ac100000| Complete |  0
| 706|0x00000000ac200000, 0x00000000ac300000, 0x00000000ac300000|100%| E|CS|TAMS 0x00000000ac200000| PB 0x00000000ac200000| Complete |  0
| 707|0x00000000ac300000, 0x00000000ac400000, 0x00000000ac400000|100%| E|CS|TAMS 0x00000000ac300000| PB 0x00000000ac300000| Complete |  0
| 708|0x00000000ac400000, 0x00000000ac500000, 0x00000000ac500000|100%| E|CS|TAMS 0x00000000ac400000| PB 0x00000000ac400000| Complete |  0
| 709|0x00000000ac500000, 0x00000000ac600000, 0x00000000ac600000|100%| E|CS|TAMS 0x00000000ac500000| PB 0x00000000ac500000| Complete |  0
| 710|0x00000000ac600000, 0x00000000ac700000, 0x00000000ac700000|100%| E|CS|TAMS 0x00000000ac600000| PB 0x00000000ac600000| Complete |  0
| 711|0x00000000ac700000, 0x00000000ac800000, 0x00000000ac800000|100%| E|CS|TAMS 0x00000000ac700000| PB 0x00000000ac700000| Complete |  0
| 712|0x00000000ac800000, 0x00000000ac900000, 0x00000000ac900000|100%| E|CS|TAMS 0x00000000ac800000| PB 0x00000000ac800000| Complete |  0
| 713|0x00000000ac900000, 0x00000000aca00000, 0x00000000aca00000|100%| E|CS|TAMS 0x00000000ac900000| PB 0x00000000ac900000| Complete |  0
| 714|0x00000000aca00000, 0x00000000acb00000, 0x00000000acb00000|100%| E|CS|TAMS 0x00000000aca00000| PB 0x00000000aca00000| Complete |  0
| 715|0x00000000acb00000, 0x00000000acc00000, 0x00000000acc00000|100%| E|CS|TAMS 0x00000000acb00000| PB 0x00000000acb00000| Complete |  0
| 716|0x00000000acc00000, 0x00000000acd00000, 0x00000000acd00000|100%| E|CS|TAMS 0x00000000acc00000| PB 0x00000000acc00000| Complete |  0
| 717|0x00000000acd00000, 0x00000000ace00000, 0x00000000ace00000|100%| E|CS|TAMS 0x00000000acd00000| PB 0x00000000acd00000| Complete |  0
| 718|0x00000000ace00000, 0x00000000acf00000, 0x00000000acf00000|100%| E|CS|TAMS 0x00000000ace00000| PB 0x00000000ace00000| Complete |  0
| 719|0x00000000acf00000, 0x00000000ad000000, 0x00000000ad000000|100%| E|CS|TAMS 0x00000000acf00000| PB 0x00000000acf00000| Complete |  0
| 720|0x00000000ad000000, 0x00000000ad100000, 0x00000000ad100000|100%| E|CS|TAMS 0x00000000ad000000| PB 0x00000000ad000000| Complete |  0
| 721|0x00000000ad100000, 0x00000000ad200000, 0x00000000ad200000|100%| E|CS|TAMS 0x00000000ad100000| PB 0x00000000ad100000| Complete |  0
| 722|0x00000000ad200000, 0x00000000ad300000, 0x00000000ad300000|100%| O|Cm|TAMS 0x00000000ad200000| PB 0x00000000ad200000| Complete |  0
| 723|0x00000000ad300000, 0x00000000ad400000, 0x00000000ad400000|100%| O|Cm|TAMS 0x00000000ad300000| PB 0x00000000ad300000| Complete |  0
| 724|0x00000000ad400000, 0x00000000ad500000, 0x00000000ad500000|100%| E|CS|TAMS 0x00000000ad400000| PB 0x00000000ad400000| Complete |  0
| 725|0x00000000ad500000, 0x00000000ad600000, 0x00000000ad600000|100%| E|CS|TAMS 0x00000000ad500000| PB 0x00000000ad500000| Complete |  0
| 726|0x00000000ad600000, 0x00000000ad700000, 0x00000000ad700000|100%| E|CS|TAMS 0x00000000ad600000| PB 0x00000000ad600000| Complete |  0
| 727|0x00000000ad700000, 0x00000000ad800000, 0x00000000ad800000|100%| E|CS|TAMS 0x00000000ad700000| PB 0x00000000ad700000| Complete |  0
| 728|0x00000000ad800000, 0x00000000ad900000, 0x00000000ad900000|100%| E|CS|TAMS 0x00000000ad800000| PB 0x00000000ad800000| Complete |  0
| 729|0x00000000ad900000, 0x00000000ada00000, 0x00000000ada00000|100%| E|CS|TAMS 0x00000000ad900000| PB 0x00000000ad900000| Complete |  0
| 730|0x00000000ada00000, 0x00000000adb00000, 0x00000000adb00000|100%| E|CS|TAMS 0x00000000ada00000| PB 0x00000000ada00000| Complete |  0
| 731|0x00000000adb00000, 0x00000000adc00000, 0x00000000adc00000|100%| E|CS|TAMS 0x00000000adb00000| PB 0x00000000adb00000| Complete |  0
| 732|0x00000000adc00000, 0x00000000add00000, 0x00000000add00000|100%| E|CS|TAMS 0x00000000adc00000| PB 0x00000000adc00000| Complete |  0
| 733|0x00000000add00000, 0x00000000ade00000, 0x00000000ade00000|100%| E|CS|TAMS 0x00000000add00000| PB 0x00000000add00000| Complete |  0
| 734|0x00000000ade00000, 0x00000000adf00000, 0x00000000adf00000|100%| E|CS|TAMS 0x00000000ade00000| PB 0x00000000ade00000| Complete |  0
| 735|0x00000000adf00000, 0x00000000ae000000, 0x00000000ae000000|100%| E|CS|TAMS 0x00000000adf00000| PB 0x00000000adf00000| Complete |  0
| 736|0x00000000ae000000, 0x00000000ae100000, 0x00000000ae100000|100%| E|CS|TAMS 0x00000000ae000000| PB 0x00000000ae000000| Complete |  0
| 737|0x00000000ae100000, 0x00000000ae200000, 0x00000000ae200000|100%| E|CS|TAMS 0x00000000ae100000| PB 0x00000000ae100000| Complete |  0
| 738|0x00000000ae200000, 0x00000000ae300000, 0x00000000ae300000|100%| E|CS|TAMS 0x00000000ae200000| PB 0x00000000ae200000| Complete |  0
| 739|0x00000000ae300000, 0x00000000ae400000, 0x00000000ae400000|100%| E|CS|TAMS 0x00000000ae300000| PB 0x00000000ae300000| Complete |  0
| 740|0x00000000ae400000, 0x00000000ae500000, 0x00000000ae500000|100%| E|CS|TAMS 0x00000000ae400000| PB 0x00000000ae400000| Complete |  0
| 741|0x00000000ae500000, 0x00000000ae600000, 0x00000000ae600000|100%| E|CS|TAMS 0x00000000ae500000| PB 0x00000000ae500000| Complete |  0
| 742|0x00000000ae600000, 0x00000000ae700000, 0x00000000ae700000|100%| E|CS|TAMS 0x00000000ae600000| PB 0x00000000ae600000| Complete |  0
| 743|0x00000000ae700000, 0x00000000ae800000, 0x00000000ae800000|100%| E|CS|TAMS 0x00000000ae700000| PB 0x00000000ae700000| Complete |  0
| 744|0x00000000ae800000, 0x00000000ae900000, 0x00000000ae900000|100%| E|CS|TAMS 0x00000000ae800000| PB 0x00000000ae800000| Complete |  0
| 745|0x00000000ae900000, 0x00000000aea00000, 0x00000000aea00000|100%| E|CS|TAMS 0x00000000ae900000| PB 0x00000000ae900000| Complete |  0
| 746|0x00000000aea00000, 0x00000000aeb00000, 0x00000000aeb00000|100%| E|CS|TAMS 0x00000000aea00000| PB 0x00000000aea00000| Complete |  0
| 747|0x00000000aeb00000, 0x00000000aec00000, 0x00000000aec00000|100%| E|CS|TAMS 0x00000000aeb00000| PB 0x00000000aeb00000| Complete |  0
| 748|0x00000000aec00000, 0x00000000aed00000, 0x00000000aed00000|100%| E|CS|TAMS 0x00000000aec00000| PB 0x00000000aec00000| Complete |  0
| 749|0x00000000aed00000, 0x00000000aee00000, 0x00000000aee00000|100%| E|CS|TAMS 0x00000000aed00000| PB 0x00000000aed00000| Complete |  0
| 750|0x00000000aee00000, 0x00000000aef00000, 0x00000000aef00000|100%| E|CS|TAMS 0x00000000aee00000| PB 0x00000000aee00000| Complete |  0
| 751|0x00000000aef00000, 0x00000000af000000, 0x00000000af000000|100%| E|CS|TAMS 0x00000000aef00000| PB 0x00000000aef00000| Complete |  0
| 752|0x00000000af000000, 0x00000000af100000, 0x00000000af100000|100%| E|CS|TAMS 0x00000000af000000| PB 0x00000000af000000| Complete |  0
| 753|0x00000000af100000, 0x00000000af200000, 0x00000000af200000|100%| E|CS|TAMS 0x00000000af100000| PB 0x00000000af100000| Complete |  0
| 754|0x00000000af200000, 0x00000000af300000, 0x00000000af300000|100%| O|  |TAMS 0x00000000af200000| PB 0x00000000af200000| Untracked |  0
| 755|0x00000000af300000, 0x00000000af400000, 0x00000000af400000|100%| O|  |TAMS 0x00000000af300000| PB 0x00000000af300000| Untracked |  0
| 756|0x00000000af400000, 0x00000000af500000, 0x00000000af500000|100%| O|  |TAMS 0x00000000af400000| PB 0x00000000af400000| Untracked |  0
| 757|0x00000000af500000, 0x00000000af600000, 0x00000000af600000|100%| E|CS|TAMS 0x00000000af500000| PB 0x00000000af500000| Complete |  0
| 758|0x00000000af600000, 0x00000000af700000, 0x00000000af700000|100%| O|  |TAMS 0x00000000af600000| PB 0x00000000af600000| Untracked |  0
| 759|0x00000000af700000, 0x00000000af800000, 0x00000000af800000|100%| O|  |TAMS 0x00000000af700000| PB 0x00000000af700000| Untracked |  0
| 760|0x00000000af800000, 0x00000000af900000, 0x00000000af900000|100%| O|  |TAMS 0x00000000af800000| PB 0x00000000af800000| Untracked |  0
| 761|0x00000000af900000, 0x00000000afa00000, 0x00000000afa00000|100%| E|CS|TAMS 0x00000000af900000| PB 0x00000000af900000| Complete |  0
| 762|0x00000000afa00000, 0x00000000afb00000, 0x00000000afb00000|100%| O|  |TAMS 0x00000000afa00000| PB 0x00000000afa00000| Untracked |  0
| 763|0x00000000afb00000, 0x00000000afc00000, 0x00000000afc00000|100%| O|  |TAMS 0x00000000afb00000| PB 0x00000000afb00000| Untracked |  0
| 764|0x00000000afc00000, 0x00000000afd00000, 0x00000000afd00000|100%| E|CS|TAMS 0x00000000afc00000| PB 0x00000000afc00000| Complete |  0
| 765|0x00000000afd00000, 0x00000000afe00000, 0x00000000afe00000|100%| E|CS|TAMS 0x00000000afd00000| PB 0x00000000afd00000| Complete |  0
| 766|0x00000000afe00000, 0x00000000aff00000, 0x00000000aff00000|100%| E|CS|TAMS 0x00000000afe00000| PB 0x00000000afe00000| Complete |  0
| 767|0x00000000aff00000, 0x00000000b0000000, 0x00000000b0000000|100%| O|  |TAMS 0x00000000aff00000| PB 0x00000000aff00000| Untracked |  0
| 768|0x00000000b0000000, 0x00000000b0100000, 0x00000000b0100000|100%| O|  |TAMS 0x00000000b0000000| PB 0x00000000b0000000| Untracked |  0
| 769|0x00000000b0100000, 0x00000000b0200000, 0x00000000b0200000|100%| O|  |TAMS 0x00000000b0100000| PB 0x00000000b0100000| Untracked |  0
| 770|0x00000000b0200000, 0x00000000b0300000, 0x00000000b0300000|100%| O|Cm|TAMS 0x00000000b0200000| PB 0x00000000b0200000| Complete |  0
| 771|0x00000000b0300000, 0x00000000b0400000, 0x00000000b0400000|100%| O|  |TAMS 0x00000000b0300000| PB 0x00000000b0300000| Untracked |  0
| 772|0x00000000b0400000, 0x00000000b0500000, 0x00000000b0500000|100%| E|CS|TAMS 0x00000000b0400000| PB 0x00000000b0400000| Complete |  0
| 773|0x00000000b0500000, 0x00000000b0600000, 0x00000000b0600000|100%| E|CS|TAMS 0x00000000b0500000| PB 0x00000000b0500000| Complete |  0
| 774|0x00000000b0600000, 0x00000000b0700000, 0x00000000b0700000|100%| E|CS|TAMS 0x00000000b0600000| PB 0x00000000b0600000| Complete |  0
| 775|0x00000000b0700000, 0x00000000b0800000, 0x00000000b0800000|100%| E|CS|TAMS 0x00000000b0700000| PB 0x00000000b0700000| Complete |  0
| 776|0x00000000b0800000, 0x00000000b0900000, 0x00000000b0900000|100%| O|Cm|TAMS 0x00000000b0800000| PB 0x00000000b0800000| Complete |  0
| 777|0x00000000b0900000, 0x00000000b0a00000, 0x00000000b0a00000|100%| E|CS|TAMS 0x00000000b0900000| PB 0x00000000b0900000| Complete |  0
| 778|0x00000000b0a00000, 0x00000000b0b00000, 0x00000000b0b00000|100%| O|Cm|TAMS 0x00000000b0a00000| PB 0x00000000b0a00000| Complete |  0
| 779|0x00000000b0b00000, 0x00000000b0c00000, 0x00000000b0c00000|100%| E|CS|TAMS 0x00000000b0b00000| PB 0x00000000b0b00000| Complete |  0
| 780|0x00000000b0c00000, 0x00000000b0d00000, 0x00000000b0d00000|100%| O|Cm|TAMS 0x00000000b0c00000| PB 0x00000000b0c00000| Complete |  0
| 781|0x00000000b0d00000, 0x00000000b0e00000, 0x00000000b0e00000|100%| O|  |TAMS 0x00000000b0d00000| PB 0x00000000b0d00000| Untracked |  0
| 782|0x00000000b0e00000, 0x00000000b0f00000, 0x00000000b0f00000|100%| E|CS|TAMS 0x00000000b0e00000| PB 0x00000000b0e00000| Complete |  0
| 783|0x00000000b0f00000, 0x00000000b1000000, 0x00000000b1000000|100%| O|  |TAMS 0x00000000b0f00000| PB 0x00000000b0f00000| Untracked |  0
| 784|0x00000000b1000000, 0x00000000b1100000, 0x00000000b1100000|100%| E|CS|TAMS 0x00000000b1000000| PB 0x00000000b1000000| Complete |  0
| 785|0x00000000b1100000, 0x00000000b1200000, 0x00000000b1200000|100%| O|Cm|TAMS 0x00000000b1100000| PB 0x00000000b1100000| Complete |  0
| 786|0x00000000b1200000, 0x00000000b1300000, 0x00000000b1300000|100%| E|CS|TAMS 0x00000000b1200000| PB 0x00000000b1200000| Complete |  0
| 787|0x00000000b1300000, 0x00000000b1400000, 0x00000000b1400000|100%| O|  |TAMS 0x00000000b1300000| PB 0x00000000b1300000| Untracked |  0
| 788|0x00000000b1400000, 0x00000000b1500000, 0x00000000b1500000|100%| E|CS|TAMS 0x00000000b1400000| PB 0x00000000b1400000| Complete |  0
| 789|0x00000000b1500000, 0x00000000b1600000, 0x00000000b1600000|100%| E|CS|TAMS 0x00000000b1500000| PB 0x00000000b1500000| Complete |  0
| 790|0x00000000b1600000, 0x00000000b1700000, 0x00000000b1700000|100%| E|CS|TAMS 0x00000000b1600000| PB 0x00000000b1600000| Complete |  0
| 791|0x00000000b1700000, 0x00000000b1800000, 0x00000000b1800000|100%| E|CS|TAMS 0x00000000b1700000| PB 0x00000000b1700000| Complete |  0
| 792|0x00000000b1800000, 0x00000000b1900000, 0x00000000b1900000|100%| E|CS|TAMS 0x00000000b1800000| PB 0x00000000b1800000| Complete |  0
| 793|0x00000000b1900000, 0x00000000b1a00000, 0x00000000b1a00000|100%| E|CS|TAMS 0x00000000b1900000| PB 0x00000000b1900000| Complete |  0
| 794|0x00000000b1a00000, 0x00000000b1b00000, 0x00000000b1b00000|100%| E|CS|TAMS 0x00000000b1a00000| PB 0x00000000b1a00000| Complete |  0
| 795|0x00000000b1b00000, 0x00000000b1c00000, 0x00000000b1c00000|100%| E|CS|TAMS 0x00000000b1b00000| PB 0x00000000b1b00000| Complete |  0
| 796|0x00000000b1c00000, 0x00000000b1d00000, 0x00000000b1d00000|100%| E|CS|TAMS 0x00000000b1c00000| PB 0x00000000b1c00000| Complete |  0
| 797|0x00000000b1d00000, 0x00000000b1e00000, 0x00000000b1e00000|100%| E|CS|TAMS 0x00000000b1d00000| PB 0x00000000b1d00000| Complete |  0
| 798|0x00000000b1e00000, 0x00000000b1f00000, 0x00000000b1f00000|100%| E|CS|TAMS 0x00000000b1e00000| PB 0x00000000b1e00000| Complete |  0
| 799|0x00000000b1f00000, 0x00000000b2000000, 0x00000000b2000000|100%| E|CS|TAMS 0x00000000b1f00000| PB 0x00000000b1f00000| Complete |  0
| 800|0x00000000b2000000, 0x00000000b2100000, 0x00000000b2100000|100%| E|CS|TAMS 0x00000000b2000000| PB 0x00000000b2000000| Complete |  0
| 801|0x00000000b2100000, 0x00000000b2200000, 0x00000000b2200000|100%| E|CS|TAMS 0x00000000b2100000| PB 0x00000000b2100000| Complete |  0
| 802|0x00000000b2200000, 0x00000000b2300000, 0x00000000b2300000|100%| E|CS|TAMS 0x00000000b2200000| PB 0x00000000b2200000| Complete |  0
| 803|0x00000000b2300000, 0x00000000b2400000, 0x00000000b2400000|100%| E|CS|TAMS 0x00000000b2300000| PB 0x00000000b2300000| Complete |  0
| 804|0x00000000b2400000, 0x00000000b2500000, 0x00000000b2500000|100%| E|CS|TAMS 0x00000000b2400000| PB 0x00000000b2400000| Complete |  0
| 805|0x00000000b2500000, 0x00000000b2600000, 0x00000000b2600000|100%| E|CS|TAMS 0x00000000b2500000| PB 0x00000000b2500000| Complete |  0
| 806|0x00000000b2600000, 0x00000000b2700000, 0x00000000b2700000|100%| E|CS|TAMS 0x00000000b2600000| PB 0x00000000b2600000| Complete |  0
| 807|0x00000000b2700000, 0x00000000b2800000, 0x00000000b2800000|100%| E|CS|TAMS 0x00000000b2700000| PB 0x00000000b2700000| Complete |  0
| 808|0x00000000b2800000, 0x00000000b2900000, 0x00000000b2900000|100%| E|CS|TAMS 0x00000000b2800000| PB 0x00000000b2800000| Complete |  0
| 809|0x00000000b2900000, 0x00000000b2a00000, 0x00000000b2a00000|100%| E|CS|TAMS 0x00000000b2900000| PB 0x00000000b2900000| Complete |  0
| 810|0x00000000b2a00000, 0x00000000b2b00000, 0x00000000b2b00000|100%| E|CS|TAMS 0x00000000b2a00000| PB 0x00000000b2a00000| Complete |  0
| 811|0x00000000b2b00000, 0x00000000b2c00000, 0x00000000b2c00000|100%| O|Cm|TAMS 0x00000000b2b00000| PB 0x00000000b2b00000| Complete |  0
| 812|0x00000000b2c00000, 0x00000000b2d00000, 0x00000000b2d00000|100%| E|CS|TAMS 0x00000000b2c00000| PB 0x00000000b2c00000| Complete |  0
| 813|0x00000000b2d00000, 0x00000000b2e00000, 0x00000000b2e00000|100%| E|CS|TAMS 0x00000000b2d00000| PB 0x00000000b2d00000| Complete |  0
| 814|0x00000000b2e00000, 0x00000000b2f00000, 0x00000000b2f00000|100%| E|CS|TAMS 0x00000000b2e00000| PB 0x00000000b2e00000| Complete |  0
| 815|0x00000000b2f00000, 0x00000000b3000000, 0x00000000b3000000|100%| O|Cm|TAMS 0x00000000b2f00000| PB 0x00000000b2f00000| Complete |  0
| 816|0x00000000b3000000, 0x00000000b3100000, 0x00000000b3100000|100%| E|CS|TAMS 0x00000000b3000000| PB 0x00000000b3000000| Complete |  0
| 817|0x00000000b3100000, 0x00000000b3200000, 0x00000000b3200000|100%| E|CS|TAMS 0x00000000b3100000| PB 0x00000000b3100000| Complete |  0
| 818|0x00000000b3200000, 0x00000000b3300000, 0x00000000b3300000|100%| E|CS|TAMS 0x00000000b3200000| PB 0x00000000b3200000| Complete |  0
| 819|0x00000000b3300000, 0x00000000b3400000, 0x00000000b3400000|100%| O|Cm|TAMS 0x00000000b3300000| PB 0x00000000b3300000| Complete |  0
| 820|0x00000000b3400000, 0x00000000b3500000, 0x00000000b3500000|100%| E|CS|TAMS 0x00000000b3400000| PB 0x00000000b3400000| Complete |  0
| 821|0x00000000b3500000, 0x00000000b3600000, 0x00000000b3600000|100%| E|CS|TAMS 0x00000000b3500000| PB 0x00000000b3500000| Complete |  0
| 822|0x00000000b3600000, 0x00000000b3700000, 0x00000000b3700000|100%| E|CS|TAMS 0x00000000b3600000| PB 0x00000000b3600000| Complete |  0
| 823|0x00000000b3700000, 0x00000000b3800000, 0x00000000b3800000|100%| E|CS|TAMS 0x00000000b3700000| PB 0x00000000b3700000| Complete |  0
| 824|0x00000000b3800000, 0x00000000b3900000, 0x00000000b3900000|100%| E|CS|TAMS 0x00000000b3800000| PB 0x00000000b3800000| Complete |  0
| 825|0x00000000b3900000, 0x00000000b3a00000, 0x00000000b3a00000|100%| E|CS|TAMS 0x00000000b3900000| PB 0x00000000b3900000| Complete |  0
| 826|0x00000000b3a00000, 0x00000000b3b00000, 0x00000000b3b00000|100%| E|CS|TAMS 0x00000000b3a00000| PB 0x00000000b3a00000| Complete |  0
| 827|0x00000000b3b00000, 0x00000000b3c00000, 0x00000000b3c00000|100%| E|CS|TAMS 0x00000000b3b00000| PB 0x00000000b3b00000| Complete |  0
| 828|0x00000000b3c00000, 0x00000000b3d00000, 0x00000000b3d00000|100%| E|CS|TAMS 0x00000000b3c00000| PB 0x00000000b3c00000| Complete |  0
| 829|0x00000000b3d00000, 0x00000000b3e00000, 0x00000000b3e00000|100%| E|CS|TAMS 0x00000000b3d00000| PB 0x00000000b3d00000| Complete |  0
| 830|0x00000000b3e00000, 0x00000000b3f00000, 0x00000000b3f00000|100%| E|CS|TAMS 0x00000000b3e00000| PB 0x00000000b3e00000| Complete |  0
| 831|0x00000000b3f00000, 0x00000000b4000000, 0x00000000b4000000|100%| E|CS|TAMS 0x00000000b3f00000| PB 0x00000000b3f00000| Complete |  0
| 832|0x00000000b4000000, 0x00000000b4100000, 0x00000000b4100000|100%| E|CS|TAMS 0x00000000b4000000| PB 0x00000000b4000000| Complete |  0
| 833|0x00000000b4100000, 0x00000000b4200000, 0x00000000b4200000|100%| E|CS|TAMS 0x00000000b4100000| PB 0x00000000b4100000| Complete |  0
| 834|0x00000000b4200000, 0x00000000b4300000, 0x00000000b4300000|100%| E|CS|TAMS 0x00000000b4200000| PB 0x00000000b4200000| Complete |  0
| 835|0x00000000b4300000, 0x00000000b4400000, 0x00000000b4400000|100%| E|CS|TAMS 0x00000000b4300000| PB 0x00000000b4300000| Complete |  0
| 836|0x00000000b4400000, 0x00000000b4500000, 0x00000000b4500000|100%| E|CS|TAMS 0x00000000b4400000| PB 0x00000000b4400000| Complete |  0
| 837|0x00000000b4500000, 0x00000000b4600000, 0x00000000b4600000|100%| E|CS|TAMS 0x00000000b4500000| PB 0x00000000b4500000| Complete |  0
| 838|0x00000000b4600000, 0x00000000b4700000, 0x00000000b4700000|100%| E|CS|TAMS 0x00000000b4600000| PB 0x00000000b4600000| Complete |  0
| 839|0x00000000b4700000, 0x00000000b4800000, 0x00000000b4800000|100%| E|CS|TAMS 0x00000000b4700000| PB 0x00000000b4700000| Complete |  0
| 840|0x00000000b4800000, 0x00000000b4900000, 0x00000000b4900000|100%| E|CS|TAMS 0x00000000b4800000| PB 0x00000000b4800000| Complete |  0
| 841|0x00000000b4900000, 0x00000000b4a00000, 0x00000000b4a00000|100%| E|CS|TAMS 0x00000000b4900000| PB 0x00000000b4900000| Complete |  0
| 842|0x00000000b4a00000, 0x00000000b4b00000, 0x00000000b4b00000|100%| E|CS|TAMS 0x00000000b4a00000| PB 0x00000000b4a00000| Complete |  0
| 843|0x00000000b4b00000, 0x00000000b4c00000, 0x00000000b4c00000|100%| E|CS|TAMS 0x00000000b4b00000| PB 0x00000000b4b00000| Complete |  0
| 844|0x00000000b4c00000, 0x00000000b4d00000, 0x00000000b4d00000|100%| E|CS|TAMS 0x00000000b4c00000| PB 0x00000000b4c00000| Complete |  0
| 845|0x00000000b4d00000, 0x00000000b4e00000, 0x00000000b4e00000|100%| E|CS|TAMS 0x00000000b4d00000| PB 0x00000000b4d00000| Complete |  0
| 846|0x00000000b4e00000, 0x00000000b4f00000, 0x00000000b4f00000|100%| E|CS|TAMS 0x00000000b4e00000| PB 0x00000000b4e00000| Complete |  0
| 847|0x00000000b4f00000, 0x00000000b5000000, 0x00000000b5000000|100%| E|CS|TAMS 0x00000000b4f00000| PB 0x00000000b4f00000| Complete |  0
| 848|0x00000000b5000000, 0x00000000b5100000, 0x00000000b5100000|100%| E|CS|TAMS 0x00000000b5000000| PB 0x00000000b5000000| Complete |  0
| 849|0x00000000b5100000, 0x00000000b5200000, 0x00000000b5200000|100%| E|CS|TAMS 0x00000000b5100000| PB 0x00000000b5100000| Complete |  0
| 850|0x00000000b5200000, 0x00000000b5300000, 0x00000000b5300000|100%| E|CS|TAMS 0x00000000b5200000| PB 0x00000000b5200000| Complete |  0
| 851|0x00000000b5300000, 0x00000000b5400000, 0x00000000b5400000|100%| E|CS|TAMS 0x00000000b5300000| PB 0x00000000b5300000| Complete |  0
| 852|0x00000000b5400000, 0x00000000b5500000, 0x00000000b5500000|100%| E|CS|TAMS 0x00000000b5400000| PB 0x00000000b5400000| Complete |  0
| 853|0x00000000b5500000, 0x00000000b5600000, 0x00000000b5600000|100%| E|CS|TAMS 0x00000000b5500000| PB 0x00000000b5500000| Complete |  0
| 854|0x00000000b5600000, 0x00000000b5700000, 0x00000000b5700000|100%| E|CS|TAMS 0x00000000b5600000| PB 0x00000000b5600000| Complete |  0
| 855|0x00000000b5700000, 0x00000000b5800000, 0x00000000b5800000|100%| E|CS|TAMS 0x00000000b5700000| PB 0x00000000b5700000| Complete |  0
| 856|0x00000000b5800000, 0x00000000b5900000, 0x00000000b5900000|100%| E|CS|TAMS 0x00000000b5800000| PB 0x00000000b5800000| Complete |  0
| 857|0x00000000b5900000, 0x00000000b5a00000, 0x00000000b5a00000|100%| E|CS|TAMS 0x00000000b5900000| PB 0x00000000b5900000| Complete |  0
| 858|0x00000000b5a00000, 0x00000000b5b00000, 0x00000000b5b00000|100%| E|CS|TAMS 0x00000000b5a00000| PB 0x00000000b5a00000| Complete |  0
| 859|0x00000000b5b00000, 0x00000000b5c00000, 0x00000000b5c00000|100%| E|CS|TAMS 0x00000000b5b00000| PB 0x00000000b5b00000| Complete |  0
| 860|0x00000000b5c00000, 0x00000000b5d00000, 0x00000000b5d00000|100%| E|CS|TAMS 0x00000000b5c00000| PB 0x00000000b5c00000| Complete |  0
| 861|0x00000000b5d00000, 0x00000000b5e00000, 0x00000000b5e00000|100%| E|CS|TAMS 0x00000000b5d00000| PB 0x00000000b5d00000| Complete |  0
| 862|0x00000000b5e00000, 0x00000000b5f00000, 0x00000000b5f00000|100%| E|CS|TAMS 0x00000000b5e00000| PB 0x00000000b5e00000| Complete |  0
| 863|0x00000000b5f00000, 0x00000000b6000000, 0x00000000b6000000|100%| E|CS|TAMS 0x00000000b5f00000| PB 0x00000000b5f00000| Complete |  0
| 864|0x00000000b6000000, 0x00000000b6100000, 0x00000000b6100000|100%| E|CS|TAMS 0x00000000b6000000| PB 0x00000000b6000000| Complete |  0
| 865|0x00000000b6100000, 0x00000000b6200000, 0x00000000b6200000|100%| E|CS|TAMS 0x00000000b6100000| PB 0x00000000b6100000| Complete |  0
| 866|0x00000000b6200000, 0x00000000b6300000, 0x00000000b6300000|100%| E|CS|TAMS 0x00000000b6200000| PB 0x00000000b6200000| Complete |  0
| 867|0x00000000b6300000, 0x00000000b6400000, 0x00000000b6400000|100%| E|CS|TAMS 0x00000000b6300000| PB 0x00000000b6300000| Complete |  0
| 868|0x00000000b6400000, 0x00000000b6500000, 0x00000000b6500000|100%| E|CS|TAMS 0x00000000b6400000| PB 0x00000000b6400000| Complete |  0
| 869|0x00000000b6500000, 0x00000000b6600000, 0x00000000b6600000|100%| E|CS|TAMS 0x00000000b6500000| PB 0x00000000b6500000| Complete |  0
| 870|0x00000000b6600000, 0x00000000b6700000, 0x00000000b6700000|100%| E|CS|TAMS 0x00000000b6600000| PB 0x00000000b6600000| Complete |  0
| 871|0x00000000b6700000, 0x00000000b6800000, 0x00000000b6800000|100%| E|CS|TAMS 0x00000000b6700000| PB 0x00000000b6700000| Complete |  0
| 872|0x00000000b6800000, 0x00000000b6900000, 0x00000000b6900000|100%| E|CS|TAMS 0x00000000b6800000| PB 0x00000000b6800000| Complete |  0
| 873|0x00000000b6900000, 0x00000000b6a00000, 0x00000000b6a00000|100%| E|CS|TAMS 0x00000000b6900000| PB 0x00000000b6900000| Complete |  0
| 874|0x00000000b6a00000, 0x00000000b6b00000, 0x00000000b6b00000|100%| E|CS|TAMS 0x00000000b6a00000| PB 0x00000000b6a00000| Complete |  0
| 875|0x00000000b6b00000, 0x00000000b6c00000, 0x00000000b6c00000|100%| E|CS|TAMS 0x00000000b6b00000| PB 0x00000000b6b00000| Complete |  0
| 876|0x00000000b6c00000, 0x00000000b6d00000, 0x00000000b6d00000|100%| E|CS|TAMS 0x00000000b6c00000| PB 0x00000000b6c00000| Complete |  0
| 877|0x00000000b6d00000, 0x00000000b6e00000, 0x00000000b6e00000|100%| E|CS|TAMS 0x00000000b6d00000| PB 0x00000000b6d00000| Complete |  0
| 878|0x00000000b6e00000, 0x00000000b6f00000, 0x00000000b6f00000|100%| E|CS|TAMS 0x00000000b6e00000| PB 0x00000000b6e00000| Complete |  0
| 879|0x00000000b6f00000, 0x00000000b7000000, 0x00000000b7000000|100%| E|CS|TAMS 0x00000000b6f00000| PB 0x00000000b6f00000| Complete |  0
| 880|0x00000000b7000000, 0x00000000b7100000, 0x00000000b7100000|100%| E|CS|TAMS 0x00000000b7000000| PB 0x00000000b7000000| Complete |  0
| 881|0x00000000b7100000, 0x00000000b7200000, 0x00000000b7200000|100%| E|CS|TAMS 0x00000000b7100000| PB 0x00000000b7100000| Complete |  0
| 882|0x00000000b7200000, 0x00000000b7300000, 0x00000000b7300000|100%| E|CS|TAMS 0x00000000b7200000| PB 0x00000000b7200000| Complete |  0
| 883|0x00000000b7300000, 0x00000000b7400000, 0x00000000b7400000|100%| E|CS|TAMS 0x00000000b7300000| PB 0x00000000b7300000| Complete |  0
| 884|0x00000000b7400000, 0x00000000b7500000, 0x00000000b7500000|100%| E|CS|TAMS 0x00000000b7400000| PB 0x00000000b7400000| Complete |  0
| 885|0x00000000b7500000, 0x00000000b7600000, 0x00000000b7600000|100%| E|CS|TAMS 0x00000000b7500000| PB 0x00000000b7500000| Complete |  0
| 886|0x00000000b7600000, 0x00000000b7700000, 0x00000000b7700000|100%| E|CS|TAMS 0x00000000b7600000| PB 0x00000000b7600000| Complete |  0
| 887|0x00000000b7700000, 0x00000000b7800000, 0x00000000b7800000|100%| E|CS|TAMS 0x00000000b7700000| PB 0x00000000b7700000| Complete |  0
| 888|0x00000000b7800000, 0x00000000b7900000, 0x00000000b7900000|100%| E|CS|TAMS 0x00000000b7800000| PB 0x00000000b7800000| Complete |  0
| 889|0x00000000b7900000, 0x00000000b7a00000, 0x00000000b7a00000|100%| E|CS|TAMS 0x00000000b7900000| PB 0x00000000b7900000| Complete |  0
| 890|0x00000000b7a00000, 0x00000000b7b00000, 0x00000000b7b00000|100%| E|CS|TAMS 0x00000000b7a00000| PB 0x00000000b7a00000| Complete |  0
| 891|0x00000000b7b00000, 0x00000000b7c00000, 0x00000000b7c00000|100%| E|CS|TAMS 0x00000000b7b00000| PB 0x00000000b7b00000| Complete |  0
| 892|0x00000000b7c00000, 0x00000000b7d00000, 0x00000000b7d00000|100%| E|CS|TAMS 0x00000000b7c00000| PB 0x00000000b7c00000| Complete |  0
| 893|0x00000000b7d00000, 0x00000000b7e00000, 0x00000000b7e00000|100%| E|CS|TAMS 0x00000000b7d00000| PB 0x00000000b7d00000| Complete |  0
| 894|0x00000000b7e00000, 0x00000000b7f00000, 0x00000000b7f00000|100%| O|Cm|TAMS 0x00000000b7e00000| PB 0x00000000b7e00000| Complete |  0
| 895|0x00000000b7f00000, 0x00000000b8000000, 0x00000000b8000000|100%| O|  |TAMS 0x00000000b7f00000| PB 0x00000000b7f00000| Untracked |  0
| 896|0x00000000b8000000, 0x00000000b8100000, 0x00000000b8100000|100%| O|  |TAMS 0x00000000b8000000| PB 0x00000000b8000000| Untracked |  0
| 897|0x00000000b8100000, 0x00000000b8200000, 0x00000000b8200000|100%| O|  |TAMS 0x00000000b8100000| PB 0x00000000b8100000| Untracked |  0
| 898|0x00000000b8200000, 0x00000000b8300000, 0x00000000b8300000|100%| O|  |TAMS 0x00000000b8200000| PB 0x00000000b8200000| Untracked |  0
| 899|0x00000000b8300000, 0x00000000b8400000, 0x00000000b8400000|100%| O|Cm|TAMS 0x00000000b8300000| PB 0x00000000b8300000| Complete |  0
| 900|0x00000000b8400000, 0x00000000b8500000, 0x00000000b8500000|100%| O|  |TAMS 0x00000000b8400000| PB 0x00000000b8400000| Untracked |  0
| 901|0x00000000b8500000, 0x00000000b8600000, 0x00000000b8600000|100%| O|Cm|TAMS 0x00000000b8500000| PB 0x00000000b8500000| Complete |  0
| 902|0x00000000b8600000, 0x00000000b8700000, 0x00000000b8700000|100%| E|CS|TAMS 0x00000000b8600000| PB 0x00000000b8600000| Complete |  0
| 903|0x00000000b8700000, 0x00000000b8800000, 0x00000000b8800000|100%| E|CS|TAMS 0x00000000b8700000| PB 0x00000000b8700000| Complete |  0
| 904|0x00000000b8800000, 0x00000000b8900000, 0x00000000b8900000|100%| E|CS|TAMS 0x00000000b8800000| PB 0x00000000b8800000| Complete |  0
| 905|0x00000000b8900000, 0x00000000b8a00000, 0x00000000b8a00000|100%| E|CS|TAMS 0x00000000b8900000| PB 0x00000000b8900000| Complete |  0
| 906|0x00000000b8a00000, 0x00000000b8b00000, 0x00000000b8b00000|100%| E|CS|TAMS 0x00000000b8a00000| PB 0x00000000b8a00000| Complete |  0
| 907|0x00000000b8b00000, 0x00000000b8c00000, 0x00000000b8c00000|100%| E|CS|TAMS 0x00000000b8b00000| PB 0x00000000b8b00000| Complete |  0
| 908|0x00000000b8c00000, 0x00000000b8d00000, 0x00000000b8d00000|100%| E|CS|TAMS 0x00000000b8c00000| PB 0x00000000b8c00000| Complete |  0
| 909|0x00000000b8d00000, 0x00000000b8e00000, 0x00000000b8e00000|100%| E|CS|TAMS 0x00000000b8d00000| PB 0x00000000b8d00000| Complete |  0
| 910|0x00000000b8e00000, 0x00000000b8f00000, 0x00000000b8f00000|100%| E|CS|TAMS 0x00000000b8e00000| PB 0x00000000b8e00000| Complete |  0
| 911|0x00000000b8f00000, 0x00000000b9000000, 0x00000000b9000000|100%| E|CS|TAMS 0x00000000b8f00000| PB 0x00000000b8f00000| Complete |  0
| 912|0x00000000b9000000, 0x00000000b9100000, 0x00000000b9100000|100%| E|CS|TAMS 0x00000000b9000000| PB 0x00000000b9000000| Complete |  0
| 913|0x00000000b9100000, 0x00000000b9200000, 0x00000000b9200000|100%| E|CS|TAMS 0x00000000b9100000| PB 0x00000000b9100000| Complete |  0
| 914|0x00000000b9200000, 0x00000000b9300000, 0x00000000b9300000|100%| E|CS|TAMS 0x00000000b9200000| PB 0x00000000b9200000| Complete |  0
| 915|0x00000000b9300000, 0x00000000b9400000, 0x00000000b9400000|100%| E|CS|TAMS 0x00000000b9300000| PB 0x00000000b9300000| Complete |  0
| 916|0x00000000b9400000, 0x00000000b9500000, 0x00000000b9500000|100%| E|CS|TAMS 0x00000000b9400000| PB 0x00000000b9400000| Complete |  0
| 917|0x00000000b9500000, 0x00000000b9600000, 0x00000000b9600000|100%| E|CS|TAMS 0x00000000b9500000| PB 0x00000000b9500000| Complete |  0
| 918|0x00000000b9600000, 0x00000000b9700000, 0x00000000b9700000|100%| E|CS|TAMS 0x00000000b9600000| PB 0x00000000b9600000| Complete |  0
| 919|0x00000000b9700000, 0x00000000b9800000, 0x00000000b9800000|100%| E|CS|TAMS 0x00000000b9700000| PB 0x00000000b9700000| Complete |  0
| 920|0x00000000b9800000, 0x00000000b9900000, 0x00000000b9900000|100%| E|CS|TAMS 0x00000000b9800000| PB 0x00000000b9800000| Complete |  0
| 921|0x00000000b9900000, 0x00000000b9a00000, 0x00000000b9a00000|100%| E|CS|TAMS 0x00000000b9900000| PB 0x00000000b9900000| Complete |  0
| 922|0x00000000b9a00000, 0x00000000b9b00000, 0x00000000b9b00000|100%| E|CS|TAMS 0x00000000b9a00000| PB 0x00000000b9a00000| Complete |  0
| 923|0x00000000b9b00000, 0x00000000b9c00000, 0x00000000b9c00000|100%| E|CS|TAMS 0x00000000b9b00000| PB 0x00000000b9b00000| Complete |  0
| 924|0x00000000b9c00000, 0x00000000b9d00000, 0x00000000b9d00000|100%| E|CS|TAMS 0x00000000b9c00000| PB 0x00000000b9c00000| Complete |  0
| 925|0x00000000b9d00000, 0x00000000b9e00000, 0x00000000b9e00000|100%| E|CS|TAMS 0x00000000b9d00000| PB 0x00000000b9d00000| Complete |  0
| 926|0x00000000b9e00000, 0x00000000b9f00000, 0x00000000b9f00000|100%| E|CS|TAMS 0x00000000b9e00000| PB 0x00000000b9e00000| Complete |  0
| 927|0x00000000b9f00000, 0x00000000ba000000, 0x00000000ba000000|100%| E|CS|TAMS 0x00000000b9f00000| PB 0x00000000b9f00000| Complete |  0
| 928|0x00000000ba000000, 0x00000000ba100000, 0x00000000ba100000|100%| E|CS|TAMS 0x00000000ba000000| PB 0x00000000ba000000| Complete |  0
| 929|0x00000000ba100000, 0x00000000ba200000, 0x00000000ba200000|100%| E|CS|TAMS 0x00000000ba100000| PB 0x00000000ba100000| Complete |  0
| 930|0x00000000ba200000, 0x00000000ba300000, 0x00000000ba300000|100%| E|CS|TAMS 0x00000000ba200000| PB 0x00000000ba200000| Complete |  0
| 931|0x00000000ba300000, 0x00000000ba400000, 0x00000000ba400000|100%| E|CS|TAMS 0x00000000ba300000| PB 0x00000000ba300000| Complete |  0
| 932|0x00000000ba400000, 0x00000000ba500000, 0x00000000ba500000|100%| E|CS|TAMS 0x00000000ba400000| PB 0x00000000ba400000| Complete |  0
| 933|0x00000000ba500000, 0x00000000ba600000, 0x00000000ba600000|100%| E|CS|TAMS 0x00000000ba500000| PB 0x00000000ba500000| Complete |  0
| 934|0x00000000ba600000, 0x00000000ba700000, 0x00000000ba700000|100%| E|CS|TAMS 0x00000000ba600000| PB 0x00000000ba600000| Complete |  0
| 935|0x00000000ba700000, 0x00000000ba800000, 0x00000000ba800000|100%| E|CS|TAMS 0x00000000ba700000| PB 0x00000000ba700000| Complete |  0
| 936|0x00000000ba800000, 0x00000000ba900000, 0x00000000ba900000|100%| E|CS|TAMS 0x00000000ba800000| PB 0x00000000ba800000| Complete |  0
| 937|0x00000000ba900000, 0x00000000baa00000, 0x00000000baa00000|100%| E|CS|TAMS 0x00000000ba900000| PB 0x00000000ba900000| Complete |  0
| 938|0x00000000baa00000, 0x00000000bab00000, 0x00000000bab00000|100%| E|CS|TAMS 0x00000000baa00000| PB 0x00000000baa00000| Complete |  0
| 939|0x00000000bab00000, 0x00000000bac00000, 0x00000000bac00000|100%| E|CS|TAMS 0x00000000bab00000| PB 0x00000000bab00000| Complete |  0
| 940|0x00000000bac00000, 0x00000000bad00000, 0x00000000bad00000|100%| E|CS|TAMS 0x00000000bac00000| PB 0x00000000bac00000| Complete |  0
| 941|0x00000000bad00000, 0x00000000bae00000, 0x00000000bae00000|100%| E|CS|TAMS 0x00000000bad00000| PB 0x00000000bad00000| Complete |  0
| 942|0x00000000bae00000, 0x00000000baf00000, 0x00000000baf00000|100%| E|CS|TAMS 0x00000000bae00000| PB 0x00000000bae00000| Complete |  0
| 943|0x00000000baf00000, 0x00000000bb000000, 0x00000000bb000000|100%| E|CS|TAMS 0x00000000baf00000| PB 0x00000000baf00000| Complete |  0
| 944|0x00000000bb000000, 0x00000000bb100000, 0x00000000bb100000|100%| E|CS|TAMS 0x00000000bb000000| PB 0x00000000bb000000| Complete |  0
| 945|0x00000000bb100000, 0x00000000bb200000, 0x00000000bb200000|100%| E|CS|TAMS 0x00000000bb100000| PB 0x00000000bb100000| Complete |  0
| 946|0x00000000bb200000, 0x00000000bb300000, 0x00000000bb300000|100%| E|CS|TAMS 0x00000000bb200000| PB 0x00000000bb200000| Complete |  0
| 947|0x00000000bb300000, 0x00000000bb400000, 0x00000000bb400000|100%| E|CS|TAMS 0x00000000bb300000| PB 0x00000000bb300000| Complete |  0
| 948|0x00000000bb400000, 0x00000000bb500000, 0x00000000bb500000|100%| E|CS|TAMS 0x00000000bb400000| PB 0x00000000bb400000| Complete |  0
| 949|0x00000000bb500000, 0x00000000bb600000, 0x00000000bb600000|100%| E|CS|TAMS 0x00000000bb500000| PB 0x00000000bb500000| Complete |  0
| 950|0x00000000bb600000, 0x00000000bb700000, 0x00000000bb700000|100%| E|CS|TAMS 0x00000000bb600000| PB 0x00000000bb600000| Complete |  0
| 951|0x00000000bb700000, 0x00000000bb800000, 0x00000000bb800000|100%| E|CS|TAMS 0x00000000bb700000| PB 0x00000000bb700000| Complete |  0
| 952|0x00000000bb800000, 0x00000000bb900000, 0x00000000bb900000|100%| E|CS|TAMS 0x00000000bb800000| PB 0x00000000bb800000| Complete |  0
| 953|0x00000000bb900000, 0x00000000bba00000, 0x00000000bba00000|100%| E|CS|TAMS 0x00000000bb900000| PB 0x00000000bb900000| Complete |  0
| 954|0x00000000bba00000, 0x00000000bbb00000, 0x00000000bbb00000|100%| E|CS|TAMS 0x00000000bba00000| PB 0x00000000bba00000| Complete |  0
| 955|0x00000000bbb00000, 0x00000000bbc00000, 0x00000000bbc00000|100%| E|CS|TAMS 0x00000000bbb00000| PB 0x00000000bbb00000| Complete |  0
| 956|0x00000000bbc00000, 0x00000000bbd00000, 0x00000000bbd00000|100%| E|CS|TAMS 0x00000000bbc00000| PB 0x00000000bbc00000| Complete |  0
| 957|0x00000000bbd00000, 0x00000000bbe00000, 0x00000000bbe00000|100%| O|Cm|TAMS 0x00000000bbd00000| PB 0x00000000bbd00000| Complete |  0
| 958|0x00000000bbe00000, 0x00000000bbf00000, 0x00000000bbf00000|100%| E|CS|TAMS 0x00000000bbe00000| PB 0x00000000bbe00000| Complete |  0
| 959|0x00000000bbf00000, 0x00000000bc000000, 0x00000000bc000000|100%| O|  |TAMS 0x00000000bbf00000| PB 0x00000000bbf00000| Untracked |  0
| 960|0x00000000bc000000, 0x00000000bc100000, 0x00000000bc100000|100%| E|CS|TAMS 0x00000000bc000000| PB 0x00000000bc000000| Complete |  0
| 961|0x00000000bc100000, 0x00000000bc200000, 0x00000000bc200000|100%| E|CS|TAMS 0x00000000bc100000| PB 0x00000000bc100000| Complete |  0
| 962|0x00000000bc200000, 0x00000000bc300000, 0x00000000bc300000|100%| E|CS|TAMS 0x00000000bc200000| PB 0x00000000bc200000| Complete |  0
| 963|0x00000000bc300000, 0x00000000bc400000, 0x00000000bc400000|100%| E|CS|TAMS 0x00000000bc300000| PB 0x00000000bc300000| Complete |  0
| 964|0x00000000bc400000, 0x00000000bc500000, 0x00000000bc500000|100%| E|CS|TAMS 0x00000000bc400000| PB 0x00000000bc400000| Complete |  0
| 965|0x00000000bc500000, 0x00000000bc600000, 0x00000000bc600000|100%| E|CS|TAMS 0x00000000bc500000| PB 0x00000000bc500000| Complete |  0
| 966|0x00000000bc600000, 0x00000000bc700000, 0x00000000bc700000|100%| E|CS|TAMS 0x00000000bc600000| PB 0x00000000bc600000| Complete |  0
| 967|0x00000000bc700000, 0x00000000bc800000, 0x00000000bc800000|100%| E|CS|TAMS 0x00000000bc700000| PB 0x00000000bc700000| Complete |  0
| 968|0x00000000bc800000, 0x00000000bc900000, 0x00000000bc900000|100%| E|CS|TAMS 0x00000000bc800000| PB 0x00000000bc800000| Complete |  0
| 969|0x00000000bc900000, 0x00000000bca00000, 0x00000000bca00000|100%| E|CS|TAMS 0x00000000bc900000| PB 0x00000000bc900000| Complete |  0
| 970|0x00000000bca00000, 0x00000000bcb00000, 0x00000000bcb00000|100%| E|CS|TAMS 0x00000000bca00000| PB 0x00000000bca00000| Complete |  0
| 971|0x00000000bcb00000, 0x00000000bcc00000, 0x00000000bcc00000|100%| E|CS|TAMS 0x00000000bcb00000| PB 0x00000000bcb00000| Complete |  0
| 972|0x00000000bcc00000, 0x00000000bcd00000, 0x00000000bcd00000|100%| E|CS|TAMS 0x00000000bcc00000| PB 0x00000000bcc00000| Complete |  0
| 973|0x00000000bcd00000, 0x00000000bce00000, 0x00000000bce00000|100%| E|CS|TAMS 0x00000000bcd00000| PB 0x00000000bcd00000| Complete |  0
| 974|0x00000000bce00000, 0x00000000bcf00000, 0x00000000bcf00000|100%| E|CS|TAMS 0x00000000bce00000| PB 0x00000000bce00000| Complete |  0
| 975|0x00000000bcf00000, 0x00000000bd000000, 0x00000000bd000000|100%| E|CS|TAMS 0x00000000bcf00000| PB 0x00000000bcf00000| Complete |  0
| 976|0x00000000bd000000, 0x00000000bd100000, 0x00000000bd100000|100%| E|CS|TAMS 0x00000000bd000000| PB 0x00000000bd000000| Complete |  0
| 977|0x00000000bd100000, 0x00000000bd200000, 0x00000000bd200000|100%| E|CS|TAMS 0x00000000bd100000| PB 0x00000000bd100000| Complete |  0
| 978|0x00000000bd200000, 0x00000000bd300000, 0x00000000bd300000|100%| E|CS|TAMS 0x00000000bd200000| PB 0x00000000bd200000| Complete |  0
| 979|0x00000000bd300000, 0x00000000bd400000, 0x00000000bd400000|100%| E|CS|TAMS 0x00000000bd300000| PB 0x00000000bd300000| Complete |  0
| 980|0x00000000bd400000, 0x00000000bd500000, 0x00000000bd500000|100%| E|CS|TAMS 0x00000000bd400000| PB 0x00000000bd400000| Complete |  0
| 981|0x00000000bd500000, 0x00000000bd600000, 0x00000000bd600000|100%| E|CS|TAMS 0x00000000bd500000| PB 0x00000000bd500000| Complete |  0
| 982|0x00000000bd600000, 0x00000000bd700000, 0x00000000bd700000|100%| E|CS|TAMS 0x00000000bd600000| PB 0x00000000bd600000| Complete |  0
| 983|0x00000000bd700000, 0x00000000bd800000, 0x00000000bd800000|100%| E|CS|TAMS 0x00000000bd700000| PB 0x00000000bd700000| Complete |  0
| 984|0x00000000bd800000, 0x00000000bd900000, 0x00000000bd900000|100%| E|CS|TAMS 0x00000000bd800000| PB 0x00000000bd800000| Complete |  0
| 985|0x00000000bd900000, 0x00000000bda00000, 0x00000000bda00000|100%| E|CS|TAMS 0x00000000bd900000| PB 0x00000000bd900000| Complete |  0
| 986|0x00000000bda00000, 0x00000000bdb00000, 0x00000000bdb00000|100%| E|CS|TAMS 0x00000000bda00000| PB 0x00000000bda00000| Complete |  0
| 987|0x00000000bdb00000, 0x00000000bdc00000, 0x00000000bdc00000|100%| O|Cm|TAMS 0x00000000bdb00000| PB 0x00000000bdb00000| Complete |  0
| 988|0x00000000bdc00000, 0x00000000bdd00000, 0x00000000bdd00000|100%| E|CS|TAMS 0x00000000bdc00000| PB 0x00000000bdc00000| Complete |  0
| 989|0x00000000bdd00000, 0x00000000bde00000, 0x00000000bde00000|100%| O|Cm|TAMS 0x00000000bdd00000| PB 0x00000000bdd00000| Complete |  0
| 990|0x00000000bde00000, 0x00000000bdf00000, 0x00000000bdf00000|100%| E|CS|TAMS 0x00000000bde00000| PB 0x00000000bde00000| Complete |  0
| 991|0x00000000bdf00000, 0x00000000be000000, 0x00000000be000000|100%| O|Cm|TAMS 0x00000000bdf00000| PB 0x00000000bdf00000| Complete |  0
| 992|0x00000000be000000, 0x00000000be100000, 0x00000000be100000|100%| E|CS|TAMS 0x00000000be000000| PB 0x00000000be000000| Complete |  0
| 993|0x00000000be100000, 0x00000000be200000, 0x00000000be200000|100%| E|CS|TAMS 0x00000000be100000| PB 0x00000000be100000| Complete |  0
| 994|0x00000000be200000, 0x00000000be300000, 0x00000000be300000|100%| O|Cm|TAMS 0x00000000be200000| PB 0x00000000be200000| Complete |  0
| 995|0x00000000be300000, 0x00000000be400000, 0x00000000be400000|100%| E|CS|TAMS 0x00000000be300000| PB 0x00000000be300000| Complete |  0
| 996|0x00000000be400000, 0x00000000be500000, 0x00000000be500000|100%| E|CS|TAMS 0x00000000be400000| PB 0x00000000be400000| Complete |  0
| 997|0x00000000be500000, 0x00000000be600000, 0x00000000be600000|100%| E|CS|TAMS 0x00000000be500000| PB 0x00000000be500000| Complete |  0
| 998|0x00000000be600000, 0x00000000be700000, 0x00000000be700000|100%| O|Cm|TAMS 0x00000000be600000| PB 0x00000000be600000| Complete |  0
| 999|0x00000000be700000, 0x00000000be800000, 0x00000000be800000|100%| E|CS|TAMS 0x00000000be700000| PB 0x00000000be700000| Complete |  0
|1000|0x00000000be800000, 0x00000000be900000, 0x00000000be900000|100%| O|Cm|TAMS 0x00000000be800000| PB 0x00000000be800000| Complete |  0
|1001|0x00000000be900000, 0x00000000bea00000, 0x00000000bea00000|100%| E|CS|TAMS 0x00000000be900000| PB 0x00000000be900000| Complete |  0
|1002|0x00000000bea00000, 0x00000000beb00000, 0x00000000beb00000|100%| E|CS|TAMS 0x00000000bea00000| PB 0x00000000bea00000| Complete |  0
|1003|0x00000000beb00000, 0x00000000bec00000, 0x00000000bec00000|100%| E|CS|TAMS 0x00000000beb00000| PB 0x00000000beb00000| Complete |  0
|1004|0x00000000bec00000, 0x00000000bed00000, 0x00000000bed00000|100%| E|CS|TAMS 0x00000000bec00000| PB 0x00000000bec00000| Complete |  0
|1005|0x00000000bed00000, 0x00000000bee00000, 0x00000000bee00000|100%| E|CS|TAMS 0x00000000bed00000| PB 0x00000000bed00000| Complete |  0
|1006|0x00000000bee00000, 0x00000000bef00000, 0x00000000bef00000|100%| E|CS|TAMS 0x00000000bee00000| PB 0x00000000bee00000| Complete |  0
|1007|0x00000000bef00000, 0x00000000bf000000, 0x00000000bf000000|100%| E|CS|TAMS 0x00000000bef00000| PB 0x00000000bef00000| Complete |  0
|1008|0x00000000bf000000, 0x00000000bf100000, 0x00000000bf100000|100%| E|CS|TAMS 0x00000000bf000000| PB 0x00000000bf000000| Complete |  0
|1009|0x00000000bf100000, 0x00000000bf200000, 0x00000000bf200000|100%| E|CS|TAMS 0x00000000bf100000| PB 0x00000000bf100000| Complete |  0
|1010|0x00000000bf200000, 0x00000000bf300000, 0x00000000bf300000|100%| E|CS|TAMS 0x00000000bf200000| PB 0x00000000bf200000| Complete |  0
|1011|0x00000000bf300000, 0x00000000bf400000, 0x00000000bf400000|100%| E|CS|TAMS 0x00000000bf300000| PB 0x00000000bf300000| Complete |  0
|1012|0x00000000bf400000, 0x00000000bf500000, 0x00000000bf500000|100%| E|CS|TAMS 0x00000000bf400000| PB 0x00000000bf400000| Complete |  0
|1013|0x00000000bf500000, 0x00000000bf600000, 0x00000000bf600000|100%| E|CS|TAMS 0x00000000bf500000| PB 0x00000000bf500000| Complete |  0
|1014|0x00000000bf600000, 0x00000000bf700000, 0x00000000bf700000|100%| E|CS|TAMS 0x00000000bf600000| PB 0x00000000bf600000| Complete |  0
|1015|0x00000000bf700000, 0x00000000bf800000, 0x00000000bf800000|100%| E|CS|TAMS 0x00000000bf700000| PB 0x00000000bf700000| Complete |  0
|1016|0x00000000bf800000, 0x00000000bf900000, 0x00000000bf900000|100%| E|CS|TAMS 0x00000000bf800000| PB 0x00000000bf800000| Complete |  0
|1017|0x00000000bf900000, 0x00000000bfa00000, 0x00000000bfa00000|100%| E|CS|TAMS 0x00000000bf900000| PB 0x00000000bf900000| Complete |  0
|1018|0x00000000bfa00000, 0x00000000bfb00000, 0x00000000bfb00000|100%| E|CS|TAMS 0x00000000bfa00000| PB 0x00000000bfa00000| Complete |  0
|1019|0x00000000bfb00000, 0x00000000bfc00000, 0x00000000bfc00000|100%| E|CS|TAMS 0x00000000bfb00000| PB 0x00000000bfb00000| Complete |  0
|1020|0x00000000bfc00000, 0x00000000bfd00000, 0x00000000bfd00000|100%| E|CS|TAMS 0x00000000bfc00000| PB 0x00000000bfc00000| Complete |  0
|1021|0x00000000bfd00000, 0x00000000bfe00000, 0x00000000bfe00000|100%| E|CS|TAMS 0x00000000bfd00000| PB 0x00000000bfd00000| Complete |  0
|1022|0x00000000bfe00000, 0x00000000bff00000, 0x00000000bff00000|100%| E|CS|TAMS 0x00000000bfe00000| PB 0x00000000bfe00000| Complete |  0
|1023|0x00000000bff00000, 0x00000000c0000000, 0x00000000c0000000|100%| E|CS|TAMS 0x00000000bff00000| PB 0x00000000bff00000| Complete |  0
|1024|0x00000000c0000000, 0x00000000c0100000, 0x00000000c0100000|100%| E|CS|TAMS 0x00000000c0000000| PB 0x00000000c0000000| Complete |  0
|1025|0x00000000c0100000, 0x00000000c0200000, 0x00000000c0200000|100%| E|CS|TAMS 0x00000000c0100000| PB 0x00000000c0100000| Complete |  0
|1026|0x00000000c0200000, 0x00000000c0300000, 0x00000000c0300000|100%| E|CS|TAMS 0x00000000c0200000| PB 0x00000000c0200000| Complete |  0
|1027|0x00000000c0300000, 0x00000000c0400000, 0x00000000c0400000|100%| E|CS|TAMS 0x00000000c0300000| PB 0x00000000c0300000| Complete |  0
|1028|0x00000000c0400000, 0x00000000c0500000, 0x00000000c0500000|100%| E|CS|TAMS 0x00000000c0400000| PB 0x00000000c0400000| Complete |  0
|1029|0x00000000c0500000, 0x00000000c0600000, 0x00000000c0600000|100%| E|CS|TAMS 0x00000000c0500000| PB 0x00000000c0500000| Complete |  0
|1030|0x00000000c0600000, 0x00000000c0700000, 0x00000000c0700000|100%| E|CS|TAMS 0x00000000c0600000| PB 0x00000000c0600000| Complete |  0
|1031|0x00000000c0700000, 0x00000000c0800000, 0x00000000c0800000|100%| E|CS|TAMS 0x00000000c0700000| PB 0x00000000c0700000| Complete |  0
|1032|0x00000000c0800000, 0x00000000c0900000, 0x00000000c0900000|100%| E|CS|TAMS 0x00000000c0800000| PB 0x00000000c0800000| Complete |  0
|1033|0x00000000c0900000, 0x00000000c0a00000, 0x00000000c0a00000|100%| E|CS|TAMS 0x00000000c0900000| PB 0x00000000c0900000| Complete |  0
|1034|0x00000000c0a00000, 0x00000000c0b00000, 0x00000000c0b00000|100%| E|CS|TAMS 0x00000000c0a00000| PB 0x00000000c0a00000| Complete |  0
|1035|0x00000000c0b00000, 0x00000000c0c00000, 0x00000000c0c00000|100%| E|CS|TAMS 0x00000000c0b00000| PB 0x00000000c0b00000| Complete |  0
|1036|0x00000000c0c00000, 0x00000000c0d00000, 0x00000000c0d00000|100%| E|CS|TAMS 0x00000000c0c00000| PB 0x00000000c0c00000| Complete |  0
|1037|0x00000000c0d00000, 0x00000000c0e00000, 0x00000000c0e00000|100%| E|CS|TAMS 0x00000000c0d00000| PB 0x00000000c0d00000| Complete |  0
|1038|0x00000000c0e00000, 0x00000000c0f00000, 0x00000000c0f00000|100%| E|CS|TAMS 0x00000000c0e00000| PB 0x00000000c0e00000| Complete |  0
|1039|0x00000000c0f00000, 0x00000000c1000000, 0x00000000c1000000|100%| E|CS|TAMS 0x00000000c0f00000| PB 0x00000000c0f00000| Complete |  0
|1040|0x00000000c1000000, 0x00000000c1100000, 0x00000000c1100000|100%| E|CS|TAMS 0x00000000c1000000| PB 0x00000000c1000000| Complete |  0
|1041|0x00000000c1100000, 0x00000000c1200000, 0x00000000c1200000|100%| E|CS|TAMS 0x00000000c1100000| PB 0x00000000c1100000| Complete |  0
|1042|0x00000000c1200000, 0x00000000c1300000, 0x00000000c1300000|100%| E|CS|TAMS 0x00000000c1200000| PB 0x00000000c1200000| Complete |  0
|1043|0x00000000c1300000, 0x00000000c1400000, 0x00000000c1400000|100%| E|CS|TAMS 0x00000000c1300000| PB 0x00000000c1300000| Complete |  0
|1044|0x00000000c1400000, 0x00000000c1500000, 0x00000000c1500000|100%| E|CS|TAMS 0x00000000c1400000| PB 0x00000000c1400000| Complete |  0
|1045|0x00000000c1500000, 0x00000000c1600000, 0x00000000c1600000|100%| E|CS|TAMS 0x00000000c1500000| PB 0x00000000c1500000| Complete |  0
|1046|0x00000000c1600000, 0x00000000c1700000, 0x00000000c1700000|100%| E|CS|TAMS 0x00000000c1600000| PB 0x00000000c1600000| Complete |  0
|1047|0x00000000c1700000, 0x00000000c1800000, 0x00000000c1800000|100%| E|CS|TAMS 0x00000000c1700000| PB 0x00000000c1700000| Complete |  0
|1048|0x00000000c1800000, 0x00000000c1900000, 0x00000000c1900000|100%| E|CS|TAMS 0x00000000c1800000| PB 0x00000000c1800000| Complete |  0
|1049|0x00000000c1900000, 0x00000000c1a00000, 0x00000000c1a00000|100%| E|CS|TAMS 0x00000000c1900000| PB 0x00000000c1900000| Complete |  0
|1050|0x00000000c1a00000, 0x00000000c1b00000, 0x00000000c1b00000|100%| E|CS|TAMS 0x00000000c1a00000| PB 0x00000000c1a00000| Complete |  0
|1051|0x00000000c1b00000, 0x00000000c1c00000, 0x00000000c1c00000|100%| E|CS|TAMS 0x00000000c1b00000| PB 0x00000000c1b00000| Complete |  0
|1052|0x00000000c1c00000, 0x00000000c1d00000, 0x00000000c1d00000|100%| E|CS|TAMS 0x00000000c1c00000| PB 0x00000000c1c00000| Complete |  0
|1053|0x00000000c1d00000, 0x00000000c1e00000, 0x00000000c1e00000|100%| E|CS|TAMS 0x00000000c1d00000| PB 0x00000000c1d00000| Complete |  0
|1054|0x00000000c1e00000, 0x00000000c1f00000, 0x00000000c1f00000|100%| E|CS|TAMS 0x00000000c1e00000| PB 0x00000000c1e00000| Complete |  0
|1055|0x00000000c1f00000, 0x00000000c2000000, 0x00000000c2000000|100%| E|CS|TAMS 0x00000000c1f00000| PB 0x00000000c1f00000| Complete |  0
|1056|0x00000000c2000000, 0x00000000c2100000, 0x00000000c2100000|100%| E|CS|TAMS 0x00000000c2000000| PB 0x00000000c2000000| Complete |  0
|1057|0x00000000c2100000, 0x00000000c2200000, 0x00000000c2200000|100%| E|CS|TAMS 0x00000000c2100000| PB 0x00000000c2100000| Complete |  0
|1058|0x00000000c2200000, 0x00000000c2300000, 0x00000000c2300000|100%| E|CS|TAMS 0x00000000c2200000| PB 0x00000000c2200000| Complete |  0
|1059|0x00000000c2300000, 0x00000000c2400000, 0x00000000c2400000|100%| E|CS|TAMS 0x00000000c2300000| PB 0x00000000c2300000| Complete |  0
|1060|0x00000000c2400000, 0x00000000c2500000, 0x00000000c2500000|100%| E|CS|TAMS 0x00000000c2400000| PB 0x00000000c2400000| Complete |  0
|1061|0x00000000c2500000, 0x00000000c2600000, 0x00000000c2600000|100%| E|CS|TAMS 0x00000000c2500000| PB 0x00000000c2500000| Complete |  0
|1062|0x00000000c2600000, 0x00000000c2700000, 0x00000000c2700000|100%| E|CS|TAMS 0x00000000c2600000| PB 0x00000000c2600000| Complete |  0
|1063|0x00000000c2700000, 0x00000000c2800000, 0x00000000c2800000|100%| E|CS|TAMS 0x00000000c2700000| PB 0x00000000c2700000| Complete |  0
|1064|0x00000000c2800000, 0x00000000c2900000, 0x00000000c2900000|100%| E|CS|TAMS 0x00000000c2800000| PB 0x00000000c2800000| Complete |  0
|1065|0x00000000c2900000, 0x00000000c2a00000, 0x00000000c2a00000|100%| E|CS|TAMS 0x00000000c2900000| PB 0x00000000c2900000| Complete |  0
|1066|0x00000000c2a00000, 0x00000000c2b00000, 0x00000000c2b00000|100%| E|CS|TAMS 0x00000000c2a00000| PB 0x00000000c2a00000| Complete |  0
|1067|0x00000000c2b00000, 0x00000000c2c00000, 0x00000000c2c00000|100%| E|CS|TAMS 0x00000000c2b00000| PB 0x00000000c2b00000| Complete |  0
|1068|0x00000000c2c00000, 0x00000000c2d00000, 0x00000000c2d00000|100%| E|CS|TAMS 0x00000000c2c00000| PB 0x00000000c2c00000| Complete |  0
|1069|0x00000000c2d00000, 0x00000000c2e00000, 0x00000000c2e00000|100%| E|CS|TAMS 0x00000000c2d00000| PB 0x00000000c2d00000| Complete |  0
|1070|0x00000000c2e00000, 0x00000000c2f00000, 0x00000000c2f00000|100%| E|CS|TAMS 0x00000000c2e00000| PB 0x00000000c2e00000| Complete |  0
|1071|0x00000000c2f00000, 0x00000000c3000000, 0x00000000c3000000|100%| E|CS|TAMS 0x00000000c2f00000| PB 0x00000000c2f00000| Complete |  0
|1072|0x00000000c3000000, 0x00000000c3100000, 0x00000000c3100000|100%| E|CS|TAMS 0x00000000c3000000| PB 0x00000000c3000000| Complete |  0
|1073|0x00000000c3100000, 0x00000000c3200000, 0x00000000c3200000|100%| E|CS|TAMS 0x00000000c3100000| PB 0x00000000c3100000| Complete |  0
|1074|0x00000000c3200000, 0x00000000c3300000, 0x00000000c3300000|100%| E|CS|TAMS 0x00000000c3200000| PB 0x00000000c3200000| Complete |  0
|1075|0x00000000c3300000, 0x00000000c3400000, 0x00000000c3400000|100%| E|CS|TAMS 0x00000000c3300000| PB 0x00000000c3300000| Complete |  0
|1076|0x00000000c3400000, 0x00000000c3500000, 0x00000000c3500000|100%| E|CS|TAMS 0x00000000c3400000| PB 0x00000000c3400000| Complete |  0
|1077|0x00000000c3500000, 0x00000000c3600000, 0x00000000c3600000|100%| E|CS|TAMS 0x00000000c3500000| PB 0x00000000c3500000| Complete |  0
|1078|0x00000000c3600000, 0x00000000c3700000, 0x00000000c3700000|100%| E|CS|TAMS 0x00000000c3600000| PB 0x00000000c3600000| Complete |  0
|1079|0x00000000c3700000, 0x00000000c3800000, 0x00000000c3800000|100%| E|CS|TAMS 0x00000000c3700000| PB 0x00000000c3700000| Complete |  0
|1080|0x00000000c3800000, 0x00000000c3900000, 0x00000000c3900000|100%| E|CS|TAMS 0x00000000c3800000| PB 0x00000000c3800000| Complete |  0
|1081|0x00000000c3900000, 0x00000000c3a00000, 0x00000000c3a00000|100%| E|CS|TAMS 0x00000000c3900000| PB 0x00000000c3900000| Complete |  0
|1082|0x00000000c3a00000, 0x00000000c3b00000, 0x00000000c3b00000|100%| E|CS|TAMS 0x00000000c3a00000| PB 0x00000000c3a00000| Complete |  0
|1083|0x00000000c3b00000, 0x00000000c3c00000, 0x00000000c3c00000|100%| E|CS|TAMS 0x00000000c3b00000| PB 0x00000000c3b00000| Complete |  0
|1084|0x00000000c3c00000, 0x00000000c3d00000, 0x00000000c3d00000|100%| E|CS|TAMS 0x00000000c3c00000| PB 0x00000000c3c00000| Complete |  0
|1085|0x00000000c3d00000, 0x00000000c3e00000, 0x00000000c3e00000|100%| E|CS|TAMS 0x00000000c3d00000| PB 0x00000000c3d00000| Complete |  0
|1086|0x00000000c3e00000, 0x00000000c3f00000, 0x00000000c3f00000|100%| E|CS|TAMS 0x00000000c3e00000| PB 0x00000000c3e00000| Complete |  0
|1087|0x00000000c3f00000, 0x00000000c4000000, 0x00000000c4000000|100%| E|CS|TAMS 0x00000000c3f00000| PB 0x00000000c3f00000| Complete |  0
|1088|0x00000000c4000000, 0x00000000c4100000, 0x00000000c4100000|100%| E|CS|TAMS 0x00000000c4000000| PB 0x00000000c4000000| Complete |  0
|1089|0x00000000c4100000, 0x00000000c4200000, 0x00000000c4200000|100%| E|CS|TAMS 0x00000000c4100000| PB 0x00000000c4100000| Complete |  0
|1090|0x00000000c4200000, 0x00000000c4300000, 0x00000000c4300000|100%| E|CS|TAMS 0x00000000c4200000| PB 0x00000000c4200000| Complete |  0
|1091|0x00000000c4300000, 0x00000000c4400000, 0x00000000c4400000|100%| E|CS|TAMS 0x00000000c4300000| PB 0x00000000c4300000| Complete |  0
|1092|0x00000000c4400000, 0x00000000c4500000, 0x00000000c4500000|100%| E|CS|TAMS 0x00000000c4400000| PB 0x00000000c4400000| Complete |  0
|1093|0x00000000c4500000, 0x00000000c4600000, 0x00000000c4600000|100%| E|CS|TAMS 0x00000000c4500000| PB 0x00000000c4500000| Complete |  0
|1094|0x00000000c4600000, 0x00000000c4700000, 0x00000000c4700000|100%| E|CS|TAMS 0x00000000c4600000| PB 0x00000000c4600000| Complete |  0
|1095|0x00000000c4700000, 0x00000000c4800000, 0x00000000c4800000|100%| E|CS|TAMS 0x00000000c4700000| PB 0x00000000c4700000| Complete |  0
|1096|0x00000000c4800000, 0x00000000c4900000, 0x00000000c4900000|100%| E|CS|TAMS 0x00000000c4800000| PB 0x00000000c4800000| Complete |  0
|1097|0x00000000c4900000, 0x00000000c4a00000, 0x00000000c4a00000|100%| E|CS|TAMS 0x00000000c4900000| PB 0x00000000c4900000| Complete |  0
|1098|0x00000000c4a00000, 0x00000000c4b00000, 0x00000000c4b00000|100%| E|CS|TAMS 0x00000000c4a00000| PB 0x00000000c4a00000| Complete |  0
|1099|0x00000000c4b00000, 0x00000000c4c00000, 0x00000000c4c00000|100%| E|CS|TAMS 0x00000000c4b00000| PB 0x00000000c4b00000| Complete |  0
|1100|0x00000000c4c00000, 0x00000000c4d00000, 0x00000000c4d00000|100%| E|CS|TAMS 0x00000000c4c00000| PB 0x00000000c4c00000| Complete |  0
|1101|0x00000000c4d00000, 0x00000000c4e00000, 0x00000000c4e00000|100%| E|CS|TAMS 0x00000000c4d00000| PB 0x00000000c4d00000| Complete |  0
|1102|0x00000000c4e00000, 0x00000000c4f00000, 0x00000000c4f00000|100%| E|CS|TAMS 0x00000000c4e00000| PB 0x00000000c4e00000| Complete |  0
|1103|0x00000000c4f00000, 0x00000000c5000000, 0x00000000c5000000|100%| E|CS|TAMS 0x00000000c4f00000| PB 0x00000000c4f00000| Complete |  0
|1104|0x00000000c5000000, 0x00000000c5100000, 0x00000000c5100000|100%| E|CS|TAMS 0x00000000c5000000| PB 0x00000000c5000000| Complete |  0
|1105|0x00000000c5100000, 0x00000000c5200000, 0x00000000c5200000|100%| E|CS|TAMS 0x00000000c5100000| PB 0x00000000c5100000| Complete |  0
|1106|0x00000000c5200000, 0x00000000c5300000, 0x00000000c5300000|100%| E|CS|TAMS 0x00000000c5200000| PB 0x00000000c5200000| Complete |  0
|1107|0x00000000c5300000, 0x00000000c5400000, 0x00000000c5400000|100%| E|CS|TAMS 0x00000000c5300000| PB 0x00000000c5300000| Complete |  0
|1108|0x00000000c5400000, 0x00000000c5500000, 0x00000000c5500000|100%| E|CS|TAMS 0x00000000c5400000| PB 0x00000000c5400000| Complete |  0
|1109|0x00000000c5500000, 0x00000000c5600000, 0x00000000c5600000|100%| E|CS|TAMS 0x00000000c5500000| PB 0x00000000c5500000| Complete |  0
|1110|0x00000000c5600000, 0x00000000c5700000, 0x00000000c5700000|100%| E|CS|TAMS 0x00000000c5600000| PB 0x00000000c5600000| Complete |  0
|1111|0x00000000c5700000, 0x00000000c5800000, 0x00000000c5800000|100%| E|CS|TAMS 0x00000000c5700000| PB 0x00000000c5700000| Complete |  0
|1112|0x00000000c5800000, 0x00000000c5900000, 0x00000000c5900000|100%| E|CS|TAMS 0x00000000c5800000| PB 0x00000000c5800000| Complete |  0
|1113|0x00000000c5900000, 0x00000000c5a00000, 0x00000000c5a00000|100%| E|CS|TAMS 0x00000000c5900000| PB 0x00000000c5900000| Complete |  0
|1114|0x00000000c5a00000, 0x00000000c5b00000, 0x00000000c5b00000|100%| E|CS|TAMS 0x00000000c5a00000| PB 0x00000000c5a00000| Complete |  0
|1115|0x00000000c5b00000, 0x00000000c5c00000, 0x00000000c5c00000|100%| E|CS|TAMS 0x00000000c5b00000| PB 0x00000000c5b00000| Complete |  0
|1116|0x00000000c5c00000, 0x00000000c5d00000, 0x00000000c5d00000|100%| E|CS|TAMS 0x00000000c5c00000| PB 0x00000000c5c00000| Complete |  0
|1117|0x00000000c5d00000, 0x00000000c5e00000, 0x00000000c5e00000|100%| E|CS|TAMS 0x00000000c5d00000| PB 0x00000000c5d00000| Complete |  0
|1118|0x00000000c5e00000, 0x00000000c5f00000, 0x00000000c5f00000|100%| E|CS|TAMS 0x00000000c5e00000| PB 0x00000000c5e00000| Complete |  0
|1119|0x00000000c5f00000, 0x00000000c6000000, 0x00000000c6000000|100%| E|CS|TAMS 0x00000000c5f00000| PB 0x00000000c5f00000| Complete |  0
|1120|0x00000000c6000000, 0x00000000c6100000, 0x00000000c6100000|100%| E|CS|TAMS 0x00000000c6000000| PB 0x00000000c6000000| Complete |  0
|1121|0x00000000c6100000, 0x00000000c6200000, 0x00000000c6200000|100%| E|CS|TAMS 0x00000000c6100000| PB 0x00000000c6100000| Complete |  0
|1122|0x00000000c6200000, 0x00000000c6300000, 0x00000000c6300000|100%| E|CS|TAMS 0x00000000c6200000| PB 0x00000000c6200000| Complete |  0
|1123|0x00000000c6300000, 0x00000000c6400000, 0x00000000c6400000|100%| E|CS|TAMS 0x00000000c6300000| PB 0x00000000c6300000| Complete |  0
|1124|0x00000000c6400000, 0x00000000c6500000, 0x00000000c6500000|100%| E|CS|TAMS 0x00000000c6400000| PB 0x00000000c6400000| Complete |  0
|1125|0x00000000c6500000, 0x00000000c6600000, 0x00000000c6600000|100%| E|CS|TAMS 0x00000000c6500000| PB 0x00000000c6500000| Complete |  0
|1126|0x00000000c6600000, 0x00000000c6700000, 0x00000000c6700000|100%| E|CS|TAMS 0x00000000c6600000| PB 0x00000000c6600000| Complete |  0
|1127|0x00000000c6700000, 0x00000000c6800000, 0x00000000c6800000|100%| E|CS|TAMS 0x00000000c6700000| PB 0x00000000c6700000| Complete |  0
|1128|0x00000000c6800000, 0x00000000c6900000, 0x00000000c6900000|100%| E|CS|TAMS 0x00000000c6800000| PB 0x00000000c6800000| Complete |  0
|1129|0x00000000c6900000, 0x00000000c6a00000, 0x00000000c6a00000|100%| E|CS|TAMS 0x00000000c6900000| PB 0x00000000c6900000| Complete |  0
|1130|0x00000000c6a00000, 0x00000000c6b00000, 0x00000000c6b00000|100%| E|CS|TAMS 0x00000000c6a00000| PB 0x00000000c6a00000| Complete |  0
|1131|0x00000000c6b00000, 0x00000000c6c00000, 0x00000000c6c00000|100%| E|CS|TAMS 0x00000000c6b00000| PB 0x00000000c6b00000| Complete |  0
|1132|0x00000000c6c00000, 0x00000000c6d00000, 0x00000000c6d00000|100%| E|CS|TAMS 0x00000000c6c00000| PB 0x00000000c6c00000| Complete |  0
|1133|0x00000000c6d00000, 0x00000000c6e00000, 0x00000000c6e00000|100%| E|CS|TAMS 0x00000000c6d00000| PB 0x00000000c6d00000| Complete |  0
|1134|0x00000000c6e00000, 0x00000000c6f00000, 0x00000000c6f00000|100%| E|CS|TAMS 0x00000000c6e00000| PB 0x00000000c6e00000| Complete |  0
|1135|0x00000000c6f00000, 0x00000000c7000000, 0x00000000c7000000|100%| E|CS|TAMS 0x00000000c6f00000| PB 0x00000000c6f00000| Complete |  0
|1136|0x00000000c7000000, 0x00000000c7100000, 0x00000000c7100000|100%| E|CS|TAMS 0x00000000c7000000| PB 0x00000000c7000000| Complete |  0
|1137|0x00000000c7100000, 0x00000000c7200000, 0x00000000c7200000|100%| E|CS|TAMS 0x00000000c7100000| PB 0x00000000c7100000| Complete |  0
|1138|0x00000000c7200000, 0x00000000c7300000, 0x00000000c7300000|100%| E|CS|TAMS 0x00000000c7200000| PB 0x00000000c7200000| Complete |  0
|1139|0x00000000c7300000, 0x00000000c7400000, 0x00000000c7400000|100%| E|CS|TAMS 0x00000000c7300000| PB 0x00000000c7300000| Complete |  0
|1140|0x00000000c7400000, 0x00000000c7500000, 0x00000000c7500000|100%| E|CS|TAMS 0x00000000c7400000| PB 0x00000000c7400000| Complete |  0
|1141|0x00000000c7500000, 0x00000000c7600000, 0x00000000c7600000|100%| E|CS|TAMS 0x00000000c7500000| PB 0x00000000c7500000| Complete |  0
|1142|0x00000000c7600000, 0x00000000c7700000, 0x00000000c7700000|100%| E|CS|TAMS 0x00000000c7600000| PB 0x00000000c7600000| Complete |  0
|1143|0x00000000c7700000, 0x00000000c7800000, 0x00000000c7800000|100%| E|CS|TAMS 0x00000000c7700000| PB 0x00000000c7700000| Complete |  0
|1144|0x00000000c7800000, 0x00000000c7900000, 0x00000000c7900000|100%| E|CS|TAMS 0x00000000c7800000| PB 0x00000000c7800000| Complete |  0
|1145|0x00000000c7900000, 0x00000000c7a00000, 0x00000000c7a00000|100%| E|CS|TAMS 0x00000000c7900000| PB 0x00000000c7900000| Complete |  0
|1146|0x00000000c7a00000, 0x00000000c7b00000, 0x00000000c7b00000|100%| E|CS|TAMS 0x00000000c7a00000| PB 0x00000000c7a00000| Complete |  0
|1147|0x00000000c7b00000, 0x00000000c7c00000, 0x00000000c7c00000|100%| E|CS|TAMS 0x00000000c7b00000| PB 0x00000000c7b00000| Complete |  0
|1148|0x00000000c7c00000, 0x00000000c7d00000, 0x00000000c7d00000|100%| E|CS|TAMS 0x00000000c7c00000| PB 0x00000000c7c00000| Complete |  0
|1149|0x00000000c7d00000, 0x00000000c7e00000, 0x00000000c7e00000|100%| E|CS|TAMS 0x00000000c7d00000| PB 0x00000000c7d00000| Complete |  0
|1150|0x00000000c7e00000, 0x00000000c7f00000, 0x00000000c7f00000|100%| E|CS|TAMS 0x00000000c7e00000| PB 0x00000000c7e00000| Complete |  0
|1151|0x00000000c7f00000, 0x00000000c8000000, 0x00000000c8000000|100%| E|CS|TAMS 0x00000000c7f00000| PB 0x00000000c7f00000| Complete |  0
|1152|0x00000000c8000000, 0x00000000c8100000, 0x00000000c8100000|100%| E|CS|TAMS 0x00000000c8000000| PB 0x00000000c8000000| Complete |  0
|1153|0x00000000c8100000, 0x00000000c8200000, 0x00000000c8200000|100%| E|CS|TAMS 0x00000000c8100000| PB 0x00000000c8100000| Complete |  0
|1154|0x00000000c8200000, 0x00000000c8300000, 0x00000000c8300000|100%| E|CS|TAMS 0x00000000c8200000| PB 0x00000000c8200000| Complete |  0
|1155|0x00000000c8300000, 0x00000000c8400000, 0x00000000c8400000|100%| E|CS|TAMS 0x00000000c8300000| PB 0x00000000c8300000| Complete |  0
|1156|0x00000000c8400000, 0x00000000c8500000, 0x00000000c8500000|100%| E|CS|TAMS 0x00000000c8400000| PB 0x00000000c8400000| Complete |  0
|1157|0x00000000c8500000, 0x00000000c8600000, 0x00000000c8600000|100%| E|CS|TAMS 0x00000000c8500000| PB 0x00000000c8500000| Complete |  0
|1158|0x00000000c8600000, 0x00000000c8700000, 0x00000000c8700000|100%| E|CS|TAMS 0x00000000c8600000| PB 0x00000000c8600000| Complete |  0
|1159|0x00000000c8700000, 0x00000000c8800000, 0x00000000c8800000|100%| E|CS|TAMS 0x00000000c8700000| PB 0x00000000c8700000| Complete |  0
|1160|0x00000000c8800000, 0x00000000c8900000, 0x00000000c8900000|100%| E|CS|TAMS 0x00000000c8800000| PB 0x00000000c8800000| Complete |  0
|1161|0x00000000c8900000, 0x00000000c8a00000, 0x00000000c8a00000|100%| E|CS|TAMS 0x00000000c8900000| PB 0x00000000c8900000| Complete |  0
|1162|0x00000000c8a00000, 0x00000000c8b00000, 0x00000000c8b00000|100%| E|CS|TAMS 0x00000000c8a00000| PB 0x00000000c8a00000| Complete |  0
|1163|0x00000000c8b00000, 0x00000000c8c00000, 0x00000000c8c00000|100%| E|CS|TAMS 0x00000000c8b00000| PB 0x00000000c8b00000| Complete |  0
|1164|0x00000000c8c00000, 0x00000000c8d00000, 0x00000000c8d00000|100%| E|CS|TAMS 0x00000000c8c00000| PB 0x00000000c8c00000| Complete |  0
|1165|0x00000000c8d00000, 0x00000000c8e00000, 0x00000000c8e00000|100%| E|CS|TAMS 0x00000000c8d00000| PB 0x00000000c8d00000| Complete |  0
|1166|0x00000000c8e00000, 0x00000000c8f00000, 0x00000000c8f00000|100%| E|CS|TAMS 0x00000000c8e00000| PB 0x00000000c8e00000| Complete |  0
|1167|0x00000000c8f00000, 0x00000000c9000000, 0x00000000c9000000|100%| E|CS|TAMS 0x00000000c8f00000| PB 0x00000000c8f00000| Complete |  0
|1168|0x00000000c9000000, 0x00000000c9100000, 0x00000000c9100000|100%| E|CS|TAMS 0x00000000c9000000| PB 0x00000000c9000000| Complete |  0
|1169|0x00000000c9100000, 0x00000000c9200000, 0x00000000c9200000|100%| E|CS|TAMS 0x00000000c9100000| PB 0x00000000c9100000| Complete |  0
|1170|0x00000000c9200000, 0x00000000c9300000, 0x00000000c9300000|100%| E|CS|TAMS 0x00000000c9200000| PB 0x00000000c9200000| Complete |  0
|1171|0x00000000c9300000, 0x00000000c9400000, 0x00000000c9400000|100%| E|CS|TAMS 0x00000000c9300000| PB 0x00000000c9300000| Complete |  0
|1172|0x00000000c9400000, 0x00000000c9500000, 0x00000000c9500000|100%| E|CS|TAMS 0x00000000c9400000| PB 0x00000000c9400000| Complete |  0
|1173|0x00000000c9500000, 0x00000000c9600000, 0x00000000c9600000|100%| E|CS|TAMS 0x00000000c9500000| PB 0x00000000c9500000| Complete |  0
|1174|0x00000000c9600000, 0x00000000c9700000, 0x00000000c9700000|100%| E|CS|TAMS 0x00000000c9600000| PB 0x00000000c9600000| Complete |  0
|1175|0x00000000c9700000, 0x00000000c9800000, 0x00000000c9800000|100%| E|CS|TAMS 0x00000000c9700000| PB 0x00000000c9700000| Complete |  0
|1176|0x00000000c9800000, 0x00000000c9900000, 0x00000000c9900000|100%| E|CS|TAMS 0x00000000c9800000| PB 0x00000000c9800000| Complete |  0
|1177|0x00000000c9900000, 0x00000000c9980000, 0x00000000c9a00000| 50%| E|CS|TAMS 0x00000000c9900000| PB 0x00000000c9900000| Complete |  0
|1178|0x00000000c9a00000, 0x00000000c9b00000, 0x00000000c9b00000|100%| E|CS|TAMS 0x00000000c9a00000| PB 0x00000000c9a00000| Complete |  0
|1179|0x00000000c9b00000, 0x00000000c9c00000, 0x00000000c9c00000|100%| E|CS|TAMS 0x00000000c9b00000| PB 0x00000000c9b00000| Complete |  0
|1180|0x00000000c9c00000, 0x00000000c9d00000, 0x00000000c9d00000|100%| E|CS|TAMS 0x00000000c9c00000| PB 0x00000000c9c00000| Complete |  0
|1181|0x00000000c9d00000, 0x00000000c9e00000, 0x00000000c9e00000|100%| E|CS|TAMS 0x00000000c9d00000| PB 0x00000000c9d00000| Complete |  0
|1182|0x00000000c9e00000, 0x00000000c9f00000, 0x00000000c9f00000|100%| E|CS|TAMS 0x00000000c9e00000| PB 0x00000000c9e00000| Complete |  0
|1183|0x00000000c9f00000, 0x00000000ca000000, 0x00000000ca000000|100%| E|CS|TAMS 0x00000000c9f00000| PB 0x00000000c9f00000| Complete |  0
|1184|0x00000000ca000000, 0x00000000ca100000, 0x00000000ca100000|100%| E|CS|TAMS 0x00000000ca000000| PB 0x00000000ca000000| Complete |  0
|1185|0x00000000ca100000, 0x00000000ca200000, 0x00000000ca200000|100%| E|CS|TAMS 0x00000000ca100000| PB 0x00000000ca100000| Complete |  0
|1186|0x00000000ca200000, 0x00000000ca300000, 0x00000000ca300000|100%| E|CS|TAMS 0x00000000ca200000| PB 0x00000000ca200000| Complete |  0
|1187|0x00000000ca300000, 0x00000000ca400000, 0x00000000ca400000|100%| E|CS|TAMS 0x00000000ca300000| PB 0x00000000ca300000| Complete |  0
|1188|0x00000000ca400000, 0x00000000ca500000, 0x00000000ca500000|100%| E|CS|TAMS 0x00000000ca400000| PB 0x00000000ca400000| Complete |  0
|1189|0x00000000ca500000, 0x00000000ca600000, 0x00000000ca600000|100%| E|CS|TAMS 0x00000000ca500000| PB 0x00000000ca500000| Complete |  0
|1190|0x00000000ca600000, 0x00000000ca700000, 0x00000000ca700000|100%| E|CS|TAMS 0x00000000ca600000| PB 0x00000000ca600000| Complete |  0
|1191|0x00000000ca700000, 0x00000000ca800000, 0x00000000ca800000|100%| E|CS|TAMS 0x00000000ca700000| PB 0x00000000ca700000| Complete |  0
|1192|0x00000000ca800000, 0x00000000ca900000, 0x00000000ca900000|100%| E|CS|TAMS 0x00000000ca800000| PB 0x00000000ca800000| Complete |  0
|1193|0x00000000ca900000, 0x00000000caa00000, 0x00000000caa00000|100%| E|CS|TAMS 0x00000000ca900000| PB 0x00000000ca900000| Complete |  0
|1194|0x00000000caa00000, 0x00000000cab00000, 0x00000000cab00000|100%| E|CS|TAMS 0x00000000caa00000| PB 0x00000000caa00000| Complete |  0
|1195|0x00000000cab00000, 0x00000000cac00000, 0x00000000cac00000|100%| E|CS|TAMS 0x00000000cab00000| PB 0x00000000cab00000| Complete |  0
|1196|0x00000000cac00000, 0x00000000cad00000, 0x00000000cad00000|100%| E|CS|TAMS 0x00000000cac00000| PB 0x00000000cac00000| Complete |  0
|1197|0x00000000cad00000, 0x00000000cae00000, 0x00000000cae00000|100%| E|CS|TAMS 0x00000000cad00000| PB 0x00000000cad00000| Complete |  0
|1198|0x00000000cae00000, 0x00000000caf00000, 0x00000000caf00000|100%| E|CS|TAMS 0x00000000cae00000| PB 0x00000000cae00000| Complete |  0
|1199|0x00000000caf00000, 0x00000000cb000000, 0x00000000cb000000|100%| E|CS|TAMS 0x00000000caf00000| PB 0x00000000caf00000| Complete |  0
|1200|0x00000000cb000000, 0x00000000cb100000, 0x00000000cb100000|100%| E|CS|TAMS 0x00000000cb000000| PB 0x00000000cb000000| Complete |  0
|1201|0x00000000cb100000, 0x00000000cb200000, 0x00000000cb200000|100%| E|CS|TAMS 0x00000000cb100000| PB 0x00000000cb100000| Complete |  0
|1202|0x00000000cb200000, 0x00000000cb300000, 0x00000000cb300000|100%| E|CS|TAMS 0x00000000cb200000| PB 0x00000000cb200000| Complete |  0
|1203|0x00000000cb300000, 0x00000000cb400000, 0x00000000cb400000|100%| E|CS|TAMS 0x00000000cb300000| PB 0x00000000cb300000| Complete |  0
|1204|0x00000000cb400000, 0x00000000cb500000, 0x00000000cb500000|100%| E|CS|TAMS 0x00000000cb400000| PB 0x00000000cb400000| Complete |  0
|1205|0x00000000cb500000, 0x00000000cb600000, 0x00000000cb600000|100%| E|CS|TAMS 0x00000000cb500000| PB 0x00000000cb500000| Complete |  0
|1206|0x00000000cb600000, 0x00000000cb700000, 0x00000000cb700000|100%| E|CS|TAMS 0x00000000cb600000| PB 0x00000000cb600000| Complete |  0
|1207|0x00000000cb700000, 0x00000000cb800000, 0x00000000cb800000|100%| E|CS|TAMS 0x00000000cb700000| PB 0x00000000cb700000| Complete |  0
|1208|0x00000000cb800000, 0x00000000cb900000, 0x00000000cb900000|100%| E|CS|TAMS 0x00000000cb800000| PB 0x00000000cb800000| Complete |  0
|1209|0x00000000cb900000, 0x00000000cba00000, 0x00000000cba00000|100%| E|CS|TAMS 0x00000000cb900000| PB 0x00000000cb900000| Complete |  0
|1210|0x00000000cba00000, 0x00000000cbb00000, 0x00000000cbb00000|100%| E|CS|TAMS 0x00000000cba00000| PB 0x00000000cba00000| Complete |  0
|1211|0x00000000cbb00000, 0x00000000cbc00000, 0x00000000cbc00000|100%| E|CS|TAMS 0x00000000cbb00000| PB 0x00000000cbb00000| Complete |  0
|1212|0x00000000cbc00000, 0x00000000cbd00000, 0x00000000cbd00000|100%| E|CS|TAMS 0x00000000cbc00000| PB 0x00000000cbc00000| Complete |  0
|1213|0x00000000cbd00000, 0x00000000cbe00000, 0x00000000cbe00000|100%| E|CS|TAMS 0x00000000cbd00000| PB 0x00000000cbd00000| Complete |  0
|1214|0x00000000cbe00000, 0x00000000cbf00000, 0x00000000cbf00000|100%| E|CS|TAMS 0x00000000cbe00000| PB 0x00000000cbe00000| Complete |  0
|1215|0x00000000cbf00000, 0x00000000cc000000, 0x00000000cc000000|100%| E|CS|TAMS 0x00000000cbf00000| PB 0x00000000cbf00000| Complete |  0
|1216|0x00000000cc000000, 0x00000000cc100000, 0x00000000cc100000|100%| E|CS|TAMS 0x00000000cc000000| PB 0x00000000cc000000| Complete |  0
|1217|0x00000000cc100000, 0x00000000cc200000, 0x00000000cc200000|100%| E|CS|TAMS 0x00000000cc100000| PB 0x00000000cc100000| Complete |  0
|1218|0x00000000cc200000, 0x00000000cc300000, 0x00000000cc300000|100%| E|CS|TAMS 0x00000000cc200000| PB 0x00000000cc200000| Complete |  0
|1219|0x00000000cc300000, 0x00000000cc400000, 0x00000000cc400000|100%| E|CS|TAMS 0x00000000cc300000| PB 0x00000000cc300000| Complete |  0
|1220|0x00000000cc400000, 0x00000000cc500000, 0x00000000cc500000|100%| E|CS|TAMS 0x00000000cc400000| PB 0x00000000cc400000| Complete |  0
|1221|0x00000000cc500000, 0x00000000cc600000, 0x00000000cc600000|100%| E|CS|TAMS 0x00000000cc500000| PB 0x00000000cc500000| Complete |  0
|1222|0x00000000cc600000, 0x00000000cc700000, 0x00000000cc700000|100%| E|CS|TAMS 0x00000000cc600000| PB 0x00000000cc600000| Complete |  0
|1223|0x00000000cc700000, 0x00000000cc800000, 0x00000000cc800000|100%| E|CS|TAMS 0x00000000cc700000| PB 0x00000000cc700000| Complete |  0
|1224|0x00000000cc800000, 0x00000000cc900000, 0x00000000cc900000|100%| E|CS|TAMS 0x00000000cc800000| PB 0x00000000cc800000| Complete |  0
|1225|0x00000000cc900000, 0x00000000cca00000, 0x00000000cca00000|100%| E|CS|TAMS 0x00000000cc900000| PB 0x00000000cc900000| Complete |  0
|1226|0x00000000cca00000, 0x00000000ccb00000, 0x00000000ccb00000|100%| E|CS|TAMS 0x00000000cca00000| PB 0x00000000cca00000| Complete |  0
|1227|0x00000000ccb00000, 0x00000000ccc00000, 0x00000000ccc00000|100%| E|CS|TAMS 0x00000000ccb00000| PB 0x00000000ccb00000| Complete |  0
|1228|0x00000000ccc00000, 0x00000000ccd00000, 0x00000000ccd00000|100%| E|CS|TAMS 0x00000000ccc00000| PB 0x00000000ccc00000| Complete |  0
|1229|0x00000000ccd00000, 0x00000000cce00000, 0x00000000cce00000|100%| E|CS|TAMS 0x00000000ccd00000| PB 0x00000000ccd00000| Complete |  0
|1230|0x00000000cce00000, 0x00000000ccf00000, 0x00000000ccf00000|100%| E|CS|TAMS 0x00000000cce00000| PB 0x00000000cce00000| Complete |  0
|1231|0x00000000ccf00000, 0x00000000cd000000, 0x00000000cd000000|100%| E|CS|TAMS 0x00000000ccf00000| PB 0x00000000ccf00000| Complete |  0
|1232|0x00000000cd000000, 0x00000000cd100000, 0x00000000cd100000|100%| E|CS|TAMS 0x00000000cd000000| PB 0x00000000cd000000| Complete |  0
|1233|0x00000000cd100000, 0x00000000cd200000, 0x00000000cd200000|100%| E|CS|TAMS 0x00000000cd100000| PB 0x00000000cd100000| Complete |  0
|1234|0x00000000cd200000, 0x00000000cd300000, 0x00000000cd300000|100%| E|CS|TAMS 0x00000000cd200000| PB 0x00000000cd200000| Complete |  0
|1235|0x00000000cd300000, 0x00000000cd400000, 0x00000000cd400000|100%| E|CS|TAMS 0x00000000cd300000| PB 0x00000000cd300000| Complete |  0
|1236|0x00000000cd400000, 0x00000000cd500000, 0x00000000cd500000|100%| E|CS|TAMS 0x00000000cd400000| PB 0x00000000cd400000| Complete |  0
|1237|0x00000000cd500000, 0x00000000cd600000, 0x00000000cd600000|100%| E|CS|TAMS 0x00000000cd500000| PB 0x00000000cd500000| Complete |  0
|1238|0x00000000cd600000, 0x00000000cd700000, 0x00000000cd700000|100%| E|CS|TAMS 0x00000000cd600000| PB 0x00000000cd600000| Complete |  0
|1239|0x00000000cd700000, 0x00000000cd800000, 0x00000000cd800000|100%| E|CS|TAMS 0x00000000cd700000| PB 0x00000000cd700000| Complete |  0
|1240|0x00000000cd800000, 0x00000000cd900000, 0x00000000cd900000|100%| E|CS|TAMS 0x00000000cd800000| PB 0x00000000cd800000| Complete |  0
|1241|0x00000000cd900000, 0x00000000cda00000, 0x00000000cda00000|100%| E|CS|TAMS 0x00000000cd900000| PB 0x00000000cd900000| Complete |  0
|1242|0x00000000cda00000, 0x00000000cdb00000, 0x00000000cdb00000|100%| E|CS|TAMS 0x00000000cda00000| PB 0x00000000cda00000| Complete |  0
|1243|0x00000000cdb00000, 0x00000000cdc00000, 0x00000000cdc00000|100%| E|CS|TAMS 0x00000000cdb00000| PB 0x00000000cdb00000| Complete |  0
|1244|0x00000000cdc00000, 0x00000000cdd00000, 0x00000000cdd00000|100%| E|CS|TAMS 0x00000000cdc00000| PB 0x00000000cdc00000| Complete |  0
|1245|0x00000000cdd00000, 0x00000000cde00000, 0x00000000cde00000|100%| E|CS|TAMS 0x00000000cdd00000| PB 0x00000000cdd00000| Complete |  0
|1246|0x00000000cde00000, 0x00000000cdf00000, 0x00000000cdf00000|100%| E|CS|TAMS 0x00000000cde00000| PB 0x00000000cde00000| Complete |  0
|1247|0x00000000cdf00000, 0x00000000ce000000, 0x00000000ce000000|100%| E|CS|TAMS 0x00000000cdf00000| PB 0x00000000cdf00000| Complete |  0
|1248|0x00000000ce000000, 0x00000000ce100000, 0x00000000ce100000|100%| E|CS|TAMS 0x00000000ce000000| PB 0x00000000ce000000| Complete |  0
|1249|0x00000000ce100000, 0x00000000ce200000, 0x00000000ce200000|100%| E|CS|TAMS 0x00000000ce100000| PB 0x00000000ce100000| Complete |  0
|1250|0x00000000ce200000, 0x00000000ce300000, 0x00000000ce300000|100%| E|CS|TAMS 0x00000000ce200000| PB 0x00000000ce200000| Complete |  0
|1251|0x00000000ce300000, 0x00000000ce400000, 0x00000000ce400000|100%| E|CS|TAMS 0x00000000ce300000| PB 0x00000000ce300000| Complete |  0
|1252|0x00000000ce400000, 0x00000000ce500000, 0x00000000ce500000|100%| E|CS|TAMS 0x00000000ce400000| PB 0x00000000ce400000| Complete |  0
|1253|0x00000000ce500000, 0x00000000ce600000, 0x00000000ce600000|100%| E|CS|TAMS 0x00000000ce500000| PB 0x00000000ce500000| Complete |  0
|1254|0x00000000ce600000, 0x00000000ce700000, 0x00000000ce700000|100%| E|CS|TAMS 0x00000000ce600000| PB 0x00000000ce600000| Complete |  0
|1255|0x00000000ce700000, 0x00000000ce800000, 0x00000000ce800000|100%| E|CS|TAMS 0x00000000ce700000| PB 0x00000000ce700000| Complete |  0
|1256|0x00000000ce800000, 0x00000000ce900000, 0x00000000ce900000|100%| E|CS|TAMS 0x00000000ce800000| PB 0x00000000ce800000| Complete |  0
|1257|0x00000000ce900000, 0x00000000cea00000, 0x00000000cea00000|100%| E|CS|TAMS 0x00000000ce900000| PB 0x00000000ce900000| Complete |  0
|1258|0x00000000cea00000, 0x00000000ceb00000, 0x00000000ceb00000|100%| E|CS|TAMS 0x00000000cea00000| PB 0x00000000cea00000| Complete |  0
|1259|0x00000000ceb00000, 0x00000000cec00000, 0x00000000cec00000|100%| E|CS|TAMS 0x00000000ceb00000| PB 0x00000000ceb00000| Complete |  0
|1260|0x00000000cec00000, 0x00000000ced00000, 0x00000000ced00000|100%| E|CS|TAMS 0x00000000cec00000| PB 0x00000000cec00000| Complete |  0
|1261|0x00000000ced00000, 0x00000000cee00000, 0x00000000cee00000|100%| E|CS|TAMS 0x00000000ced00000| PB 0x00000000ced00000| Complete |  0
|1262|0x00000000cee00000, 0x00000000cef00000, 0x00000000cef00000|100%| E|CS|TAMS 0x00000000cee00000| PB 0x00000000cee00000| Complete |  0
|1263|0x00000000cef00000, 0x00000000cf000000, 0x00000000cf000000|100%| E|CS|TAMS 0x00000000cef00000| PB 0x00000000cef00000| Complete |  0
|1264|0x00000000cf000000, 0x00000000cf100000, 0x00000000cf100000|100%| E|CS|TAMS 0x00000000cf000000| PB 0x00000000cf000000| Complete |  0
|1265|0x00000000cf100000, 0x00000000cf200000, 0x00000000cf200000|100%| E|CS|TAMS 0x00000000cf100000| PB 0x00000000cf100000| Complete |  0
|1266|0x00000000cf200000, 0x00000000cf300000, 0x00000000cf300000|100%| E|CS|TAMS 0x00000000cf200000| PB 0x00000000cf200000| Complete |  0
|1267|0x00000000cf300000, 0x00000000cf400000, 0x00000000cf400000|100%| E|CS|TAMS 0x00000000cf300000| PB 0x00000000cf300000| Complete |  0
|1268|0x00000000cf400000, 0x00000000cf500000, 0x00000000cf500000|100%| E|CS|TAMS 0x00000000cf400000| PB 0x00000000cf400000| Complete |  0
|1269|0x00000000cf500000, 0x00000000cf600000, 0x00000000cf600000|100%| E|CS|TAMS 0x00000000cf500000| PB 0x00000000cf500000| Complete |  0
|1270|0x00000000cf600000, 0x00000000cf700000, 0x00000000cf700000|100%| E|CS|TAMS 0x00000000cf600000| PB 0x00000000cf600000| Complete |  0
|1271|0x00000000cf700000, 0x00000000cf800000, 0x00000000cf800000|100%| E|CS|TAMS 0x00000000cf700000| PB 0x00000000cf700000| Complete |  0
|1272|0x00000000cf800000, 0x00000000cf900000, 0x00000000cf900000|100%| E|CS|TAMS 0x00000000cf800000| PB 0x00000000cf800000| Complete |  0
|1273|0x00000000cf900000, 0x00000000cfa00000, 0x00000000cfa00000|100%| E|CS|TAMS 0x00000000cf900000| PB 0x00000000cf900000| Complete |  0
|1274|0x00000000cfa00000, 0x00000000cfb00000, 0x00000000cfb00000|100%| E|CS|TAMS 0x00000000cfa00000| PB 0x00000000cfa00000| Complete |  0
|1275|0x00000000cfb00000, 0x00000000cfc00000, 0x00000000cfc00000|100%| E|CS|TAMS 0x00000000cfb00000| PB 0x00000000cfb00000| Complete |  0
|1276|0x00000000cfc00000, 0x00000000cfd00000, 0x00000000cfd00000|100%| E|CS|TAMS 0x00000000cfc00000| PB 0x00000000cfc00000| Complete |  0
|1277|0x00000000cfd00000, 0x00000000cfe00000, 0x00000000cfe00000|100%| E|CS|TAMS 0x00000000cfd00000| PB 0x00000000cfd00000| Complete |  0
|1278|0x00000000cfe00000, 0x00000000cff00000, 0x00000000cff00000|100%| E|CS|TAMS 0x00000000cfe00000| PB 0x00000000cfe00000| Complete |  0
|1279|0x00000000cff00000, 0x00000000d0000000, 0x00000000d0000000|100%| E|CS|TAMS 0x00000000cff00000| PB 0x00000000cff00000| Complete |  0
|1280|0x00000000d0000000, 0x00000000d0100000, 0x00000000d0100000|100%| E|CS|TAMS 0x00000000d0000000| PB 0x00000000d0000000| Complete |  0
|1281|0x00000000d0100000, 0x00000000d0200000, 0x00000000d0200000|100%| E|CS|TAMS 0x00000000d0100000| PB 0x00000000d0100000| Complete |  0
|1282|0x00000000d0200000, 0x00000000d0300000, 0x00000000d0300000|100%| E|CS|TAMS 0x00000000d0200000| PB 0x00000000d0200000| Complete |  0
|1283|0x00000000d0300000, 0x00000000d0400000, 0x00000000d0400000|100%| E|CS|TAMS 0x00000000d0300000| PB 0x00000000d0300000| Complete |  0
|1284|0x00000000d0400000, 0x00000000d0500000, 0x00000000d0500000|100%| E|CS|TAMS 0x00000000d0400000| PB 0x00000000d0400000| Complete |  0
|1285|0x00000000d0500000, 0x00000000d0600000, 0x00000000d0600000|100%| E|CS|TAMS 0x00000000d0500000| PB 0x00000000d0500000| Complete |  0
|1286|0x00000000d0600000, 0x00000000d0700000, 0x00000000d0700000|100%| E|CS|TAMS 0x00000000d0600000| PB 0x00000000d0600000| Complete |  0
|1287|0x00000000d0700000, 0x00000000d0800000, 0x00000000d0800000|100%| E|CS|TAMS 0x00000000d0700000| PB 0x00000000d0700000| Complete |  0
|1288|0x00000000d0800000, 0x00000000d0900000, 0x00000000d0900000|100%| E|CS|TAMS 0x00000000d0800000| PB 0x00000000d0800000| Complete |  0
|1289|0x00000000d0900000, 0x00000000d0a00000, 0x00000000d0a00000|100%| E|CS|TAMS 0x00000000d0900000| PB 0x00000000d0900000| Complete |  0
|1290|0x00000000d0a00000, 0x00000000d0b00000, 0x00000000d0b00000|100%| E|CS|TAMS 0x00000000d0a00000| PB 0x00000000d0a00000| Complete |  0
|1291|0x00000000d0b00000, 0x00000000d0c00000, 0x00000000d0c00000|100%| E|CS|TAMS 0x00000000d0b00000| PB 0x00000000d0b00000| Complete |  0
|1292|0x00000000d0c00000, 0x00000000d0d00000, 0x00000000d0d00000|100%| E|CS|TAMS 0x00000000d0c00000| PB 0x00000000d0c00000| Complete |  0
|1293|0x00000000d0d00000, 0x00000000d0e00000, 0x00000000d0e00000|100%| E|CS|TAMS 0x00000000d0d00000| PB 0x00000000d0d00000| Complete |  0
|1294|0x00000000d0e00000, 0x00000000d0f00000, 0x00000000d0f00000|100%| E|CS|TAMS 0x00000000d0e00000| PB 0x00000000d0e00000| Complete |  0
|1295|0x00000000d0f00000, 0x00000000d1000000, 0x00000000d1000000|100%| E|CS|TAMS 0x00000000d0f00000| PB 0x00000000d0f00000| Complete |  0
|1296|0x00000000d1000000, 0x00000000d1100000, 0x00000000d1100000|100%| E|CS|TAMS 0x00000000d1000000| PB 0x00000000d1000000| Complete |  0
|1297|0x00000000d1100000, 0x00000000d1200000, 0x00000000d1200000|100%| E|CS|TAMS 0x00000000d1100000| PB 0x00000000d1100000| Complete |  0
|1298|0x00000000d1200000, 0x00000000d1300000, 0x00000000d1300000|100%| E|CS|TAMS 0x00000000d1200000| PB 0x00000000d1200000| Complete |  0
|1299|0x00000000d1300000, 0x00000000d1400000, 0x00000000d1400000|100%| E|CS|TAMS 0x00000000d1300000| PB 0x00000000d1300000| Complete |  0
|1300|0x00000000d1400000, 0x00000000d1500000, 0x00000000d1500000|100%| E|CS|TAMS 0x00000000d1400000| PB 0x00000000d1400000| Complete |  0
|1301|0x00000000d1500000, 0x00000000d1600000, 0x00000000d1600000|100%| E|CS|TAMS 0x00000000d1500000| PB 0x00000000d1500000| Complete |  0
|1302|0x00000000d1600000, 0x00000000d1700000, 0x00000000d1700000|100%| E|CS|TAMS 0x00000000d1600000| PB 0x00000000d1600000| Complete |  0
|1303|0x00000000d1700000, 0x00000000d1800000, 0x00000000d1800000|100%| E|CS|TAMS 0x00000000d1700000| PB 0x00000000d1700000| Complete |  0
|1304|0x00000000d1800000, 0x00000000d1900000, 0x00000000d1900000|100%| E|CS|TAMS 0x00000000d1800000| PB 0x00000000d1800000| Complete |  0
|1305|0x00000000d1900000, 0x00000000d1a00000, 0x00000000d1a00000|100%| E|CS|TAMS 0x00000000d1900000| PB 0x00000000d1900000| Complete |  0
|1306|0x00000000d1a00000, 0x00000000d1b00000, 0x00000000d1b00000|100%| E|CS|TAMS 0x00000000d1a00000| PB 0x00000000d1a00000| Complete |  0
|1307|0x00000000d1b00000, 0x00000000d1c00000, 0x00000000d1c00000|100%| E|CS|TAMS 0x00000000d1b00000| PB 0x00000000d1b00000| Complete |  0
|1308|0x00000000d1c00000, 0x00000000d1d00000, 0x00000000d1d00000|100%| E|CS|TAMS 0x00000000d1c00000| PB 0x00000000d1c00000| Complete |  0
|1309|0x00000000d1d00000, 0x00000000d1e00000, 0x00000000d1e00000|100%| E|CS|TAMS 0x00000000d1d00000| PB 0x00000000d1d00000| Complete |  0
|1310|0x00000000d1e00000, 0x00000000d1f00000, 0x00000000d1f00000|100%| E|CS|TAMS 0x00000000d1e00000| PB 0x00000000d1e00000| Complete |  0
|1311|0x00000000d1f00000, 0x00000000d2000000, 0x00000000d2000000|100%| E|CS|TAMS 0x00000000d1f00000| PB 0x00000000d1f00000| Complete |  0
|1312|0x00000000d2000000, 0x00000000d2100000, 0x00000000d2100000|100%| E|CS|TAMS 0x00000000d2000000| PB 0x00000000d2000000| Complete |  0
|1313|0x00000000d2100000, 0x00000000d2200000, 0x00000000d2200000|100%| E|CS|TAMS 0x00000000d2100000| PB 0x00000000d2100000| Complete |  0
|1314|0x00000000d2200000, 0x00000000d2300000, 0x00000000d2300000|100%| E|CS|TAMS 0x00000000d2200000| PB 0x00000000d2200000| Complete |  0
|1315|0x00000000d2300000, 0x00000000d2400000, 0x00000000d2400000|100%| E|CS|TAMS 0x00000000d2300000| PB 0x00000000d2300000| Complete |  0
|1316|0x00000000d2400000, 0x00000000d2500000, 0x00000000d2500000|100%| E|CS|TAMS 0x00000000d2400000| PB 0x00000000d2400000| Complete |  0
|1317|0x00000000d2500000, 0x00000000d2600000, 0x00000000d2600000|100%| E|CS|TAMS 0x00000000d2500000| PB 0x00000000d2500000| Complete |  0
|1318|0x00000000d2600000, 0x00000000d2700000, 0x00000000d2700000|100%| E|CS|TAMS 0x00000000d2600000| PB 0x00000000d2600000| Complete |  0
|1319|0x00000000d2700000, 0x00000000d2800000, 0x00000000d2800000|100%| E|CS|TAMS 0x00000000d2700000| PB 0x00000000d2700000| Complete |  0
|1320|0x00000000d2800000, 0x00000000d2900000, 0x00000000d2900000|100%| E|CS|TAMS 0x00000000d2800000| PB 0x00000000d2800000| Complete |  0
|1321|0x00000000d2900000, 0x00000000d2a00000, 0x00000000d2a00000|100%| E|CS|TAMS 0x00000000d2900000| PB 0x00000000d2900000| Complete |  0
|1322|0x00000000d2a00000, 0x00000000d2b00000, 0x00000000d2b00000|100%| E|CS|TAMS 0x00000000d2a00000| PB 0x00000000d2a00000| Complete |  0
|1323|0x00000000d2b00000, 0x00000000d2c00000, 0x00000000d2c00000|100%| E|CS|TAMS 0x00000000d2b00000| PB 0x00000000d2b00000| Complete |  0
|1324|0x00000000d2c00000, 0x00000000d2d00000, 0x00000000d2d00000|100%| E|CS|TAMS 0x00000000d2c00000| PB 0x00000000d2c00000| Complete |  0
|1325|0x00000000d2d00000, 0x00000000d2e00000, 0x00000000d2e00000|100%| E|CS|TAMS 0x00000000d2d00000| PB 0x00000000d2d00000| Complete |  0
|1326|0x00000000d2e00000, 0x00000000d2f00000, 0x00000000d2f00000|100%| E|CS|TAMS 0x00000000d2e00000| PB 0x00000000d2e00000| Complete |  0
|1327|0x00000000d2f00000, 0x00000000d3000000, 0x00000000d3000000|100%| E|CS|TAMS 0x00000000d2f00000| PB 0x00000000d2f00000| Complete |  0
|1328|0x00000000d3000000, 0x00000000d3100000, 0x00000000d3100000|100%| E|CS|TAMS 0x00000000d3000000| PB 0x00000000d3000000| Complete |  0
|1329|0x00000000d3100000, 0x00000000d3200000, 0x00000000d3200000|100%| E|CS|TAMS 0x00000000d3100000| PB 0x00000000d3100000| Complete |  0
|1330|0x00000000d3200000, 0x00000000d3300000, 0x00000000d3300000|100%| E|CS|TAMS 0x00000000d3200000| PB 0x00000000d3200000| Complete |  0
|1331|0x00000000d3300000, 0x00000000d3400000, 0x00000000d3400000|100%| E|CS|TAMS 0x00000000d3300000| PB 0x00000000d3300000| Complete |  0
|1332|0x00000000d3400000, 0x00000000d3500000, 0x00000000d3500000|100%| E|CS|TAMS 0x00000000d3400000| PB 0x00000000d3400000| Complete |  0
|1333|0x00000000d3500000, 0x00000000d3600000, 0x00000000d3600000|100%| E|CS|TAMS 0x00000000d3500000| PB 0x00000000d3500000| Complete |  0
|1334|0x00000000d3600000, 0x00000000d3700000, 0x00000000d3700000|100%| E|CS|TAMS 0x00000000d3600000| PB 0x00000000d3600000| Complete |  0
|1335|0x00000000d3700000, 0x00000000d3800000, 0x00000000d3800000|100%| E|CS|TAMS 0x00000000d3700000| PB 0x00000000d3700000| Complete |  0
|1336|0x00000000d3800000, 0x00000000d3900000, 0x00000000d3900000|100%| E|CS|TAMS 0x00000000d3800000| PB 0x00000000d3800000| Complete |  0
|1337|0x00000000d3900000, 0x00000000d3a00000, 0x00000000d3a00000|100%| E|CS|TAMS 0x00000000d3900000| PB 0x00000000d3900000| Complete |  0
|1338|0x00000000d3a00000, 0x00000000d3b00000, 0x00000000d3b00000|100%| E|CS|TAMS 0x00000000d3a00000| PB 0x00000000d3a00000| Complete |  0
|1339|0x00000000d3b00000, 0x00000000d3c00000, 0x00000000d3c00000|100%| E|CS|TAMS 0x00000000d3b00000| PB 0x00000000d3b00000| Complete |  0
|1340|0x00000000d3c00000, 0x00000000d3d00000, 0x00000000d3d00000|100%| E|CS|TAMS 0x00000000d3c00000| PB 0x00000000d3c00000| Complete |  0
|1341|0x00000000d3d00000, 0x00000000d3e00000, 0x00000000d3e00000|100%| S|  |TAMS 0x00000000d3d00000| PB 0x00000000d3d00000| Complete |  0
|1342|0x00000000d3e00000, 0x00000000d3f00000, 0x00000000d3f00000|100%| S|  |TAMS 0x00000000d3e00000| PB 0x00000000d3e00000| Complete |  0
|1343|0x00000000d3f00000, 0x00000000d4000000, 0x00000000d4000000|100%| S|  |TAMS 0x00000000d3f00000| PB 0x00000000d3f00000| Complete |  0
|1344|0x00000000d4000000, 0x00000000d4100000, 0x00000000d4100000|100%| S|  |TAMS 0x00000000d4000000| PB 0x00000000d4000000| Complete |  0
|1345|0x00000000d4100000, 0x00000000d4200000, 0x00000000d4200000|100%| S|  |TAMS 0x00000000d4100000| PB 0x00000000d4100000| Complete |  0
|1346|0x00000000d4200000, 0x00000000d4300000, 0x00000000d4300000|100%| S|  |TAMS 0x00000000d4200000| PB 0x00000000d4200000| Complete |  0
|1347|0x00000000d4300000, 0x00000000d4400000, 0x00000000d4400000|100%| S|  |TAMS 0x00000000d4300000| PB 0x00000000d4300000| Complete |  0
|1348|0x00000000d4400000, 0x00000000d4500000, 0x00000000d4500000|100%| S|  |TAMS 0x00000000d4400000| PB 0x00000000d4400000| Complete |  0
|1349|0x00000000d4500000, 0x00000000d4600000, 0x00000000d4600000|100%| S|  |TAMS 0x00000000d4500000| PB 0x00000000d4500000| Complete |  0
|1350|0x00000000d4600000, 0x00000000d4700000, 0x00000000d4700000|100%| S|  |TAMS 0x00000000d4600000| PB 0x00000000d4600000| Complete |  0
|1351|0x00000000d4700000, 0x00000000d4800000, 0x00000000d4800000|100%| S|  |TAMS 0x00000000d4700000| PB 0x00000000d4700000| Complete |  0
|1352|0x00000000d4800000, 0x00000000d4900000, 0x00000000d4900000|100%| S|  |TAMS 0x00000000d4800000| PB 0x00000000d4800000| Complete |  0
|1353|0x00000000d4900000, 0x00000000d4a00000, 0x00000000d4a00000|100%| S|  |TAMS 0x00000000d4900000| PB 0x00000000d4900000| Complete |  0
|1354|0x00000000d4a00000, 0x00000000d4b00000, 0x00000000d4b00000|100%| S|  |TAMS 0x00000000d4a00000| PB 0x00000000d4a00000| Complete |  0
|1355|0x00000000d4b00000, 0x00000000d4c00000, 0x00000000d4c00000|100%| S|  |TAMS 0x00000000d4b00000| PB 0x00000000d4b00000| Complete |  0
|1356|0x00000000d4c00000, 0x00000000d4d00000, 0x00000000d4d00000|100%| S|  |TAMS 0x00000000d4c00000| PB 0x00000000d4c00000| Complete |  0
|1357|0x00000000d4d00000, 0x00000000d4e00000, 0x00000000d4e00000|100%| S|  |TAMS 0x00000000d4d00000| PB 0x00000000d4d00000| Complete |  0
|1358|0x00000000d4e00000, 0x00000000d4f00000, 0x00000000d4f00000|100%| S|  |TAMS 0x00000000d4e00000| PB 0x00000000d4e00000| Complete |  0
|1359|0x00000000d4f00000, 0x00000000d5000000, 0x00000000d5000000|100%| S|  |TAMS 0x00000000d4f00000| PB 0x00000000d4f00000| Complete |  0
|1360|0x00000000d5000000, 0x00000000d5100000, 0x00000000d5100000|100%| S|  |TAMS 0x00000000d5000000| PB 0x00000000d5000000| Complete |  0
|1361|0x00000000d5100000, 0x00000000d5200000, 0x00000000d5200000|100%| S|  |TAMS 0x00000000d5100000| PB 0x00000000d5100000| Complete |  0
|1362|0x00000000d5200000, 0x00000000d5300000, 0x00000000d5300000|100%| S|  |TAMS 0x00000000d5200000| PB 0x00000000d5200000| Complete |  0
|1363|0x00000000d5300000, 0x00000000d5400000, 0x00000000d5400000|100%| S|  |TAMS 0x00000000d5300000| PB 0x00000000d5300000| Complete |  0
|1364|0x00000000d5400000, 0x00000000d5500000, 0x00000000d5500000|100%| S|  |TAMS 0x00000000d5400000| PB 0x00000000d5400000| Complete |  0
|1365|0x00000000d5500000, 0x00000000d5600000, 0x00000000d5600000|100%| S|  |TAMS 0x00000000d5500000| PB 0x00000000d5500000| Complete |  0
|1969|0x00000000fb100000, 0x00000000fb200000, 0x00000000fb200000|100%| O|  |TAMS 0x00000000fb100000| PB 0x00000000fb100000| Untracked |  0
|1970|0x00000000fb200000, 0x00000000fb300000, 0x00000000fb300000|100%| O|  |TAMS 0x00000000fb200000| PB 0x00000000fb200000| Untracked |  0
|1971|0x00000000fb300000, 0x00000000fb400000, 0x00000000fb400000|100%| O|  |TAMS 0x00000000fb300000| PB 0x00000000fb300000| Untracked |  0
|1972|0x00000000fb400000, 0x00000000fb500000, 0x00000000fb500000|100%| O|  |TAMS 0x00000000fb400000| PB 0x00000000fb400000| Untracked |  0
|1973|0x00000000fb500000, 0x00000000fb600000, 0x00000000fb600000|100%| O|  |TAMS 0x00000000fb500000| PB 0x00000000fb500000| Untracked |  0
|1974|0x00000000fb600000, 0x00000000fb700000, 0x00000000fb700000|100%| O|  |TAMS 0x00000000fb600000| PB 0x00000000fb600000| Untracked |  0
|2002|0x00000000fd200000, 0x00000000fd300000, 0x00000000fd300000|100%| O|  |TAMS 0x00000000fd200000| PB 0x00000000fd200000| Untracked |  0
|2003|0x00000000fd300000, 0x00000000fd400000, 0x00000000fd400000|100%| O|  |TAMS 0x00000000fd300000| PB 0x00000000fd300000| Untracked |  0
|2004|0x00000000fd400000, 0x00000000fd500000, 0x00000000fd500000|100%| O|  |TAMS 0x00000000fd400000| PB 0x00000000fd400000| Untracked |  0
|2005|0x00000000fd500000, 0x00000000fd600000, 0x00000000fd600000|100%| O|  |TAMS 0x00000000fd500000| PB 0x00000000fd500000| Untracked |  0
|2006|0x00000000fd600000, 0x00000000fd700000, 0x00000000fd700000|100%| O|  |TAMS 0x00000000fd600000| PB 0x00000000fd600000| Untracked |  0
|2007|0x00000000fd700000, 0x00000000fd800000, 0x00000000fd800000|100%| O|  |TAMS 0x00000000fd700000| PB 0x00000000fd700000| Untracked |  0
|2008|0x00000000fd800000, 0x00000000fd900000, 0x00000000fd900000|100%| O|  |TAMS 0x00000000fd800000| PB 0x00000000fd800000| Untracked |  0
|2009|0x00000000fd900000, 0x00000000fda00000, 0x00000000fda00000|100%| O|  |TAMS 0x00000000fd900000| PB 0x00000000fd900000| Untracked |  0
|2010|0x00000000fda00000, 0x00000000fdb00000, 0x00000000fdb00000|100%| O|  |TAMS 0x00000000fda00000| PB 0x00000000fda00000| Untracked |  0
|2011|0x00000000fdb00000, 0x00000000fdc00000, 0x00000000fdc00000|100%| O|  |TAMS 0x00000000fdb00000| PB 0x00000000fdb00000| Untracked |  0
|2012|0x00000000fdc00000, 0x00000000fdd00000, 0x00000000fdd00000|100%| O|  |TAMS 0x00000000fdc00000| PB 0x00000000fdc00000| Untracked |  0
|2013|0x00000000fdd00000, 0x00000000fde00000, 0x00000000fde00000|100%| O|  |TAMS 0x00000000fdd00000| PB 0x00000000fdd00000| Untracked |  0
|2014|0x00000000fde00000, 0x00000000fdf00000, 0x00000000fdf00000|100%| O|  |TAMS 0x00000000fde00000| PB 0x00000000fde00000| Untracked |  0
|2015|0x00000000fdf00000, 0x00000000fe000000, 0x00000000fe000000|100%| O|  |TAMS 0x00000000fdf00000| PB 0x00000000fdf00000| Untracked |  0
|2016|0x00000000fe000000, 0x00000000fe100000, 0x00000000fe100000|100%| O|  |TAMS 0x00000000fe000000| PB 0x00000000fe000000| Untracked |  0
|2017|0x00000000fe100000, 0x00000000fe200000, 0x00000000fe200000|100%| O|  |TAMS 0x00000000fe100000| PB 0x00000000fe100000| Untracked |  0
|2018|0x00000000fe200000, 0x00000000fe300000, 0x00000000fe300000|100%| O|  |TAMS 0x00000000fe200000| PB 0x00000000fe200000| Untracked |  0
|2019|0x00000000fe300000, 0x00000000fe400000, 0x00000000fe400000|100%| O|  |TAMS 0x00000000fe300000| PB 0x00000000fe300000| Untracked |  0
|2020|0x00000000fe400000, 0x00000000fe500000, 0x00000000fe500000|100%| O|  |TAMS 0x00000000fe400000| PB 0x00000000fe400000| Untracked |  0
|2021|0x00000000fe500000, 0x00000000fe600000, 0x00000000fe600000|100%| E|CS|TAMS 0x00000000fe500000| PB 0x00000000fe500000| Complete |  0
|2022|0x00000000fe600000, 0x00000000fe700000, 0x00000000fe700000|100%| E|CS|TAMS 0x00000000fe600000| PB 0x00000000fe600000| Complete |  0
|2023|0x00000000fe700000, 0x00000000fe800000, 0x00000000fe800000|100%| E|CS|TAMS 0x00000000fe700000| PB 0x00000000fe700000| Complete |  0
|2024|0x00000000fe800000, 0x00000000fe900000, 0x00000000fe900000|100%| E|CS|TAMS 0x00000000fe800000| PB 0x00000000fe800000| Complete |  0
|2025|0x00000000fe900000, 0x00000000fea00000, 0x00000000fea00000|100%| E|CS|TAMS 0x00000000fe900000| PB 0x00000000fe900000| Complete |  0
|2026|0x00000000fea00000, 0x00000000feb00000, 0x00000000feb00000|100%| E|CS|TAMS 0x00000000fea00000| PB 0x00000000fea00000| Complete |  0
|2027|0x00000000feb00000, 0x00000000fec00000, 0x00000000fec00000|100%| E|CS|TAMS 0x00000000feb00000| PB 0x00000000feb00000| Complete |  0
|2028|0x00000000fec00000, 0x00000000fed00000, 0x00000000fed00000|100%| E|CS|TAMS 0x00000000fec00000| PB 0x00000000fec00000| Complete |  0
|2029|0x00000000fed00000, 0x00000000fee00000, 0x00000000fee00000|100%| E|CS|TAMS 0x00000000fed00000| PB 0x00000000fed00000| Complete |  0
|2030|0x00000000fee00000, 0x00000000fef00000, 0x00000000fef00000|100%| E|CS|TAMS 0x00000000fee00000| PB 0x00000000fee00000| Complete |  0
|2031|0x00000000fef00000, 0x00000000ff000000, 0x00000000ff000000|100%| E|CS|TAMS 0x00000000fef00000| PB 0x00000000fef00000| Complete |  0
|2032|0x00000000ff000000, 0x00000000ff100000, 0x00000000ff100000|100%| E|CS|TAMS 0x00000000ff000000| PB 0x00000000ff000000| Complete |  0
|2033|0x00000000ff100000, 0x00000000ff200000, 0x00000000ff200000|100%| E|CS|TAMS 0x00000000ff100000| PB 0x00000000ff100000| Complete |  0
|2034|0x00000000ff200000, 0x00000000ff300000, 0x00000000ff300000|100%| E|CS|TAMS 0x00000000ff200000| PB 0x00000000ff200000| Complete |  0
|2035|0x00000000ff300000, 0x00000000ff400000, 0x00000000ff400000|100%| E|CS|TAMS 0x00000000ff300000| PB 0x00000000ff300000| Complete |  0
|2036|0x00000000ff400000, 0x00000000ff500000, 0x00000000ff500000|100%| E|CS|TAMS 0x00000000ff400000| PB 0x00000000ff400000| Complete |  0
|2037|0x00000000ff500000, 0x00000000ff600000, 0x00000000ff600000|100%| E|CS|TAMS 0x00000000ff500000| PB 0x00000000ff500000| Complete |  0
|2038|0x00000000ff600000, 0x00000000ff700000, 0x00000000ff700000|100%| O|  |TAMS 0x00000000ff600000| PB 0x00000000ff600000| Untracked |  0
|2039|0x00000000ff700000, 0x00000000ff800000, 0x00000000ff800000|100%| O|  |TAMS 0x00000000ff700000| PB 0x00000000ff700000| Untracked |  0
|2040|0x00000000ff800000, 0x00000000ff900000, 0x00000000ff900000|100%| O|  |TAMS 0x00000000ff800000| PB 0x00000000ff800000| Untracked |  0
|2041|0x00000000ff900000, 0x00000000ffa00000, 0x00000000ffa00000|100%| O|  |TAMS 0x00000000ff900000| PB 0x00000000ff900000| Untracked |  0
|2042|0x00000000ffa00000, 0x00000000ffb00000, 0x00000000ffb00000|100%| O|  |TAMS 0x00000000ffa00000| PB 0x00000000ffa00000| Untracked |  0
|2043|0x00000000ffb00000, 0x00000000ffc00000, 0x00000000ffc00000|100%| O|  |TAMS 0x00000000ffb00000| PB 0x00000000ffb00000| Untracked |  0
|2044|0x00000000ffc00000, 0x00000000ffd00000, 0x00000000ffd00000|100%| O|  |TAMS 0x00000000ffc00000| PB 0x00000000ffc00000| Untracked |  0
|2045|0x00000000ffd00000, 0x00000000ffe00000, 0x00000000ffe00000|100%| O|  |TAMS 0x00000000ffd00000| PB 0x00000000ffd00000| Untracked |  0
|2046|0x00000000ffe00000, 0x00000000fff00000, 0x00000000fff00000|100%| O|  |TAMS 0x00000000ffe00000| PB 0x00000000ffe00000| Untracked |  0
|2047|0x00000000fff00000, 0x0000000100000000, 0x0000000100000000|100%| O|  |TAMS 0x00000000fff00000| PB 0x00000000fff00000| Untracked |  0

Card table byte_map: [0x000001b5f6c60000,0x000001b5f7060000] _byte_map_base: 0x000001b5f6860000

Marking Bits: (CMBitMap*) 0x000001b5e3a38510
 Bits: [0x000001b5f7060000, 0x000001b5f9060000)

Polling page: 0x000001b5e1a40000

Metaspace:
Metaspace        used 308936K, committed 312320K, reserved 1376256K
 class space     used 40963K, committed 42560K, reserved 1048576K

Usage:
  Non-class:    261.69 MB used.
      Class:     40.00 MB used.
       Both:    301.70 MB used.

Virtual space:
  Non-class space:      320.00 MB reserved,     263.44 MB ( 82%) committed,  5 nodes.
      Class space:        1.00 GB reserved,      41.56 MB (  4%) committed,  1 nodes.
             Both:        1.31 GB reserved,     305.00 MB ( 23%) committed. 

Chunk freelists:
   Non-Class:  7.75 MB
       Class:  6.30 MB
        Both:  14.05 MB

MaxMetaspaceSize: unlimited
CompressedClassSpaceSize: 1.00 GB
Initial GC threshold: 21.00 MB
Current GC threshold: 473.44 MB
CDS: off
 - commit_granule_bytes: 65536.
 - commit_granule_words: 8192.
 - virtual_space_node_default_size: 8388608.
 - enlarge_chunks_in_place: 1.
UseCompressedClassPointers 1, UseCompactObjectHeaders 0
Narrow klass pointer bits 32, Max shift 3
Narrow klass base: 0x0000000000000000, Narrow klass shift: 0
Encoding Range: [0x0000000000000000 - 0x0000000100000000), (4294967296 bytes)
Klass Range:    [0x0000000037000000 - 0x0000000077000000), (1073741824 bytes)
Klass ID Range:  [922746880 - 1996488697) (1073741817)
No protection zone.


Internal statistics:

num_allocs_failed_limit: 6.
num_arena_births: 6244.
num_arena_deaths: 36.
num_vsnodes_births: 6.
num_vsnodes_deaths: 0.
num_space_committed: 4875.
num_space_uncommitted: 0.
num_chunks_returned_to_freelist: 53.
num_chunks_taken_from_freelist: 18408.
num_chunk_merges: 6.
num_chunk_splits: 13233.
num_chunks_enlarged: 9800.
num_inconsistent_stats: 0.

CodeHeap 'non-profiled nmethods': size=119168Kb used=26799Kb max_used=26799Kb free=92369Kb
 bounds [0x000001b5eea70000, 0x000001b5f04a0000, 0x000001b5f5ed0000]
CodeHeap 'profiled nmethods': size=119168Kb used=37220Kb max_used=45539Kb free=81948Kb
 bounds [0x000001b5e6ec0000, 0x000001b5e9b40000, 0x000001b5ee320000]
CodeHeap 'non-nmethods': size=7488Kb used=4688Kb max_used=4873Kb free=2799Kb
 bounds [0x000001b5ee320000, 0x000001b5ee810000, 0x000001b5eea70000]
CodeCache: size=245824Kb, used=68707Kb, max_used=77211Kb, free=177116Kb
 total_blobs=31368, nmethods=29928, adapters=1336, full_count=0
Compilation: enabled, stopped_count=0, restarted_count=0

Compilation events (20 events):
Event: 967.637 Thread 0x000001b5ff3e06f0 nmethod 92320 0x000001b5f049b608 code [0x000001b5f049b700, 0x000001b5f049b7c8]
Event: 967.637 Thread 0x000001b5ff3df6d0 nmethod 92321 0x000001b5f049b908 code [0x000001b5f049ba00, 0x000001b5f049bac8]
Event: 967.669 Thread 0x000001b5fc283f60 92322       3       java.util.TreeMap::getFloorEntry (107 bytes)
Event: 967.669 Thread 0x000001b5ff3e06f0 92323       3       java.util.TreeMap$NavigableSubMap$SubMapIterator::hasNext (27 bytes)
Event: 967.669 Thread 0x000001b5ff3e06f0 nmethod 92323 0x000001b5e8060c88 code [0x000001b5e8060d80, 0x000001b5e8060f10]
Event: 967.669 Thread 0x000001b5ff3e0f00 92324       3       com.google.common.collect.Cut::aboveAll (4 bytes)
Event: 967.669 Thread 0x000001b5ff3df6d0 92325       3       com.google.common.collect.Cut$AboveAll::access$100 (4 bytes)
Event: 967.669 Thread 0x000001b5ff3e06f0 92326       3       com.google.common.collect.Cut::belowAll (4 bytes)
Event: 967.669 Thread 0x000001b5ff3e0f00 nmethod 92324 0x000001b5e8060988 code [0x000001b5e8060a80, 0x000001b5e8060bc8]
Event: 967.669 Thread 0x000001b5ff3df6d0 nmethod 92325 0x000001b5e8060688 code [0x000001b5e8060780, 0x000001b5e8060870]
Event: 967.669 Thread 0x000001b5ff3df6d0 92327       3       com.google.common.collect.Cut$BelowAll::access$000 (4 bytes)
Event: 967.669 Thread 0x000001b5fc283f60 nmethod 92322 0x000001b5e805fe08 code [0x000001b5e805ff00, 0x000001b5e8060658]
Event: 967.669 Thread 0x000001b5ff3e0f00 92328       3       com.google.common.base.Preconditions::checkNotNull (14 bytes)
Event: 967.669 Thread 0x000001b5ff3df6d0 nmethod 92327 0x000001b5e805fb08 code [0x000001b5e805fc00, 0x000001b5e805fcf0]
Event: 967.669 Thread 0x000001b5ff3e06f0 nmethod 92326 0x000001b5e805f808 code [0x000001b5e805f900, 0x000001b5e805fa48]
Event: 967.669 Thread 0x000001b5ff3e0f00 nmethod 92328 0x000001b5e805f508 code [0x000001b5e805f600, 0x000001b5e805f7d0]
Event: 967.669 Thread 0x000001b5ff3df6d0 92329       3       com.google.common.collect.Cut::compareTo (48 bytes)
Event: 967.669 Thread 0x000001b5ff3df6d0 nmethod 92329 0x000001b5e805ec88 code [0x000001b5e805ed80, 0x000001b5e805f4d8]
Event: 967.693 Thread 0x000001b5ff3e0f00 92330       3       sun.nio.cs.StreamDecoder::forInputStreamReader (11 bytes)
Event: 967.693 Thread 0x000001b5ff3e0f00 nmethod 92330 0x000001b5e805e988 code [0x000001b5e805ea80, 0x000001b5e805ec18]

GC Heap Usage History (20 events):
Event: 348.617 {heap After GC invocations=187 (full 0):
 garbage-first heap   total reserved 2097152K, committed 1784832K, used 617471K [0x0000000080000000, 0x0000000100000000)
  region size 1024K, 46 young (47104K), 46 survivors (47104K)
}
Event: 349.188 {heap Before GC invocations=187 (full 0):
 garbage-first heap   total reserved 2097152K, committed 1784832K, used 1640447K [0x0000000080000000, 0x0000000100000000)
  region size 1024K, 1045 young (1070080K), 46 survivors (47104K)
}
Event: 349.203 {heap After GC invocations=188 (full 0):
 garbage-first heap   total reserved 2097152K, committed 1784832K, used 621457K [0x0000000080000000, 0x0000000100000000)
  region size 1024K, 47 young (48128K), 47 survivors (48128K)
}
Event: 352.031 {heap Before GC invocations=189 (full 0):
 garbage-first heap   total reserved 2097152K, committed 1938432K, used 1936273K [0x0000000080000000, 0x0000000100000000)
  region size 1024K, 1031 young (1055744K), 47 survivors (48128K)
}
Event: 352.040 {heap After GC invocations=190 (full 0):
 garbage-first heap   total reserved 2097152K, committed 1951744K, used 714107K [0x0000000080000000, 0x0000000100000000)
  region size 1024K, 13 young (13312K), 13 survivors (13312K)
}
Event: 355.406 {heap Before GC invocations=190 (full 0):
 garbage-first heap   total reserved 2097152K, committed 1951744K, used 1950075K [0x0000000080000000, 0x0000000100000000)
  region size 1024K, 1122 young (1148928K), 13 survivors (13312K)
}
Event: 355.620 {heap After GC invocations=191 (full 0):
 garbage-first heap   total reserved 2097152K, committed 2097152K, used 1525760K [0x0000000080000000, 0x0000000100000000)
  region size 1024K, 138 young (141312K), 138 survivors (141312K)
}
Event: 355.621 {heap Before GC invocations=191 (full 0):
 garbage-first heap   total reserved 2097152K, committed 2097152K, used 1526784K [0x0000000080000000, 0x0000000100000000)
  region size 1024K, 139 young (142336K), 138 survivors (141312K)
}
Event: 355.799 {heap After GC invocations=192 (full 0):
 garbage-first heap   total reserved 2097152K, committed 2097152K, used 1032704K [0x0000000080000000, 0x0000000100000000)
  region size 1024K, 2 young (2048K), 2 survivors (2048K)
}
Event: 357.563 {heap Before GC invocations=193 (full 0):
 garbage-first heap   total reserved 2097152K, committed 2097152K, used 2003456K [0x0000000080000000, 0x0000000100000000)
  region size 1024K, 848 young (868352K), 2 survivors (2048K)
}
Event: 357.611 {heap After GC invocations=194 (full 0):
 garbage-first heap   total reserved 2097152K, committed 2097152K, used 1068544K [0x0000000080000000, 0x0000000100000000)
  region size 1024K, 60 young (61440K), 60 survivors (61440K)
}
Event: 413.476 {heap Before GC invocations=194 (full 0):
 garbage-first heap   total reserved 2097152K, committed 2097152K, used 2095616K [0x0000000080000000, 0x0000000100000000)
  region size 1024K, 796 young (815104K), 60 survivors (61440K)
}
Event: 413.515 {heap After GC invocations=195 (full 0):
 garbage-first heap   total reserved 2097152K, committed 2097152K, used 1445888K [0x0000000080000000, 0x0000000100000000)
  region size 1024K, 0 young (0K), 0 survivors (0K)
}
Event: 413.516 {heap Before GC invocations=195 (full 0):
 garbage-first heap   total reserved 2097152K, committed 2097152K, used 1446912K [0x0000000080000000, 0x0000000100000000)
  region size 1024K, 2 young (2048K), 0 survivors (0K)
}
Event: 413.540 {heap After GC invocations=196 (full 0):
 garbage-first heap   total reserved 2097152K, committed 2097152K, used 879289K [0x0000000080000000, 0x0000000100000000)
  region size 1024K, 2 young (2048K), 2 survivors (2048K)
}
Event: 432.533 {heap Before GC invocations=197 (full 0):
 garbage-first heap   total reserved 2097152K, committed 2097152K, used 1845945K [0x0000000080000000, 0x0000000100000000)
  region size 1024K, 1005 young (1029120K), 2 survivors (2048K)
}
Event: 432.561 {heap After GC invocations=198 (full 0):
 garbage-first heap   total reserved 2097152K, committed 2097152K, used 817468K [0x0000000080000000, 0x0000000100000000)
  region size 1024K, 44 young (45056K), 44 survivors (45056K)
}
Event: 512.992 {heap Before GC invocations=198 (full 0):
 garbage-first heap   total reserved 2097152K, committed 2097152K, used 1669436K [0x0000000080000000, 0x0000000100000000)
  region size 1024K, 837 young (857088K), 44 survivors (45056K)
}
Event: 513.017 {heap After GC invocations=199 (full 0):
 garbage-first heap   total reserved 2097152K, committed 2097152K, used 832512K [0x0000000080000000, 0x0000000100000000)
  region size 1024K, 59 young (60416K), 59 survivors (60416K)
}
Event: 967.695 {heap Before GC invocations=200 (full 0):
 garbage-first heap   total reserved 2097152K, committed 1406976K, used 1369600K [0x0000000080000000, 0x0000000100000000)
  region size 1024K, 824 young (843776K), 59 survivors (60416K)
}

Metaspace Usage History (20 events):
Event: 348.617 {metaspace After GC invocations=187 (full 0):
 Metaspace       used 273160K, committed 275968K, reserved 1310720K
  class space    used 36524K, committed 37824K, reserved 1048576K
}
Event: 349.188 {metaspace Before GC invocations=187 (full 0):
 Metaspace       used 273160K, committed 275968K, reserved 1310720K
  class space    used 36524K, committed 37824K, reserved 1048576K
}
Event: 349.203 {metaspace After GC invocations=188 (full 0):
 Metaspace       used 273160K, committed 275968K, reserved 1310720K
  class space    used 36524K, committed 37824K, reserved 1048576K
}
Event: 352.031 {metaspace Before GC invocations=189 (full 0):
 Metaspace       used 273173K, committed 275968K, reserved 1310720K
  class space    used 36525K, committed 37824K, reserved 1048576K
}
Event: 352.040 {metaspace After GC invocations=190 (full 0):
 Metaspace       used 273173K, committed 275968K, reserved 1310720K
  class space    used 36525K, committed 37824K, reserved 1048576K
}
Event: 355.406 {metaspace Before GC invocations=190 (full 0):
 Metaspace       used 273232K, committed 276032K, reserved 1310720K
  class space    used 36525K, committed 37824K, reserved 1048576K
}
Event: 355.620 {metaspace After GC invocations=191 (full 0):
 Metaspace       used 273232K, committed 276032K, reserved 1310720K
  class space    used 36525K, committed 37824K, reserved 1048576K
}
Event: 355.621 {metaspace Before GC invocations=191 (full 0):
 Metaspace       used 273232K, committed 276032K, reserved 1310720K
  class space    used 36525K, committed 37824K, reserved 1048576K
}
Event: 355.799 {metaspace After GC invocations=192 (full 0):
 Metaspace       used 273232K, committed 276032K, reserved 1310720K
  class space    used 36525K, committed 37824K, reserved 1048576K
}
Event: 357.563 {metaspace Before GC invocations=193 (full 0):
 Metaspace       used 273240K, committed 276032K, reserved 1310720K
  class space    used 36525K, committed 37824K, reserved 1048576K
}
Event: 357.611 {metaspace After GC invocations=194 (full 0):
 Metaspace       used 273240K, committed 276032K, reserved 1310720K
  class space    used 36525K, committed 37824K, reserved 1048576K
}
Event: 413.476 {metaspace Before GC invocations=194 (full 0):
 Metaspace       used 273944K, committed 276736K, reserved 1310720K
  class space    used 36586K, committed 37888K, reserved 1048576K
}
Event: 413.515 {metaspace After GC invocations=195 (full 0):
 Metaspace       used 273944K, committed 276736K, reserved 1310720K
  class space    used 36586K, committed 37888K, reserved 1048576K
}
Event: 413.516 {metaspace Before GC invocations=195 (full 0):
 Metaspace       used 273944K, committed 276736K, reserved 1310720K
  class space    used 36586K, committed 37888K, reserved 1048576K
}
Event: 413.540 {metaspace After GC invocations=196 (full 0):
 Metaspace       used 273944K, committed 276736K, reserved 1310720K
  class space    used 36586K, committed 37888K, reserved 1048576K
}
Event: 432.533 {metaspace Before GC invocations=197 (full 0):
 Metaspace       used 282529K, committed 285568K, reserved 1310720K
  class space    used 37704K, committed 39104K, reserved 1048576K
}
Event: 432.561 {metaspace After GC invocations=198 (full 0):
 Metaspace       used 282529K, committed 285568K, reserved 1310720K
  class space    used 37704K, committed 39104K, reserved 1048576K
}
Event: 512.992 {metaspace Before GC invocations=198 (full 0):
 Metaspace       used 287729K, committed 290880K, reserved 1310720K
  class space    used 38327K, committed 39808K, reserved 1048576K
}
Event: 513.017 {metaspace After GC invocations=199 (full 0):
 Metaspace       used 287729K, committed 290880K, reserved 1310720K
  class space    used 38327K, committed 39808K, reserved 1048576K
}
Event: 967.695 {metaspace Before GC invocations=200 (full 0):
 Metaspace       used 308936K, committed 312320K, reserved 1376256K
  class space    used 40963K, committed 42560K, reserved 1048576K
}

Dll operation events (3 events):
Event: 0.007 Loaded shared library C:\Program Files\Android\Android Studio\jbr\bin\java.dll
Event: 0.011 Loaded shared library C:\Program Files\Android\Android Studio\jbr\bin\zip.dll
Event: 0.385 Loaded shared library C:\Program Files\Android\Android Studio\jbr\bin\verify.dll

Deoptimization events (20 events):
Event: 966.634 Thread 0x000001b5ff9134c0 Uncommon trap: trap_request=0xffffff45 fr.pc=0x000001b5efb72248 relative=0x00000000000004c8
Event: 966.634 Thread 0x000001b5ff9134c0 Uncommon trap: reason=unstable_if action=reinterpret pc=0x000001b5efb72248 method=org.objectweb.asm.MethodWriter.visitInsn(I)V @ 100 c2
Event: 966.634 Thread 0x000001b5ff9134c0 DEOPT PACKING pc=0x000001b5efb72248 sp=0x0000007daa0fdb90
Event: 966.634 Thread 0x000001b5ff9134c0 DEOPT UNPACKING pc=0x000001b5ee447402 sp=0x0000007daa0fdab8 mode 2
Event: 966.634 Thread 0x000001b5ff9134c0 Uncommon trap: trap_request=0xffffff45 fr.pc=0x000001b5f01c19ec relative=0x000000000000046c
Event: 966.634 Thread 0x000001b5ff9134c0 Uncommon trap: reason=unstable_if action=reinterpret pc=0x000001b5f01c19ec method=org.objectweb.asm.MethodWriter.visitInsn(I)V @ 100 c2
Event: 966.634 Thread 0x000001b5ff9134c0 DEOPT PACKING pc=0x000001b5f01c19ec sp=0x0000007daa0fdb00
Event: 966.634 Thread 0x000001b5ff9134c0 DEOPT UNPACKING pc=0x000001b5ee447402 sp=0x0000007daa0fdab0 mode 2
Event: 966.634 Thread 0x000001b5ff9134c0 Uncommon trap: trap_request=0xffffff45 fr.pc=0x000001b5ef96daa8 relative=0x0000000000000d28
Event: 966.634 Thread 0x000001b5ff9134c0 Uncommon trap: reason=unstable_if action=reinterpret pc=0x000001b5ef96daa8 method=org.objectweb.asm.MethodWriter.visitMethodInsn(ILjava/lang/String;Ljava/lang/String;Ljava/lang/String;Z)V @ 175 c2
Event: 966.634 Thread 0x000001b5ff9134c0 DEOPT PACKING pc=0x000001b5ef96daa8 sp=0x0000007daa0fdab0
Event: 966.634 Thread 0x000001b5ff9134c0 DEOPT UNPACKING pc=0x000001b5ee447402 sp=0x0000007daa0fda58 mode 2
Event: 966.662 Thread 0x000001b5ffae73a0 Uncommon trap: trap_request=0xffffffde fr.pc=0x000001b5f046215c relative=0x0000000000000b5c
Event: 966.662 Thread 0x000001b5ffae73a0 Uncommon trap: reason=class_check action=maybe_recompile pc=0x000001b5f046215c method=org.gradle.cache.internal.filelock.LockStateAccess.writeState(Ljava/io/RandomAccessFile;Lorg/gradle/cache/internal/filelock/LockState;)V @ 24 c2
Event: 966.662 Thread 0x000001b5ffae73a0 DEOPT PACKING pc=0x000001b5f046215c sp=0x0000007da94fe830
Event: 966.662 Thread 0x000001b5ffae73a0 DEOPT UNPACKING pc=0x000001b5ee447402 sp=0x0000007da94fe828 mode 2
Event: 967.243 Thread 0x000001b598c197a0 Uncommon trap: trap_request=0xffffffbe fr.pc=0x000001b5f0365870 relative=0x00000000000003f0
Event: 967.243 Thread 0x000001b598c197a0 Uncommon trap: reason=profile_predicate action=maybe_recompile pc=0x000001b5f0365870 method=sun.nio.fs.WindowsPath.hashCode()I @ 19 c2
Event: 967.243 Thread 0x000001b598c197a0 DEOPT PACKING pc=0x000001b5f0365870 sp=0x0000007dab3fef90
Event: 967.243 Thread 0x000001b598c197a0 DEOPT UNPACKING pc=0x000001b5ee447402 sp=0x0000007dab3fef20 mode 2

Classes loaded (20 events):
Event: 421.866 Loading class java/util/stream/SortedOps$IntSortingSink
Event: 421.866 Loading class java/util/stream/SortedOps$AbstractIntSortingSink
Event: 421.866 Loading class java/util/stream/SortedOps$AbstractIntSortingSink done
Event: 421.866 Loading class java/util/stream/SortedOps$IntSortingSink done
Event: 421.881 Loading class java/time/format/DateTimeFormatterBuilder$ZoneTextPrinterParser
Event: 421.881 Loading class java/time/format/DateTimeFormatterBuilder$ZoneTextPrinterParser done
Event: 421.886 Loading class sun/util/locale/provider/DateFormatProviderImpl
Event: 421.887 Loading class sun/util/locale/provider/DateFormatProviderImpl done
Event: 421.893 Loading class java/util/concurrent/LinkedBlockingQueue$Itr
Event: 421.893 Loading class java/util/concurrent/LinkedBlockingQueue$Itr done
Event: 421.909 Loading class java/time/format/DateTimePrintContext
Event: 421.909 Loading class java/time/format/DateTimePrintContext done
Event: 421.909 Loading class jdk/internal/util/DateTimeHelper
Event: 421.909 Loading class jdk/internal/util/DateTimeHelper done
Event: 513.127 Loading class sun/security/ssl/Alert
Event: 513.127 Loading class sun/security/ssl/Alert done
Event: 513.127 Loading class sun/security/ssl/Alert$AlertConsumer
Event: 513.128 Loading class sun/security/ssl/Alert$AlertConsumer done
Event: 513.128 Loading class sun/security/ssl/Alert$Level
Event: 513.128 Loading class sun/security/ssl/Alert$Level done

Classes unloaded (18 events):
Event: 185.817 Thread 0x000001b5fbb666a0 Unloading class 0x00000000387dc400 'java/lang/invoke/LambdaForm$MH+0x00000000387dc400'
Event: 186.463 Thread 0x000001b5fbb666a0 Unloading class 0x0000000038f60800 'java/lang/invoke/LambdaForm$DMH+0x0000000038f60800'
Event: 186.463 Thread 0x000001b5fbb666a0 Unloading class 0x0000000038f60000 'java/lang/invoke/LambdaForm$DMH+0x0000000038f60000'
Event: 190.254 Thread 0x000001b5fbb666a0 Unloading class 0x00000000391a8800 'java/lang/invoke/LambdaForm$DMH+0x00000000391a8800'
Event: 190.254 Thread 0x000001b5fbb666a0 Unloading class 0x00000000391a8400 'java/lang/invoke/LambdaForm$DMH+0x00000000391a8400'
Event: 190.254 Thread 0x000001b5fbb666a0 Unloading class 0x0000000039190400 'java/lang/invoke/LambdaForm$DMH+0x0000000039190400'
Event: 192.620 Thread 0x000001b5fbb666a0 Unloading class 0x0000000039218800 'java/lang/invoke/LambdaForm$DMH+0x0000000039218800'
Event: 195.148 Thread 0x000001b5fbb666a0 Unloading class 0x00000000392b0400 'java/lang/invoke/LambdaForm$DMH+0x00000000392b0400'
Event: 195.148 Thread 0x000001b5fbb666a0 Unloading class 0x00000000392b0800 'java/lang/invoke/LambdaForm$DMH+0x00000000392b0800'
Event: 195.148 Thread 0x000001b5fbb666a0 Unloading class 0x00000000392b0c00 'java/lang/invoke/LambdaForm$DMH+0x00000000392b0c00'
Event: 217.815 Thread 0x000001b5fbb666a0 Unloading class 0x0000000039384400 'java/lang/invoke/LambdaForm$DMH+0x0000000039384400'
Event: 325.142 Thread 0x000001b5fbb666a0 Unloading class 0x000000003949c400 'java/lang/invoke/LambdaForm$DMH+0x000000003949c400'
Event: 325.142 Thread 0x000001b5fbb666a0 Unloading class 0x0000000039384400 'java/lang/invoke/LambdaForm$MH+0x0000000039384400'
Event: 325.142 Thread 0x000001b5fbb666a0 Unloading class 0x0000000038f90400 'java/lang/invoke/LambdaForm$MH+0x0000000038f90400'
Event: 325.142 Thread 0x000001b5fbb666a0 Unloading class 0x0000000038e14400 'java/lang/invoke/LambdaForm$MH+0x0000000038e14400'
Event: 513.101 Thread 0x000001b5fbb666a0 Unloading class 0x00000000394e9c00 'java/lang/invoke/LambdaForm$MH+0x00000000394e9c00'
Event: 513.101 Thread 0x000001b5fbb666a0 Unloading class 0x00000000394dc400 'java/lang/invoke/LambdaForm$MH+0x00000000394dc400'
Event: 513.101 Thread 0x000001b5fbb666a0 Unloading class 0x00000000393e2000 'java/lang/invoke/LambdaForm$MH+0x00000000393e2000'

Classes redefined (0 events):
No events

Internal exceptions (20 events):
Event: 967.506 Thread 0x000001b59834e0b0 Exception <a 'sun/nio/fs/WindowsException'{0x0000000093d4e9a8}> (0x0000000093d4e9a8) 
thrown [s\src\hotspot\share\prims\jni.cpp, line 535]
Event: 967.513 Thread 0x000001b5fba40820 Exception <a 'java/lang/NoSuchMethodError'{0x0000000093db5630}: static Lcom/intellij/gradle/toolingExtension/impl/javaModel/manifestModel/DefaultJavaGradleManifestModel;.<clinit>()V> (0x0000000093db5630) 
thrown [s\src\hotspot\share\prims\jni.cpp, line 1141]
Event: 967.517 Thread 0x000001b5fba40820 Exception <a 'java/lang/NoSuchMethodError'{0x0000000093dbbc38}: static Lcom/intellij/gradle/toolingExtension/impl/model/repositoryModel/DefaultProjectRepositoriesModel;.<clinit>()V> (0x0000000093dbbc38) 
thrown [s\src\hotspot\share\prims\jni.cpp, line 1141]
Event: 967.540 Thread 0x000001b59834e0b0 Exception <a 'sun/nio/fs/WindowsException'{0x0000000093bf0e00}> (0x0000000093bf0e00) 
thrown [s\src\hotspot\share\prims\jni.cpp, line 535]
Event: 967.540 Thread 0x000001b59834e0b0 Exception <a 'sun/nio/fs/WindowsException'{0x0000000093bf33a0}> (0x0000000093bf33a0) 
thrown [s\src\hotspot\share\prims\jni.cpp, line 535]
Event: 967.540 Thread 0x000001b59834e0b0 Exception <a 'sun/nio/fs/WindowsException'{0x0000000093bf5730}> (0x0000000093bf5730) 
thrown [s\src\hotspot\share\prims\jni.cpp, line 535]
Event: 967.540 Thread 0x000001b59834e0b0 Exception <a 'sun/nio/fs/WindowsException'{0x0000000093bf81b0}> (0x0000000093bf81b0) 
thrown [s\src\hotspot\share\prims\jni.cpp, line 535]
Event: 967.541 Thread 0x000001b59834e0b0 Exception <a 'sun/nio/fs/WindowsException'{0x0000000093bfa800}> (0x0000000093bfa800) 
thrown [s\src\hotspot\share\prims\jni.cpp, line 535]
Event: 967.541 Thread 0x000001b59834e0b0 Exception <a 'sun/nio/fs/WindowsException'{0x0000000093bfcc10}> (0x0000000093bfcc10) 
thrown [s\src\hotspot\share\prims\jni.cpp, line 535]
Event: 967.541 Thread 0x000001b59834e0b0 Exception <a 'sun/nio/fs/WindowsException'{0x0000000093bff6b8}> (0x0000000093bff6b8) 
thrown [s\src\hotspot\share\prims\jni.cpp, line 535]
Event: 967.541 Thread 0x000001b59834e0b0 Exception <a 'sun/nio/fs/WindowsException'{0x0000000093a01ed0}> (0x0000000093a01ed0) 
thrown [s\src\hotspot\share\prims\jni.cpp, line 535]
Event: 967.541 Thread 0x000001b59834e0b0 Exception <a 'sun/nio/fs/WindowsException'{0x0000000093a04360}> (0x0000000093a04360) 
thrown [s\src\hotspot\share\prims\jni.cpp, line 535]
Event: 967.541 Thread 0x000001b59834e0b0 Exception <a 'sun/nio/fs/WindowsException'{0x0000000093a06ed0}> (0x0000000093a06ed0) 
thrown [s\src\hotspot\share\prims\jni.cpp, line 535]
Event: 967.541 Thread 0x000001b59834e0b0 Exception <a 'sun/nio/fs/WindowsException'{0x0000000093a094a0}> (0x0000000093a094a0) 
thrown [s\src\hotspot\share\prims\jni.cpp, line 535]
Event: 967.541 Thread 0x000001b59834e0b0 Exception <a 'sun/nio/fs/WindowsException'{0x0000000093a0b860}> (0x0000000093a0b860) 
thrown [s\src\hotspot\share\prims\jni.cpp, line 535]
Event: 967.694 Thread 0x000001b59834e0b0 Exception <a 'sun/nio/fs/WindowsException'{0x0000000092af31f0}> (0x0000000092af31f0) 
thrown [s\src\hotspot\share\prims\jni.cpp, line 535]
Event: 967.695 Thread 0x000001b59834e0b0 Exception <a 'sun/nio/fs/WindowsException'{0x0000000092af7df0}> (0x0000000092af7df0) 
thrown [s\src\hotspot\share\prims\jni.cpp, line 535]
Event: 967.695 Thread 0x000001b59834e0b0 Exception <a 'sun/nio/fs/WindowsException'{0x0000000092af9670}> (0x0000000092af9670) 
thrown [s\src\hotspot\share\prims\jni.cpp, line 535]
Event: 967.695 Thread 0x000001b59834e0b0 Exception <a 'sun/nio/fs/WindowsException'{0x0000000092afaf50}> (0x0000000092afaf50) 
thrown [s\src\hotspot\share\prims\jni.cpp, line 535]
Event: 967.695 Thread 0x000001b59834e0b0 Exception <a 'sun/nio/fs/WindowsException'{0x0000000092afc830}> (0x0000000092afc830) 
thrown [s\src\hotspot\share\prims\jni.cpp, line 535]

VM Operations (20 events):
Event: 781.215 Executing non-safepoint VM operation: HandshakeAllThreads (HandshakeForDeflation) done
Event: 781.215 Executing non-safepoint VM operation: RendezvousGCThreads
Event: 781.215 Executing non-safepoint VM operation: RendezvousGCThreads done
Event: 841.342 Executing non-safepoint VM operation: HandshakeAllThreads (HandshakeForDeflation)
Event: 841.342 Executing non-safepoint VM operation: HandshakeAllThreads (HandshakeForDeflation) done
Event: 841.342 Executing non-safepoint VM operation: RendezvousGCThreads
Event: 841.342 Executing non-safepoint VM operation: RendezvousGCThreads done
Event: 901.443 Executing non-safepoint VM operation: HandshakeAllThreads (HandshakeForDeflation)
Event: 901.443 Executing non-safepoint VM operation: HandshakeAllThreads (HandshakeForDeflation) done
Event: 901.443 Executing non-safepoint VM operation: RendezvousGCThreads
Event: 901.443 Executing non-safepoint VM operation: RendezvousGCThreads done
Event: 961.533 Executing non-safepoint VM operation: HandshakeAllThreads (HandshakeForDeflation)
Event: 961.534 Executing non-safepoint VM operation: HandshakeAllThreads (HandshakeForDeflation) done
Event: 961.534 Executing non-safepoint VM operation: RendezvousGCThreads
Event: 961.534 Executing non-safepoint VM operation: RendezvousGCThreads done
Event: 966.620 Executing non-safepoint VM operation: HandshakeAllThreads (Deoptimize)
Event: 966.620 Executing non-safepoint VM operation: HandshakeAllThreads (Deoptimize) done
Event: 966.624 Executing non-safepoint VM operation: HandshakeAllThreads (Deoptimize)
Event: 966.624 Executing non-safepoint VM operation: HandshakeAllThreads (Deoptimize) done
Event: 967.695 Executing safepoint VM operation: G1CollectForAllocation (G1 Evacuation Pause)

Memory protections (0 events):
No events

Nmethod flushes (20 events):
Event: 513.122 Thread 0x000001b5fbb666a0 flushing  nmethod 0x000001b5e7a98308
Event: 513.122 Thread 0x000001b5fbb666a0 flushing  nmethod 0x000001b5e7c11488
Event: 513.122 Thread 0x000001b5fbb666a0 flushing  nmethod 0x000001b5e7c13908
Event: 513.122 Thread 0x000001b5fbb666a0 flushing  nmethod 0x000001b5e8c1e008
Event: 513.122 Thread 0x000001b5fbb666a0 flushing  nmethod 0x000001b5e8ce1788
Event: 513.122 Thread 0x000001b5fbb666a0 flushing  nmethod 0x000001b5e8ce2e08
Event: 513.122 Thread 0x000001b5fbb666a0 flushing  nmethod 0x000001b5e8ce7288
Event: 513.122 Thread 0x000001b5fbb666a0 flushing  nmethod 0x000001b5e8ce7588
Event: 513.122 Thread 0x000001b5fbb666a0 flushing  nmethod 0x000001b5e8ff8388
Event: 513.122 Thread 0x000001b5fbb666a0 flushing  nmethod 0x000001b5e8ff8688
Event: 513.122 Thread 0x000001b5fbb666a0 flushing  nmethod 0x000001b5e8ffb108
Event: 513.122 Thread 0x000001b5fbb666a0 flushing  nmethod 0x000001b5e8ffb488
Event: 513.122 Thread 0x000001b5fbb666a0 flushing  nmethod 0x000001b5e8ffd708
Event: 513.122 Thread 0x000001b5fbb666a0 flushing  nmethod 0x000001b5e9037b88
Event: 513.122 Thread 0x000001b5fbb666a0 flushing  nmethod 0x000001b5e9038d08
Event: 513.122 Thread 0x000001b5fbb666a0 flushing  nmethod 0x000001b5e9039608
Event: 513.122 Thread 0x000001b5fbb666a0 flushing  nmethod 0x000001b5e9039e88
Event: 513.122 Thread 0x000001b5fbb666a0 flushing  nmethod 0x000001b5e911d608
Event: 513.122 Thread 0x000001b5fbb666a0 flushing  nmethod 0x000001b5e911e308
Event: 513.122 Thread 0x000001b5fbb666a0 flushing  nmethod 0x000001b5e9313488

Events (20 events):
Event: 967.295 Thread 0x000001b59b058dc0 Thread added: 0x000001b5aad47350
Event: 967.295 Thread 0x000001b59b058dc0 Thread added: 0x000001b5aad48ac0
Event: 967.295 Thread 0x000001b59b058dc0 Thread added: 0x000001b5aad47b20
Event: 967.295 Thread 0x000001b59b058dc0 Thread added: 0x000001b59b194f40
Event: 967.295 Thread 0x000001b59b058dc0 Thread added: 0x000001b59b1966b0
Event: 967.295 Thread 0x000001b59b058dc0 Thread added: 0x000001b59b197650
Event: 967.295 Thread 0x000001b59b058dc0 Thread added: 0x000001b59086f960
Event: 967.295 Thread 0x000001b59b058dc0 Thread added: 0x000001b59086e9c0
Event: 967.295 Thread 0x000001b59b058dc0 Thread added: 0x000001b59086f190
Event: 967.296 Thread 0x000001b59ac35070 Thread added: 0x000001b597c96b70
Event: 967.316 Thread 0x000001b59834e0b0 Thread added: 0x000001b5fba40820
Event: 967.371 Thread 0x000001b5fc283f60 Thread added: 0x000001b5ff3df6d0
Event: 967.371 Thread 0x000001b5fc283f60 Thread added: 0x000001b5ff3e06f0
Event: 967.371 Thread 0x000001b5fc283f60 Thread added: 0x000001b5ff3e0f00
Event: 967.460 Thread 0x000001b5fc263340 Thread added: 0x000001b5fce93200
Event: 967.460 Thread 0x000001b5fc263340 Thread added: 0x000001b5fce8f990
Event: 967.460 Thread 0x000001b5fc263340 Thread added: 0x000001b5fce94a30
Event: 967.621 Thread 0x000001b5fce94a30 Thread exited: 0x000001b5fce94a30
Event: 967.621 Thread 0x000001b5fce8f990 Thread exited: 0x000001b5fce8f990
Event: 967.633 Thread 0x000001b5fce93200 Thread exited: 0x000001b5fce93200


Dynamic libraries:
0x00007ff6bf6c0000 - 0x00007ff6bf6ca000 	C:\Program Files\Android\Android Studio\jbr\bin\java.exe
0x00007ffe3f4e0000 - 0x00007ffe3f746000 	C:\Windows\SYSTEM32\ntdll.dll
0x00007ffe3e5e0000 - 0x00007ffe3e6a9000 	C:\Windows\System32\KERNEL32.DLL
0x00007ffe3c870000 - 0x00007ffe3cc6f000 	C:\Windows\System32\KERNELBASE.dll
0x00007ffe3ce10000 - 0x00007ffe3cf5c000 	C:\Windows\System32\ucrtbase.dll
0x00007ffe148b0000 - 0x00007ffe148c6000 	C:\Program Files\Android\Android Studio\jbr\bin\jli.dll
0x00007ffe39080000 - 0x00007ffe3909b000 	C:\Program Files\Android\Android Studio\jbr\bin\VCRUNTIME140.dll
0x00007ffe3de80000 - 0x00007ffe3e046000 	C:\Windows\System32\USER32.dll
0x00007ffe16d40000 - 0x00007ffe16fd1000 	C:\Windows\WinSxS\amd64_microsoft.windows.common-controls_6595b64144ccf1df_6.0.26100.8972_none_3e0da176e32f9d4b\COMCTL32.dll
0x00007ffe3d150000 - 0x00007ffe3d177000 	C:\Windows\System32\win32u.dll
0x00007ffe3e3a0000 - 0x00007ffe3e449000 	C:\Windows\System32\msvcrt.dll
0x00007ffe3ef50000 - 0x00007ffe3ef7b000 	C:\Windows\System32\GDI32.dll
0x00007ffe3d020000 - 0x00007ffe3d149000 	C:\Windows\System32\gdi32full.dll
0x00007ffe3cf70000 - 0x00007ffe3d013000 	C:\Windows\System32\msvcp_win.dll
0x00007ffe3e810000 - 0x00007ffe3e842000 	C:\Windows\System32\IMM32.DLL
0x00007ffe060c0000 - 0x00007ffe060cc000 	C:\Program Files\Android\Android Studio\jbr\bin\vcruntime140_1.dll
0x00007ffdfe650000 - 0x00007ffdfe6dd000 	C:\Program Files\Android\Android Studio\jbr\bin\msvcp140.dll
0x00007ffd9feb0000 - 0x00007ffda0d8d000 	C:\Program Files\Android\Android Studio\jbr\bin\server\jvm.dll
0x00007ffe3e740000 - 0x00007ffe3e7fc000 	C:\Windows\System32\ADVAPI32.dll
0x00007ffe3e050000 - 0x00007ffe3e0fa000 	C:\Windows\System32\sechost.dll
0x00007ffe3e8a0000 - 0x00007ffe3e9b8000 	C:\Windows\System32\RPCRT4.dll
0x00007ffe3db90000 - 0x00007ffe3dc12000 	C:\Windows\System32\WS2_32.dll
0x00007ffe3c550000 - 0x00007ffe3c5ae000 	C:\Windows\SYSTEM32\POWRPROF.dll
0x00007ffe32fc0000 - 0x00007ffe32fcb000 	C:\Windows\SYSTEM32\VERSION.dll
0x00007ffe27b50000 - 0x00007ffe27b86000 	C:\Windows\SYSTEM32\WINMM.dll
0x00007ffe3c530000 - 0x00007ffe3c545000 	C:\Windows\SYSTEM32\UMPDC.dll
0x00007ffe3b3e0000 - 0x00007ffe3b3fb000 	C:\Windows\SYSTEM32\kernel.appcore.dll
0x00007ffe02e20000 - 0x00007ffe02e2a000 	C:\Program Files\Android\Android Studio\jbr\bin\jimage.dll
0x00007ffe39a30000 - 0x00007ffe39c72000 	C:\Windows\SYSTEM32\DBGHELP.DLL
0x00007ffe3ef80000 - 0x00007ffe3f305000 	C:\Windows\System32\combase.dll
0x00007ffe3dab0000 - 0x00007ffe3db89000 	C:\Windows\System32\OLEAUT32.dll
0x00007ffe29ea0000 - 0x00007ffe29edb000 	C:\Windows\SYSTEM32\dbgcore.DLL
0x00007ffe3c6f0000 - 0x00007ffe3c79c000 	C:\Windows\System32\bcryptPrimitives.dll
0x00007ffe25a40000 - 0x00007ffe25a4e000 	C:\Program Files\Android\Android Studio\jbr\bin\instrument.dll
0x00007ffdfe720000 - 0x00007ffdfe73e000 	C:\Program Files\Android\Android Studio\jbr\bin\java.dll
0x00007ffe3e100000 - 0x00007ffe3e299000 	C:\Windows\System32\ole32.dll
0x00007ffe3d260000 - 0x00007ffe3d9e8000 	C:\Windows\System32\SHELL32.dll
0x00007ffdfe700000 - 0x00007ffdfe716000 	C:\Program Files\Android\Android Studio\jbr\bin\zip.dll
0x00007ffe3a1c0000 - 0x00007ffe3aa5b000 	C:\Windows\SYSTEM32\windows.storage.dll
0x00007ffe3e4d0000 - 0x00007ffe3e5c9000 	C:\Windows\System32\SHCORE.dll
0x00007ffe3e450000 - 0x00007ffe3e4b6000 	C:\Windows\System32\shlwapi.dll
0x00007ffe3c610000 - 0x00007ffe3c639000 	C:\Windows\SYSTEM32\profapi.dll
0x00007ffe02c70000 - 0x00007ffe02c80000 	C:\Program Files\Android\Android Studio\jbr\bin\net.dll
0x00007ffe3b990000 - 0x00007ffe3b9fc000 	C:\Windows\system32\mswsock.dll
0x00007ffdfe6e0000 - 0x00007ffdfe6f6000 	C:\Program Files\Android\Android Studio\jbr\bin\nio.dll
0x00007ffdfe5d0000 - 0x00007ffdfe5e0000 	C:\Program Files\Android\Android Studio\jbr\bin\verify.dll
0x00007ffe242c0000 - 0x00007ffe242e7000 	C:\Users\ABDUL\.gradle\native\660c5614fbf4a5f2a75b1949f50a0caf5cd603558e7d8a26e50b933a0cfb79d1\windows-amd64\native-platform.dll
0x00007ffe24240000 - 0x00007ffe242b7000 	C:\Users\ABDUL\.gradle\native\0.2.8\x86_64-windows-gnu\gradle-fileevents.dll
0x00007ffe02570000 - 0x00007ffe02579000 	C:\Program Files\Android\Android Studio\jbr\bin\management.dll
0x00007ffe00910000 - 0x00007ffe0091b000 	C:\Program Files\Android\Android Studio\jbr\bin\management_ext.dll
0x00007ffe3e4c0000 - 0x00007ffe3e4c8000 	C:\Windows\System32\PSAPI.DLL
0x00007ffe3ad90000 - 0x00007ffe3adc3000 	C:\Windows\SYSTEM32\IPHLPAPI.DLL
0x00007ffe3e5d0000 - 0x00007ffe3e5da000 	C:\Windows\System32\NSI.dll
0x00007ffe02900000 - 0x00007ffe02909000 	C:\Program Files\Android\Android Studio\jbr\bin\extnet.dll
0x00007ffe3bc80000 - 0x00007ffe3bc9b000 	C:\Windows\SYSTEM32\CRYPTSP.dll
0x00007ffe3b340000 - 0x00007ffe3b379000 	C:\Windows\system32\rsaenh.dll
0x00007ffe3ba40000 - 0x00007ffe3ba72000 	C:\Windows\SYSTEM32\USERENV.dll
0x00007ffe3c5e0000 - 0x00007ffe3c60a000 	C:\Windows\SYSTEM32\bcrypt.dll
0x00007ffe3bca0000 - 0x00007ffe3bcac000 	C:\Windows\SYSTEM32\CRYPTBASE.dll
0x00007ffd5e660000 - 0x00007ffd5e668000 	C:\Windows\system32\wshunix.dll
0x00007ffe3b510000 - 0x00007ffe3b546000 	C:\Windows\SYSTEM32\ntmarta.dll
0x00007ffdfaee0000 - 0x00007ffdfaef8000 	C:\Windows\system32\napinsp.dll
0x00007ffe3ae20000 - 0x00007ffe3af78000 	C:\Windows\SYSTEM32\DNSAPI.dll
0x00007ffe3b770000 - 0x00007ffe3b77d000 	C:\Windows\SYSTEM32\DSPARSE.dll
0x00007ffdfa560000 - 0x00007ffdfa573000 	C:\Windows\System32\winrnr.dll
0x00007ffdeed10000 - 0x00007ffdeed32000 	C:\Windows\system32\nlansp_c.dll
0x00007ffdf1510000 - 0x00007ffdf1526000 	C:\Windows\system32\wshbth.dll
0x00007ffe30c60000 - 0x00007ffe30c6b000 	C:\Windows\System32\rasadhlp.dll
0x00007ffe2b870000 - 0x00007ffe2b8f6000 	C:\Windows\System32\fwpuclnt.dll
0x00007ffe347a0000 - 0x00007ffe347a7000 	C:\Program Files\Android\Android Studio\jbr\bin\rmi.dll
0x00007ffdfe600000 - 0x00007ffdfe641000 	C:\Users\ABDUL\AppData\Local\Temp\jna-62063130\jna13357702137310514103.dll

JVMTI agents:
C:\Users\ABDUL\.gradle\wrapper\dists\gradle-9.6.0-bin\42k10rwplmzkhuboz9kdazi7s\gradle-9.6.0\lib\agents\gradle-instrumentation-agent-9.6.0.jar path:C:\Program Files\Android\Android Studio\jbr\bin\instrument.dll, loaded, initialized, instrumentlib options:none

dbghelp: loaded successfully - version: 4.0.5 - missing functions: none
symbol engine: initialized successfully - sym options: 0x614 - pdb path: .;C:\Program Files\Android\Android Studio\jbr\bin;C:\Windows\SYSTEM32;C:\Windows\WinSxS\amd64_microsoft.windows.common-controls_6595b64144ccf1df_6.0.26100.8972_none_3e0da176e32f9d4b;C:\Program Files\Android\Android Studio\jbr\bin\server;C:\Users\ABDUL\.gradle\native\660c5614fbf4a5f2a75b1949f50a0caf5cd603558e7d8a26e50b933a0cfb79d1\windows-amd64;C:\Users\ABDUL\.gradle\native\0.2.8\x86_64-windows-gnu;C:\Users\ABDUL\AppData\Local\Temp\jna-62063130

VM Arguments:
jvm_args: --add-opens=java.base/java.lang=ALL-UNNAMED --add-opens=java.base/java.lang.invoke=ALL-UNNAMED --add-opens=java.base/java.util=ALL-UNNAMED --add-opens=java.prefs/java.util.prefs=ALL-UNNAMED --add-exports=jdk.compiler/com.sun.tools.javac.api=ALL-UNNAMED --add-exports=jdk.compiler/com.sun.tools.javac.util=ALL-UNNAMED --add-opens=java.base/java.nio.charset=ALL-UNNAMED --add-opens=java.base/java.net=ALL-UNNAMED --add-opens=java.base/java.util.concurrent=ALL-UNNAMED --add-opens=java.base/java.util.concurrent.atomic=ALL-UNNAMED --add-opens=java.xml/javax.xml.namespace=ALL-UNNAMED --add-opens=java.base/java.time=ALL-UNNAMED --enable-native-access=ALL-UNNAMED -Xmx2048m -Dfile.encoding=UTF-8 -Duser.country=BO -Duser.language=es -Duser.variant -javaagent:C:\Users\ABDUL\.gradle\wrapper\dists\gradle-9.6.0-bin\42k10rwplmzkhuboz9kdazi7s\gradle-9.6.0\lib\agents\gradle-instrumentation-agent-9.6.0.jar 
java_command: org.gradle.launcher.daemon.bootstrap.GradleDaemon 9.6.0
java_class_path (initial): C:\Users\ABDUL\.gradle\wrapper\dists\gradle-9.6.0-bin\42k10rwplmzkhuboz9kdazi7s\gradle-9.6.0\lib\gradle-daemon-main-9.6.0.jar
Launcher Type: SUN_STANDARD

[Global flags]
     intx CICompilerCount                          = 12                                        {product} {ergonomic}
     uint ConcGCThreads                            = 3                                         {product} {ergonomic}
     uint G1ConcRefinementThreads                  = 13                                        {product} {ergonomic}
   size_t G1HeapRegionSize                         = 1048576                                   {product} {ergonomic}
   size_t InitialHeapSize                          = 264241152                                 {product} {ergonomic}
   size_t MarkStackSize                            = 4194304                                   {product} {ergonomic}
   size_t MarkStackSizeMax                         = 536870912                                 {product} {ergonomic}
   size_t MaxHeapSize                              = 2147483648                                {product} {command line}
   size_t MaxNewSize                               = 1287651328                                {product} {ergonomic}
   size_t MinHeapDeltaBytes                        = 1048576                                   {product} {ergonomic}
   size_t MinHeapSize                              = 8388608                                   {product} {ergonomic}
    uintx NonNMethodCodeHeapSize                   = 7667712                                {pd product} {ergonomic}
    uintx NonProfiledCodeHeapSize                  = 122028032                              {pd product} {ergonomic}
    uintx ProfiledCodeHeapSize                     = 122028032                              {pd product} {ergonomic}
    uintx ReservedCodeCacheSize                    = 251723776                              {pd product} {ergonomic}
     bool SegmentedCodeCache                       = true                                      {product} {ergonomic}
   size_t SoftMaxHeapSize                          = 2147483648                             {manageable} {ergonomic}
     bool UseCompressedOops                        = true                           {product lp64_product} {ergonomic}
     bool UseG1GC                                  = true                                      {product} {ergonomic}
     bool UseLargePagesIndividualAllocation        = false                                  {pd product} {ergonomic}

Logging:
Log output configuration:
 #0: stdout all=warning uptime,level,tags foldmultilines=false
 #1: stderr all=off uptime,level,tags foldmultilines=false

Release file:
JAVA_VERSION="25.0.3" 
MODULES="java.base java.compiler java.datatransfer java.xml java.prefs java.desktop java.instrument java.logging java.management java.security.sasl java.naming java.rmi java.management.rmi java.net.http java.scripting java.security.jgss java.transaction.xa java.sql java.sql.rowset java.xml.crypto java.se java.smartcardio jdk.accessibility jdk.internal.jvmstat jdk.attach jdk.charsets jdk.internal.opt jdk.zipfs jdk.compiler jdk.crypto.cryptoki jdk.crypto.ec jdk.dynalink jdk.hotspot.agent jdk.httpserver jdk.internal.ed jdk.internal.le jdk.internal.md jdk.internal.vm.ci jdk.jartool jdk.javadoc jdk.jcmd jdk.jdeps jdk.jdwp.agent jdk.jdi jdk.jfr jdk.jlink jdk.localedata jdk.management jdk.management.agent jdk.management.jfr jdk.naming.dns jdk.naming.rmi jdk.net jdk.sctp jdk.security.auth jdk.security.jgss jdk.unsupported jdk.unsupported.desktop jdk.xml.dom" 
IMPLEMENTOR="JetBrains s.r.o." 
JAVA_RUNTIME_VERSION="25.0.3+-15898627-b508.16" 
LIBC="default" 
OS_ARCH="x86_64" 
OS_NAME="Windows" 
SOURCE=".:git:a8b1dba3234f" 

Environment Variables:
PATH=C:\Program Files (x86)\Razer Chroma SDK\bin;C:\Program Files\Razer Chroma SDK\bin;C:\ProgramData\Oracle\Java\javapath;C:\Windows\system32;C:\Windows;C:\Windows\System32\Wbem;C:\Windows\System32\WindowsPowerShell\v1.0\;C:\Windows\System32\OpenSSH\;C:\Program Files (x86)\NVIDIA Corporation\PhysX\Common;C:\WINDOWS\system32;C:\WINDOWS;C:\WINDOWS\System32\Wbem;C:\WINDOWS\System32\WindowsPowerShell\v1.0\;C:\WINDOWS\System32\OpenSSH\;C:\WINDOWS\system32\config\systemprofile\AppData\Local\Microsoft\WindowsApps;C:\Program Files (x86)\Razer\ChromaBroadcast\bin;C:\Program Files\Razer\ChromaBroadcast\bin;C:\Users\ABDUL\AppData\Local\Microsoft\WindowsApps;C:\Program Files\NVIDIA Corporation\NVIDIA app\NvDLISR;C:\Windows\system32;C:\Windows;C:\Windows\System32\Wbem;C:\Windows\System32\WindowsPowerShell\v1.0\;C:\Windows\System32\OpenSSH\;C:\Program Files\Wolfram Research\WolframScript\;C:\msys64\ucrt64\bin;C:\Program Files\Git\cmd;C:\Users\ABDUL\AppData\Local\Microsoft\WindowsApps;C:\Users\ABDUL\AppData\Local\Programs\Microsoft VS Code\bin;C:\Users\ABDUL\AppData\Local\Coursier\data\bin;C:\Users\ABDUL\AppData\Local\spicetify
USERNAME=ABDUL
OS=Windows_NT
PROCESSOR_IDENTIFIER=Intel64 Family 6 Model 141 Stepping 1, GenuineIntel
TMP=C:\Users\ABDUL\AppData\Local\Temp
TEMP=C:\Users\ABDUL\AppData\Local\Temp




Compilation memory statistics disabled.

Periodic native trim disabled

JNI global refs:
JNI global refs: 31, weak refs: 45

JNI global refs memory usage: 835, weak refs: 833

Process memory usage:
Resident Set Size: 1442932K (8% of 16471556K total physical memory with 832644K free physical memory)

OOME stack traces (most recent first):
Classloader memory used:
Loader org.gradle.internal.classloader.VisitableURLClassLoader                         : 121 M
Loader org.gradle.internal.classloader.VisitableURLClassLoader$InstrumentingVisitableURLClassLoader: 97103 K
Loader bootstrap                                                                       : 39911 K
Loader org.gradle.internal.classloader.VisitableURLClassLoader                         : 21317 K
Loader org.gradle.initialization.MixInLegacyTypesClassLoader                           : 19967 K
Loader java.net.URLClassLoader                                                         : 4477 K
Loader org.gradle.groovy.scripts.internal.DefaultScriptCompilationHandler$ScriptClassLoader: 571 K
Loader jdk.internal.loader.ClassLoaders$PlatformClassLoader                            : 462 K
Loader jdk.internal.jrtfs.JrtFileSystemProvider$JrtFsLoader                            : 336 K
Loader jdk.internal.loader.ClassLoaders$AppClassLoader                                 : 194 K
Loader sun.reflect.misc.MethodUtil                                                     : 2968 B

Classes loaded by more than one classloader:
Class com.intellij.gradle.toolingExtension.util.GradleVersionUtil                     : loaded 10 times (x 73B)
Class com.google.common.collect.Iterators$5                                           : loaded 9 times (x 84B)
Class com.google.common.collect.ImmutableList                                         : loaded 9 times (x 208B)
Class com.google.common.base.Preconditions                                            : loaded 9 times (x 73B)
Class com.google.common.collect.ImmutableCollection                                   : loaded 9 times (x 127B)
Class com.google.common.collect.Iterators$1                                           : loaded 9 times (x 83B)
Class com.google.common.collect.AbstractIndexedListIterator                           : loaded 9 times (x 98B)
Class com.google.common.collect.Lists                                                 : loaded 9 times (x 73B)
Class com.google.common.collect.Iterators$SingletonIterator                           : loaded 9 times (x 83B)
Class com.google.common.collect.UnmodifiableListIterator                              : loaded 9 times (x 97B)
Class com.google.common.collect.Iterators$9                                           : loaded 9 times (x 83B)
Class com.google.common.collect.UnmodifiableIterator                                  : loaded 9 times (x 82B)
Class com.google.common.collect.Iterators$MergingIterator                             : loaded 9 times (x 83B)
Class com.google.common.collect.Iterators$4                                           : loaded 9 times (x 84B)
Class com.google.common.collect.AbstractIterator                                      : loaded 9 times (x 84B)
Class com.google.common.collect.Lists$StringAsImmutableList                           : loaded 9 times (x 209B)
Class com.google.common.collect.Iterators$ArrayItr                                    : loaded 9 times (x 99B)
Class com.google.common.collect.Iterators                                             : loaded 9 times (x 73B)
Class com.google.common.collect.PeekingIterator                                       : loaded 9 times (x 72B)
Class org.jetbrains.plugins.gradle.tooling.serialization.ExternalTestsSerializationService: loaded 7 times (x 79B)
Class gnu.trove.TObjectIntProcedure                                                   : loaded 7 times (x 72B)
Class org.jetbrains.plugins.gradle.tooling.serialization.internal.IdeaProjectSerializationService$WriteContext$8: loaded 7 times (x 85B)
Class io.opentelemetry.api.trace.TraceFlags                                           : loaded 7 times (x 72B)
Class io.opentelemetry.api.trace.SpanContext                                          : loaded 7 times (x 72B)
Class io.opentelemetry.api.trace.DefaultTracer$NoopSpanBuilder                        : loaded 7 times (x 93B)
Class org.jetbrains.plugins.gradle.tooling.serialization.AnnotationProcessingModelSerializationService$WriteContext: loaded 7 times (x 74B)
Class com.intellij.compose.ide.plugin.gradleTooling.rt.ComposeResourcesModel          : loaded 7 times (x 72B)
Class io.opentelemetry.context.ThreadLocalContextStorage$ScopeImpl                    : loaded 7 times (x 81B)
Class com.intellij.gradle.toolingExtension.impl.util.collectionUtil.GradleCollections : loaded 7 times (x 73B)
Class org.jetbrains.plugins.gradle.tooling.serialization.AnnotationProcessingModelSerializationService: loaded 7 times (x 79B)
Class org.jetbrains.plugins.gradle.tooling.serialization.ProjectDependenciesSerializationService$WriteContext: loaded 7 times (x 74B)
Class org.jetbrains.plugins.gradle.tooling.serialization.ProjectDependenciesSerializationService: loaded 7 times (x 79B)
Class com.intellij.gradle.toolingExtension.impl.model.sourceSetModel.GradleSourceSetSerialisationService$Companion: loaded 7 times (x 73B)
Class com.intellij.gradle.toolingExtension.impl.model.buildScriptClasspathModel.GradleBuildScriptClasspathSerializationService: loaded 7 times (x 79B)
Class org.jetbrains.plugins.gradle.tooling.serialization.SerializationService         : loaded 7 times (x 72B)
Class org.jetbrains.kotlin.idea.gradleTooling.KotlinSourceSetContainer                : loaded 7 times (x 72B)
Class io.opentelemetry.api.trace.DefaultTracerProvider                                : loaded 7 times (x 81B)
Class io.opentelemetry.context.ContextStorageWrappers                                 : loaded 7 times (x 73B)
Class com.intellij.gradle.toolingExtension.impl.model.dependencyModel.DependencyWriteContext: loaded 7 times (x 74B)
Class org.jetbrains.plugins.gradle.tooling.serialization.internal.IdeaProjectSerializationService$WriteContext$7: loaded 7 times (x 85B)
Class org.jetbrains.plugins.gradle.model.RepositoryModels                             : loaded 7 times (x 72B)
Class org.jetbrains.plugins.gradle.tooling.serialization.RepositoriesModelSerializationService$WriteContext: loaded 7 times (x 74B)
Class com.intellij.gradle.toolingExtension.impl.model.projectModel.GradleExternalProjectSerializationService$ReadContext: loaded 7 times (x 75B)
Class io.opentelemetry.api.trace.Span                                                 : loaded 7 times (x 72B)
Class org.jetbrains.plugins.gradle.ExternalDependencyId                               : loaded 7 times (x 72B)
Class gnu.trove.THash                                                                 : loaded 7 times (x 83B)
Class com.intellij.gradle.toolingExtension.impl.model.buildScriptClasspathModel.GradleBuildScriptClasspathSerializationService$WriteContext: loaded 7 times (x 74B)
Class [Lio.opentelemetry.context.ThreadLocalContextStorage$NoopScope;                 : loaded 7 times (x 71B)
Class io.opentelemetry.context.ThreadLocalContextStorage$NoopScope                    : loaded 7 times (x 87B)
Class org.jetbrains.plugins.gradle.model.ExternalLibraryDependency                    : loaded 7 times (x 72B)
Class org.jetbrains.plugins.gradle.model.DependencyAccessorsModel                     : loaded 7 times (x 72B)
Class [Lcom.intellij.openapi.externalSystem.model.project.dependencies.ResolutionState;: loaded 7 times (x 71B)
Class org.jetbrains.plugins.gradle.model.FileCollectionDependency                     : loaded 7 times (x 72B)
Class com.android.ide.gradle.model.LegacyAndroidGradlePluginProperties                : loaded 7 times (x 72B)
Class io.opentelemetry.api.trace.SpanBuilder                                          : loaded 7 times (x 72B)
Class io.opentelemetry.api.DefaultOpenTelemetry                                       : loaded 7 times (x 91B)
Class com.intellij.gradle.toolingExtension.impl.model.utilDummyModel.DummyModel       : loaded 7 times (x 72B)
Class org.jetbrains.plugins.gradle.tooling.util.IntObjectMap                          : loaded 7 times (x 75B)
Class org.jetbrains.plugins.gradle.tooling.serialization.internal.IdeaProjectSerializationService$WriteContext$6: loaded 7 times (x 85B)
Class gnu.trove.TObjectIntHashMap                                                     : loaded 7 times (x 111B)
Class io.opentelemetry.context.ImplicitContextKeyed                                   : loaded 7 times (x 72B)
Class gnu.trove.TObjectCanonicalHashingStrategy                                       : loaded 7 times (x 80B)
Class [Lio.opentelemetry.api.trace.ImmutableTraceFlags;                               : loaded 7 times (x 71B)
Class org.jetbrains.plugins.gradle.tooling.util.IntObjectMap$ObjectFactory            : loaded 7 times (x 72B)
Class org.jetbrains.plugins.gradle.model.GradleProperty                               : loaded 7 times (x 72B)
Class org.jetbrains.kotlin.idea.gradleTooling.KotlinMPPGradleModel                    : loaded 7 times (x 72B)
Class com.intellij.gradle.toolingExtension.model.repositoryModel.ProjectRepositoriesModel: loaded 7 times (x 72B)
Class io.opentelemetry.context.propagation.NoopTextMapPropagator                      : loaded 7 times (x 78B)
Class io.opentelemetry.context.DefaultContextKey                                      : loaded 7 times (x 74B)
Class io.opentelemetry.context.propagation.TextMapPropagator                          : loaded 7 times (x 72B)
Class com.intellij.openapi.externalSystem.model.project.dependencies.ResolutionState  : loaded 7 times (x 81B)
Class com.intellij.gradle.toolingExtension.impl.model.sourceSetDependencyModel.GradleSourceSetDependencySerialisationService$SourceSetDependencyModelWriteContext: loaded 7 times (x 74B)
Class org.jetbrains.plugins.gradle.tooling.serialization.internal.IdeaProjectSerializationService$WriteContext$5: loaded 7 times (x 85B)
Class io.opentelemetry.context.ContextStorage                                         : loaded 7 times (x 72B)
Class com.intellij.gradle.toolingExtension.util.GradleVersionSpecificsUtil            : loaded 7 times (x 73B)
Class io.opentelemetry.context.propagation.TextMapGetter                              : loaded 7 times (x 72B)
Class org.jetbrains.plugins.gradle.model.GradleSourceSetDependencyModel               : loaded 7 times (x 72B)
Class org.jetbrains.plugins.gradle.tooling.serialization.GradleExtensionsSerializationService$ReadContext: loaded 7 times (x 74B)
Class io.opentelemetry.api.trace.DefaultTracer                                        : loaded 7 times (x 76B)
Class io.opentelemetry.context.propagation.ContextPropagators                         : loaded 7 times (x 72B)
Class com.intellij.gradle.toolingExtension.impl.model.dependencyDownloadPolicyModel.GradleDependencyDownloadPolicy: loaded 7 times (x 72B)
Class org.jetbrains.plugins.gradle.model.ExternalTask                                 : loaded 7 times (x 72B)
Class io.opentelemetry.api.internal.IncubatingUtil                                    : loaded 7 times (x 73B)
Class io.opentelemetry.api.GlobalOpenTelemetry$ObfuscatedOpenTelemetry                : loaded 7 times (x 94B)
Class com.intellij.gradle.toolingExtension.impl.model.sourceSetDependencyModel.GradleSourceSetDependencySerialisationService$Companion: loaded 7 times (x 73B)
Class org.jetbrains.plugins.gradle.tooling.serialization.internal.IdeaProjectSerializationService$WriteContext$4: loaded 7 times (x 85B)
Class com.intellij.gradle.toolingExtension.impl.telemetry.GradleOpenTelemetry         : loaded 7 times (x 74B)
Class org.jetbrains.kotlin.idea.gradleTooling.AndroidAwareGradleModelProvider         : loaded 7 times (x 81B)
Class com.android.ide.gradle.model.LegacyV1AgpVersionModel                            : loaded 7 times (x 72B)
Class org.jetbrains.plugins.gradle.model.UnresolvedExternalDependency                 : loaded 7 times (x 72B)
Class gnu.trove.TObjectHash$NULL                                                      : loaded 7 times (x 73B)
Class io.opentelemetry.context.propagation.DefaultContextPropagators                  : loaded 7 times (x 77B)
Class org.jetbrains.plugins.gradle.tooling.serialization.GradleExtensionsSerializationService: loaded 7 times (x 79B)
Class io.opentelemetry.context.ContextStorageProvider                                 : loaded 7 times (x 72B)
Class org.jetbrains.plugins.gradle.model.AnnotationProcessingModel                    : loaded 7 times (x 72B)
Class org.jetbrains.plugins.gradle.model.GradleExtensions                             : loaded 7 times (x 72B)
Class org.jetbrains.plugins.gradle.tooling.serialization.internal.IdeaProjectSerializationService$WriteContext$3: loaded 7 times (x 85B)
Class org.jetbrains.plugins.gradle.tooling.serialization.AnnotationProcessingModelSerializationService$ReadContext: loaded 7 times (x 74B)
Class [Lio.opentelemetry.context.Scope;                                               : loaded 7 times (x 71B)
Class com.intellij.platform.diagnostic.telemetry.rt.context.TelemetryContextGetter    : loaded 7 times (x 77B)
Class org.jetbrains.kotlin.idea.gradleTooling.PrepareKotlinIdeImportTaskModel         : loaded 7 times (x 72B)
Class gnu.trove.TObjectHashingStrategy                                                : loaded 7 times (x 72B)
Class org.jetbrains.plugins.gradle.model.GradleTaskModel                              : loaded 7 times (x 72B)
Class org.jetbrains.plugins.gradle.tooling.util.ObjectCollector                       : loaded 7 times (x 74B)
Class org.jetbrains.plugins.gradle.model.ClasspathEntryModel                          : loaded 7 times (x 72B)
Class io.opentelemetry.context.ArrayBasedContext                                      : loaded 7 times (x 102B)
Class com.intellij.gradle.toolingExtension.impl.model.taskModel.GradleTaskSerialisationService: loaded 7 times (x 78B)
Class org.jetbrains.kotlin.idea.gradleTooling.KotlinDslScriptAdditionalTask           : loaded 7 times (x 72B)
Class org.jetbrains.kotlin.idea.gradleTooling.model.kapt.KaptGradleModel              : loaded 7 times (x 72B)
Class org.jetbrains.plugins.gradle.tooling.ModelBuilderService$Parameter              : loaded 7 times (x 72B)
Class org.jetbrains.plugins.gradle.model.IntelliJSettings                             : loaded 7 times (x 72B)
Class com.intellij.gradle.toolingExtension.impl.model.sourceSetModel.GradleSourceSetSerialisationService$SourceSetModelWriteContext: loaded 7 times (x 74B)
Class io.opentelemetry.api.OpenTelemetry                                              : loaded 7 times (x 72B)
Class com.android.ide.gradle.model.GradlePluginModel                                  : loaded 7 times (x 72B)
Class io.opentelemetry.api.internal.OtelEncodingUtils                                 : loaded 7 times (x 73B)
Class org.jetbrains.plugins.gradle.tooling.serialization.internal.IdeaProjectSerializationService$WriteContext$2: loaded 7 times (x 85B)
Class org.jetbrains.plugins.gradle.model.tests.ExternalTestsModel                     : loaded 7 times (x 72B)
Class io.opentelemetry.context.LazyStorage                                            : loaded 7 times (x 73B)
Class org.jetbrains.plugins.gradle.tooling.util.IntObjectMap$1                        : loaded 7 times (x 79B)
Class com.intellij.openapi.externalSystem.model.project.IExternalSystemSourceType     : loaded 7 times (x 72B)
Class io.opentelemetry.api.trace.TraceStateBuilder                                    : loaded 7 times (x 72B)
Class com.intellij.openapi.externalSystem.model.project.dependencies.ProjectDependencies: loaded 7 times (x 72B)
Class org.jetbrains.plugins.gradle.tooling.serialization.internal.adapter.Supplier    : loaded 7 times (x 72B)
Class org.jetbrains.plugins.gradle.model.ExternalProject                              : loaded 7 times (x 72B)
Class org.jetbrains.plugins.gradle.tooling.serialization.internal.IdeaProjectSerializationService$WriteContext$1: loaded 7 times (x 85B)
Class org.jetbrains.plugins.gradle.tooling.serialization.ProjectDependenciesSerializationService$ReadContext: loaded 7 times (x 74B)
Class gnu.trove.Equality                                                              : loaded 7 times (x 72B)
Class org.jetbrains.plugins.gradle.model.AnnotationProcessingConfig                   : loaded 7 times (x 72B)
Class io.opentelemetry.api.internal.ImmutableSpanContext                              : loaded 7 times (x 93B)
Class io.opentelemetry.api.trace.TraceState                                           : loaded 7 times (x 72B)
Class io.opentelemetry.api.trace.SpanId                                               : loaded 7 times (x 73B)
Class com.android.ide.gradle.model.artifacts.AdditionalClassifierArtifactsModel       : loaded 7 times (x 72B)
Class org.jetbrains.plugins.gradle.tooling.serialization.RepositoriesModelSerializationService: loaded 7 times (x 84B)
Class org.jetbrains.plugins.gradle.tooling.util.ObjectCollector$Processor             : loaded 7 times (x 72B)
Class gnu.trove.TObjectHash                                                           : loaded 7 times (x 96B)
Class io.opentelemetry.api.trace.AutoValue_ArrayBasedTraceState                       : loaded 7 times (x 89B)
Class com.intellij.gradle.toolingExtension.impl.model.sourceSetModel.GradleSourceSetSerialisationService$SourceSetModelReadContext: loaded 7 times (x 74B)
Class com.intellij.gradle.toolingExtension.impl.model.utilTurnOffDefaultTasksModel.TurnOffDefaultTasks: loaded 7 times (x 72B)
Class io.opentelemetry.api.trace.TraceId                                              : loaded 7 times (x 73B)
Class com.intellij.gradle.toolingExtension.impl.model.sourceSetModel.GradleSourceSetSerialisationService: loaded 7 times (x 79B)
Class io.opentelemetry.api.internal.AutoValue_ImmutableSpanContext                    : loaded 7 times (x 94B)
Class org.jetbrains.plugins.gradle.tooling.serialization.RepositoriesModelSerializationService$ReadContext: loaded 7 times (x 74B)
Class org.jetbrains.plugins.gradle.tooling.serialization.internal.IdeaProjectSerializationService$ReadContext: loaded 7 times (x 74B)
Class org.jetbrains.kotlin.idea.gradleTooling.AndroidAwareGradleModelProvider$Companion: loaded 7 times (x 73B)
Class com.intellij.gradle.toolingExtension.impl.model.sourceSetArtifactIndex.GradleSourceSetArtifactBuildRequest: loaded 7 times (x 72B)
Class io.opentelemetry.api.trace.TracerProvider                                       : loaded 7 times (x 72B)
Class com.android.ide.gradle.model.dependencies.Coordinates                           : loaded 7 times (x 72B)
Class com.intellij.gradle.toolingExtension.impl.model.projectModel.GradleExternalProjectSerializationService$WriteContext: loaded 7 times (x 75B)
Class org.jetbrains.plugins.gradle.model.GradleSourceSetModel                         : loaded 7 times (x 72B)
Class io.opentelemetry.api.GlobalOpenTelemetry                                        : loaded 7 times (x 73B)
Class com.intellij.util.containers.IntObjectHashMap$ArrayProducer                     : loaded 7 times (x 72B)
Class com.intellij.gradle.toolingExtension.impl.model.sourceSetDependencyModel.GradleSourceSetDependencySerialisationService: loaded 7 times (x 79B)
Class org.jetbrains.plugins.gradle.tooling.serialization.internal.IdeaProjectSerializationService$WriteContext: loaded 7 times (x 74B)
Class io.opentelemetry.api.trace.ImmutableTraceFlags                                  : loaded 7 times (x 79B)
Class io.opentelemetry.api.trace.ArrayBasedTraceStateBuilder                          : loaded 7 times (x 79B)
Class Program                                                                         : loaded 7 times (x 74B)
Class com.intellij.gradle.toolingExtension.impl.model.warmUp.GradleTaskWarmUpRequest  : loaded 7 times (x 72B)
Class org.jetbrains.plugins.gradle.model.ExternalProjectDependency                    : loaded 7 times (x 72B)
Class org.jetbrains.plugins.gradle.tooling.serialization.KotlinDslScriptsModelSerializationService: loaded 7 times (x 83B)
Class org.jetbrains.kotlin.idea.gradleTooling.KotlinGradleModel                       : loaded 7 times (x 72B)
Class org.jetbrains.plugins.gradle.model.ExternalSourceSet                            : loaded 7 times (x 72B)
Class org.jetbrains.plugins.gradle.model.ProjectImportModelProvider                   : loaded 7 times (x 72B)
Class org.jetbrains.plugins.gradle.model.GradleBuildScriptClasspathModel              : loaded 7 times (x 72B)
Class com.intellij.gradle.toolingExtension.impl.model.projectModel.GradleExternalProjectSerializationService: loaded 7 times (x 79B)
Class com.intellij.gradle.toolingExtension.impl.model.dependencyModel.DependencyReadContext: loaded 7 times (x 74B)
Class com.intellij.gradle.toolingExtension.impl.model.sourceSetDependencyModel.GradleSourceSetDependencySerialisationService$SourceSetDependencyModelReadContext: loaded 7 times (x 74B)
Class org.jetbrains.plugins.gradle.model.VersionCatalogsModel                         : loaded 7 times (x 72B)
Class com.intellij.gradle.toolingExtension.impl.model.buildScriptClasspathModel.GradleBuildScriptClasspathSerializationService$ReadContext: loaded 7 times (x 74B)
Class [Lio.opentelemetry.api.trace.TraceFlags;                                        : loaded 7 times (x 71B)
Class io.opentelemetry.context.Scope                                                  : loaded 7 times (x 72B)
Class io.opentelemetry.api.trace.SpanContextKey                                       : loaded 7 times (x 73B)
Class [Lio.opentelemetry.context.ContextStorage;                                      : loaded 7 times (x 71B)
Class com.intellij.platform.diagnostic.telemetry.rt.context.TelemetryContext          : loaded 7 times (x 135B)
Class org.jetbrains.plugins.gradle.tooling.serialization.ExternalTestsSerializationService$WriteContext: loaded 7 times (x 74B)
Class [Lio.opentelemetry.context.ThreadLocalContextStorage;                           : loaded 7 times (x 71B)
Class org.jetbrains.plugins.gradle.tooling.serialization.ExternalTestsSerializationService$ReadContext: loaded 7 times (x 74B)
Class io.opentelemetry.context.ThreadLocalContextStorage                              : loaded 7 times (x 87B)
Class io.opentelemetry.api.trace.PropagatedSpan                                       : loaded 7 times (x 114B)
Class io.opentelemetry.context.propagation.TextMapSetter                              : loaded 7 times (x 72B)
Class io.opentelemetry.context.ContextKey                                             : loaded 7 times (x 72B)
Class io.opentelemetry.api.trace.ArrayBasedTraceState                                 : loaded 7 times (x 88B)
Class com.android.ide.gradle.model.dependencies.DeclaredDependencies                  : loaded 7 times (x 72B)
Class com.intellij.util.containers.IntObjectHashMap                                   : loaded 7 times (x 74B)
Class com.intellij.gradle.toolingExtension.impl.model.taskModel.GradleTaskSerialisationService$Companion: loaded 7 times (x 73B)
Class org.jetbrains.plugins.gradle.tooling.serialization.GradleExtensionsSerializationService$WriteContext: loaded 7 times (x 74B)
Class org.jetbrains.plugins.gradle.javaModel.JavaGradleManifestModel                  : loaded 7 times (x 72B)
Class com.android.ide.gradle.model.composites.BuildMap                                : loaded 7 times (x 72B)
Class org.jetbrains.plugins.gradle.model.ExternalDependency                           : loaded 7 times (x 72B)
Class io.opentelemetry.context.Context                                                : loaded 7 times (x 72B)
Class org.jetbrains.plugins.gradle.tooling.serialization.internal.IdeaProjectSerializationService: loaded 7 times (x 79B)
Class org.jetbrains.plugins.gradle.model.IntelliJProjectSettings                      : loaded 7 times (x 72B)
Class io.opentelemetry.api.trace.Tracer                                               : loaded 7 times (x 72B)
Class com.amazon.ion.system.IonWriterBuilderBase                                      : loaded 6 times (x 85B)
Class com.amazon.ion.IonSystem                                                        : loaded 6 times (x 72B)
Class com.amazon.ion.impl.bin.IonManagedBinaryWriter$UserState$1                      : loaded 6 times (x 87B)
Class com.amazon.ion.impl.bin.IonManagedBinaryWriter$ImportedSymbolContext            : loaded 6 times (x 74B)
Class com.amazon.ion.impl.bin.IonRawBinaryWriter$StreamCloseMode                      : loaded 6 times (x 81B)
Class com.android.ide.gradle.model.GradlePropertiesModel                              : loaded 6 times (x 72B)
Class com.amazon.ion.impl.bin.IonManagedBinaryWriter$ImportDescriptor                 : loaded 6 times (x 78B)
Class com.amazon.ion.impl.IonWriterSystem                                             : loaded 6 times (x 172B)
Class com.amazon.ion.impl.bin.Symbols$2                                               : loaded 6 times (x 109B)
Class com.amazon.ion.impl.bin._Private_IonManagedWriter                               : loaded 6 times (x 72B)
Class com.amazon.ion.UnknownSymbolException                                           : loaded 6 times (x 87B)
Class com.amazon.ion.SymbolTable                                                      : loaded 6 times (x 72B)
Class com.amazon.ion.IonList                                                          : loaded 6 times (x 72B)
Class com.amazon.ion.impl.bin.BlockAllocator                                          : loaded 6 times (x 82B)
Class com.amazon.ion.impl.lite.IonIntLite                                             : loaded 6 times (x 191B)
Class com.amazon.ion.impl.lite.IonSystemLite                                          : loaded 6 times (x 277B)
Class com.amazon.ion.util.InputStreamInterceptor                                      : loaded 6 times (x 72B)
Class com.amazon.ion.impl.bin.IonRawBinaryWriter$PreallocationMode                    : loaded 6 times (x 83B)
Class com.amazon.ion.impl.bin._Private_IonRawWriter                                   : loaded 6 times (x 72B)
Class com.amazon.ion.IonWriter                                                        : loaded 6 times (x 72B)
Class com.amazon.ion.impl.IonWriterSystemTextMarkup                                   : loaded 6 times (x 193B)
Class com.amazon.ion.IonDecimal                                                       : loaded 6 times (x 72B)
Class com.amazon.ion.impl.lite.IonContainerLite                                       : loaded 6 times (x 250B)
Class com.amazon.ion.impl.bin.IonRawBinaryWriter$ThrowingRunnable                     : loaded 6 times (x 72B)
Class com.amazon.ion.impl.bin.IonManagedBinaryWriter$LocalSymbolTableView             : loaded 6 times (x 121B)
Class com.amazon.ion.impl._Private_IonReaderBuilder$TwoElementInputStream             : loaded 6 times (x 94B)
Class [Lcom.amazon.ion.SymbolTable;                                                   : loaded 6 times (x 71B)
Class com.amazon.ion.impl.bin.IonBinaryWriterAdapter$Factory                          : loaded 6 times (x 72B)
Class com.amazon.ion.impl.BlockedBuffer$BufferedOutputStream                          : loaded 6 times (x 92B)
Class com.amazon.ion.util._Private_FastAppendable                                     : loaded 6 times (x 72B)
Class [Lcom.amazon.ion.impl.bin.IonRawBinaryWriter$PreallocationMode;                 : loaded 6 times (x 71B)
Class com.amazon.ion.IonBufferConfiguration$OversizedSymbolTableHandler               : loaded 6 times (x 72B)
Class com.amazon.ion.system.IonWriterBuilder                                          : loaded 6 times (x 76B)
Class com.amazon.ion.impl.bin.IonManagedBinaryWriter$SymbolState$1                    : loaded 6 times (x 82B)
Class com.amazon.ion.impl.LocalSymbolTableAsStruct$Factory                            : loaded 6 times (x 81B)
Class [Lcom.amazon.ion.IonType;                                                       : loaded 6 times (x 71B)
Class com.amazon.ion.SubstituteSymbolTableException                                   : loaded 6 times (x 86B)
Class com.amazon.ion.impl.SymbolTokenImpl                                             : loaded 6 times (x 83B)
Class com.amazon.ion.IonText                                                          : loaded 6 times (x 72B)
Class com.amazon.ion.impl.bin.utf8.Pool$Allocator                                     : loaded 6 times (x 72B)
Class com.amazon.ion.impl.bin.IonManagedBinaryWriter$ImportedSymbolResolverMode$2     : loaded 6 times (x 82B)
Class com.amazon.ion.impl._Private_IonContainer                                       : loaded 6 times (x 72B)
Class org.jetbrains.plugins.gradle.tooling.serialization.ToolingStreamApiUtils        : loaded 6 times (x 73B)
Class com.amazon.ion.impl.bin.IonManagedBinaryWriter$SymbolState$2                    : loaded 6 times (x 82B)
Class com.amazon.ion.impl.bin.IonManagedBinaryWriter$SymbolResolverBuilder            : loaded 6 times (x 72B)
Class com.amazon.ion.system.IonSystemBuilder$Mutable                                  : loaded 6 times (x 77B)
Class com.amazon.ion.facet.Faceted                                                    : loaded 6 times (x 72B)
Class com.amazon.ion.impl.bin.IonRawBinaryWriter$PatchPoint                           : loaded 6 times (x 74B)
Class com.amazon.ion.IonSequence                                                      : loaded 6 times (x 72B)
Class com.amazon.ion.IonBlob                                                          : loaded 6 times (x 72B)
Class com.amazon.ion.IonLob                                                           : loaded 6 times (x 72B)
Class com.amazon.ion.impl.LocalSymbolTable                                            : loaded 6 times (x 129B)
Class com.amazon.ion.impl.lite.IonBlobLite                                            : loaded 6 times (x 222B)
Class com.amazon.ion.IonNull                                                          : loaded 6 times (x 72B)
Class com.amazon.ion.impl.bin.utf8.Utf8StringEncoder$Result                           : loaded 6 times (x 76B)
Class [Lcom.amazon.ion.impl.bin.IonManagedBinaryWriter$SymbolState;                   : loaded 6 times (x 71B)
Class com.amazon.ion.impl.bin.AbstractIonWriter$WriteValueOptimization                : loaded 6 times (x 81B)
Class com.amazon.ion.IonStruct                                                        : loaded 6 times (x 72B)
Class com.amazon.ion.impl.bin.IonManagedBinaryWriter                                  : loaded 6 times (x 167B)
Class com.amazon.ion.impl.bin.BlockAllocatorProvider                                  : loaded 6 times (x 74B)
Class com.amazon.ion.impl.bin.IonManagedBinaryWriter$SymbolState                      : loaded 6 times (x 82B)
Class com.amazon.ion.BufferConfiguration$OversizedValueHandler                        : loaded 6 times (x 72B)
Class com.amazon.ion.impl._Private_IonSystem                                          : loaded 6 times (x 72B)
Class com.amazon.ion.impl.bin.IonRawBinaryWriter$ContainerInfo                        : loaded 6 times (x 76B)
Class [Lcom.amazon.ion.SymbolToken;                                                   : loaded 6 times (x 71B)
Class com.amazon.ion.impl.bin.IonManagedBinaryWriter$SymbolState$3                    : loaded 6 times (x 82B)
Class com.amazon.ion.impl.bin.IonRawBinaryWriter$StreamFlushMode                      : loaded 6 times (x 81B)
Class com.amazon.ion.IonBinaryWriter                                                  : loaded 6 times (x 72B)
Class com.amazon.ion.impl.SharedSymbolTable                                           : loaded 6 times (x 95B)
Class com.amazon.ion.impl.bin.IonRawBinaryWriter                                      : loaded 6 times (x 170B)
Class com.amazon.ion.SymbolToken                                                      : loaded 6 times (x 72B)
Class com.amazon.ion.impl.bin.utf8.Utf8StringEncoderPool                              : loaded 6 times (x 76B)
Class com.amazon.ion.impl.bin.utf8.Poolable                                           : loaded 6 times (x 81B)
Class com.amazon.ion.IonSymbol                                                        : loaded 6 times (x 72B)
Class com.amazon.ion.impl.bin.IonManagedBinaryWriter$ImportedSymbolResolverMode$1     : loaded 6 times (x 82B)
Class com.amazon.ion.impl.bin._Private_IonManagedBinaryWriterBuilder                  : loaded 6 times (x 74B)
Class com.amazon.ion.impl._Private_IonWriter                                          : loaded 6 times (x 72B)
Class com.amazon.ion.impl.bin.IonManagedBinaryWriter$UserState                        : loaded 6 times (x 87B)
Class com.google.common.base.ExtraObjectsMethodsForWeb                                : loaded 6 times (x 73B)
Class com.amazon.ion.impl.lite.IonSymbolLite                                          : loaded 6 times (x 249B)
Class com.amazon.ion.impl._Private_IonTextWriterBuilder$Mutable                       : loaded 6 times (x 103B)
Class com.amazon.ion.impl.lite.IonSequenceLite                                        : loaded 6 times (x 434B)
Class com.amazon.ion.impl._Private_Utils$1                                            : loaded 6 times (x 100B)
Class com.amazon.ion.impl.SymbolTableAsStruct                                         : loaded 6 times (x 72B)
Class [Lcom.amazon.ion.impl.bin.IonRawBinaryWriter$StreamCloseMode;                   : loaded 6 times (x 71B)
Class com.amazon.ion.impl.bin.IonRawBinaryWriter$ContainerType                        : loaded 6 times (x 81B)
Class com.amazon.ion.impl._Private_IonWriterBase                                      : loaded 6 times (x 164B)
Class [Lcom.amazon.ion.impl.bin.IonRawBinaryWriter$ContainerType;                     : loaded 6 times (x 71B)
Class com.amazon.ion.impl.bin.WriteBuffer                                             : loaded 6 times (x 80B)
Class com.amazon.ion.system.IonSystemBuilder                                          : loaded 6 times (x 77B)
Class com.amazon.ion.IonCatalog                                                       : loaded 6 times (x 72B)
Class com.amazon.ion.impl.lite.IonSexpLite                                            : loaded 6 times (x 492B)
Class com.google.common.collect.Multimap                                              : loaded 6 times (x 72B)
Class [Lcom.amazon.ion.impl.bin.AbstractIonWriter$WriteValueOptimization;             : loaded 6 times (x 71B)
Class com.amazon.ion.impl.bin.AbstractIonWriter                                       : loaded 6 times (x 162B)
Class com.amazon.ion.impl.lite.IonListLite                                            : loaded 6 times (x 492B)
Class com.amazon.ion.IonFloat                                                         : loaded 6 times (x 72B)
Class com.amazon.ion.impl.LocalSymbolTable$Factory                                    : loaded 6 times (x 79B)
Class com.amazon.ion.impl.lite.IonStructLite                                          : loaded 6 times (x 300B)
Class com.amazon.ion.impl._Private_ReaderWriter                                       : loaded 6 times (x 72B)
Class com.amazon.ion.impl.bin.AbstractSymbolTable                                     : loaded 6 times (x 109B)
Class com.amazon.ion.system.IonTextWriterBuilder                                      : loaded 6 times (x 99B)
Class com.amazon.ion.impl.bin.IonManagedBinaryWriter$ImportedSymbolResolverMode$1$1$1 : loaded 6 times (x 78B)
Class com.amazon.ion.impl.lite.IonBoolLite                                            : loaded 6 times (x 181B)
Class com.amazon.ion.impl.bin.Symbols                                                 : loaded 6 times (x 73B)
Class com.amazon.ion.IonBufferConfiguration                                           : loaded 6 times (x 74B)
Class com.amazon.ion.impl._Private_LocalSymbolTableFactory                            : loaded 6 times (x 72B)
Class com.amazon.ion.system.IonReaderBuilder                                          : loaded 6 times (x 97B)
Class com.amazon.ion.UnsupportedIonVersionException                                   : loaded 6 times (x 87B)
Class com.amazon.ion.IonBufferConfiguration$Builder                                   : loaded 6 times (x 80B)
Class com.amazon.ion.impl.lite.IonDecimalLite                                         : loaded 6 times (x 191B)
Class [Lcom.amazon.ion.impl.bin.IonRawBinaryWriter$StreamFlushMode;                   : loaded 6 times (x 71B)
Class com.amazon.ion.IonReader                                                        : loaded 6 times (x 72B)
Class com.amazon.ion.impl.bin.IonManagedBinaryWriter$SymbolState$4                    : loaded 6 times (x 82B)
Class com.amazon.ion.impl.bin.IonManagedBinaryWriter$UserState$2                      : loaded 6 times (x 87B)
Class [Lcom.amazon.ion.util.InputStreamInterceptor;                                   : loaded 6 times (x 71B)
Class com.amazon.ion.Decimal                                                          : loaded 6 times (x 136B)
Class com.amazon.ion.impl.bin._Private_IonManagedBinaryWriterBuilder$AllocatorMode$1  : loaded 6 times (x 82B)
Class com.amazon.ion.IonClob                                                          : loaded 6 times (x 72B)
Class com.amazon.ion.impl._Private_IonValue                                           : loaded 6 times (x 72B)
Class com.amazon.ion.impl.bin.IonManagedBinaryWriter$ImportedSymbolResolverMode       : loaded 6 times (x 82B)
Class com.amazon.ion.impl._Private_IonReaderBuilder$Mutable                           : loaded 6 times (x 99B)
Class [Lcom.amazon.ion.util.GzipStreamInterceptor;                                    : loaded 6 times (x 71B)
Class com.amazon.ion.impl.bin.IonRawBinaryWriter$PreallocationMode$3                  : loaded 6 times (x 83B)
Class com.amazon.ion.impl.bin.utf8.Pool                                               : loaded 6 times (x 76B)
Class com.intellij.util.ThrowableConsumer                                             : loaded 6 times (x 72B)
Class org.jetbrains.kotlin.idea.gradleTooling.KotlinGradlePluginVersion               : loaded 6 times (x 72B)
Class com.amazon.ion.IonValue                                                         : loaded 6 times (x 72B)
Class com.amazon.ion.impl.lite.IonFloatLite                                           : loaded 6 times (x 189B)
Class com.amazon.ion.impl._Private_IonTextWriterBuilder                               : loaded 6 times (x 103B)
Class com.amazon.ion.impl.bin._Private_IonManagedBinaryWriterBuilder$AllocatorMode$2  : loaded 6 times (x 82B)
Class com.amazon.ion.impl.lite.ValueFactoryLite                                       : loaded 6 times (x 220B)
Class com.amazon.ion.system.SimpleCatalog                                             : loaded 6 times (x 93B)
Class com.amazon.ion.impl._Private_IonBinaryWriterBuilder                             : loaded 6 times (x 117B)
Class com.amazon.ion.BufferConfiguration                                              : loaded 6 times (x 74B)
Class com.amazon.ion.IonContainer                                                     : loaded 6 times (x 72B)
Class com.amazon.ion.impl.bin._Private_IonManagedBinaryWriterBuilder$AllocatorMode    : loaded 6 times (x 82B)
Class com.amazon.ion.impl._Private_SymbolToken                                        : loaded 6 times (x 72B)
Class com.amazon.ion.impl.bin.IonManagedBinaryWriter$SymbolResolver                   : loaded 6 times (x 72B)
Class com.amazon.ion.impl.lite.IonLobLite                                             : loaded 6 times (x 187B)
Class com.amazon.ion.impl.lite.IonTextLite                                            : loaded 6 times (x 184B)
Class com.amazon.ion.IonNumber                                                        : loaded 6 times (x 72B)
Class com.amazon.ion.impl._Private_IonSymbol                                          : loaded 6 times (x 72B)
Class com.amazon.ion.BufferConfiguration$DataHandler                                  : loaded 6 times (x 72B)
Class [Lcom.amazon.ion.impl.bin.IonManagedBinaryWriter$UserState;                     : loaded 6 times (x 71B)
Class com.amazon.ion.impl.lite.IonValueLite                                           : loaded 6 times (x 150B)
Class com.amazon.ion.impl.bin.IonRawBinaryWriter$PreallocationMode$2                  : loaded 6 times (x 83B)
Class com.amazon.ion.IonInt                                                           : loaded 6 times (x 72B)
Class com.intellij.openapi.externalSystem.model.ExternalSystemException               : loaded 6 times (x 87B)
Class com.amazon.ion.IonTimestamp                                                     : loaded 6 times (x 72B)
Class com.amazon.ion.impl.bin.PooledBlockAllocatorProvider$PooledBlockAllocator       : loaded 6 times (x 83B)
Class com.amazon.ion.impl._Private_IonReaderBuilder                                   : loaded 6 times (x 99B)
Class com.amazon.ion.impl.bin.PooledBlockAllocatorProvider                            : loaded 6 times (x 75B)
Class com.amazon.ion.system.IonBinaryWriterBuilder                                    : loaded 6 times (x 101B)
Class com.amazon.ion.impl.bin.IonManagedBinaryWriter$UserState$4                      : loaded 6 times (x 87B)
Class com.amazon.ion.IonMutableCatalog                                                : loaded 6 times (x 72B)
Class com.amazon.ion.impl.LocalSymbolTableAsStruct                                    : loaded 6 times (x 134B)
Class com.amazon.ion.ValueFactory                                                     : loaded 6 times (x 72B)
Class [Lcom.amazon.ion.impl.bin.IonManagedBinaryWriter$ImportedSymbolResolverMode;    : loaded 6 times (x 71B)
Class com.amazon.ion.impl.IonWriterSystemText                                         : loaded 6 times (x 191B)
Class com.amazon.ion.impl.lite.IonContext                                             : loaded 6 times (x 72B)
Class com.amazon.ion.impl.lite.IonLoaderLite                                          : loaded 6 times (x 84B)
Class com.amazon.ion.impl.bin.utf8.Utf8StringEncoderPool$1                            : loaded 6 times (x 78B)
Class com.amazon.ion.impl.lite.IonTimestampLite                                       : loaded 6 times (x 195B)
Class com.amazon.ion.impl.lite.ContainerlessContext                                   : loaded 6 times (x 82B)
Class com.amazon.ion.impl.bin.utf8.Utf8StringEncoder                                  : loaded 6 times (x 82B)
Class com.amazon.ion.IonBool                                                          : loaded 6 times (x 72B)
Class com.amazon.ion.impl._Private_LocalSymbolTable                                   : loaded 6 times (x 72B)
Class com.amazon.ion.ReadOnlyValueException                                           : loaded 6 times (x 86B)
Class com.amazon.ion.IonSexp                                                          : loaded 6 times (x 72B)
Class com.amazon.ion.impl._Private_Utils                                              : loaded 6 times (x 73B)
Class com.amazon.ion.impl.lite.IonNullLite                                            : loaded 6 times (x 178B)
Class com.amazon.ion.IonDatagram                                                      : loaded 6 times (x 72B)
Class com.amazon.ion.impl.bin.IonManagedBinaryWriter$ImportedSymbolResolverMode$1$1   : loaded 6 times (x 80B)
Class com.amazon.ion.impl._Private_ByteTransferSink                                   : loaded 6 times (x 72B)
Class com.amazon.ion.BufferConfiguration$Builder                                      : loaded 6 times (x 80B)
Class com.amazon.ion.UnexpectedEofException                                           : loaded 6 times (x 86B)
Class com.amazon.ion.IonString                                                        : loaded 6 times (x 72B)
Class com.amazon.ion.impl.bin.Block                                                   : loaded 6 times (x 81B)
Class gnu.trove.PrimeFinder                                                           : loaded 6 times (x 73B)
Class com.amazon.ion.impl.bin.IonManagedBinaryWriter$UserState$3                      : loaded 6 times (x 87B)
Class com.amazon.ion.IonLoader                                                        : loaded 6 times (x 72B)
Class com.amazon.ion.impl.bin.IntList                                                 : loaded 6 times (x 79B)
Class com.amazon.ion.impl.lite._Private_LiteDomTrampoline                             : loaded 6 times (x 73B)
Class com.google.common.base.Objects                                                  : loaded 6 times (x 73B)
Class [Lcom.amazon.ion.impl.bin._Private_IonManagedBinaryWriterBuilder$AllocatorMode; : loaded 6 times (x 71B)
Class com.amazon.ion.impl.bin.IonRawBinaryWriter$PreallocationMode$1                  : loaded 6 times (x 83B)
Class com.amazon.ion.impl._Private_ValueFactory                                       : loaded 6 times (x 72B)
Class com.amazon.ion.IonType                                                          : loaded 6 times (x 81B)
Class com.amazon.ion.IonException                                                     : loaded 6 times (x 86B)
Class com.amazon.ion.impl.lite.IonClobLite                                            : loaded 6 times (x 223B)
Class com.amazon.ion.impl.bin.PooledBlockAllocatorProvider$PooledBlockAllocator$1     : loaded 6 times (x 81B)
Class com.amazon.ion.impl.lite.IonStringLite                                          : loaded 6 times (x 215B)
Class com.amazon.ion.util.GzipStreamInterceptor                                       : loaded 6 times (x 87B)
Class com.amazon.ion.impl._Private_IonBinaryWriterBuilder$Mutable                     : loaded 6 times (x 117B)
Class kotlin.jvm.internal.CallableReference$NoReceiver                                : loaded 5 times (x 73B)
Class com.google.common.collect.RangeSet                                              : loaded 5 times (x 72B)
Class com.google.common.collect.ImmutableSet$RegularSetBuilderImpl                    : loaded 5 times (x 78B)
Class com.google.common.collect.ImmutableList$1                                       : loaded 5 times (x 99B)
Class kotlin.collections.CollectionsKt__CollectionsKt                                 : loaded 5 times (x 73B)
Class kotlin.collections.ArraysKt___ArraysJvmKt                                       : loaded 5 times (x 73B)
Class com.google.common.collect.ImmutableSortedSet                                    : loaded 5 times (x 302B)
Class ijInit1_5r4u4ywo6eyww533vzolh0yz4$_run_closure1                                 : loaded 5 times (x 141B)
Class kotlin.enums.EnumEntriesKt                                                      : loaded 5 times (x 73B)
Class kotlin.sequences.SequencesKt__SequencesJVMKt                                    : loaded 5 times (x 73B)
Class kotlin.collections.EmptyList                                                    : loaded 5 times (x 176B)
Class kotlin.collections.MapsKt__MapsJVMKt                                            : loaded 5 times (x 73B)
Class org.gradle.internal.IoActions                                                   : loaded 5 times (x 73B)
Class kotlin.collections.CollectionsKt__MutableCollectionsJVMKt                       : loaded 5 times (x 73B)
Class kotlin.reflect.KAnnotatedElement                                                : loaded 5 times (x 72B)
Class kotlin.NoWhenBranchMatchedException                                             : loaded 5 times (x 84B)
Class kotlin.collections.AbstractList                                                 : loaded 5 times (x 199B)
Class kotlin.collections.AbstractCollection                                           : loaded 5 times (x 119B)
Class kotlin.collections.ArraysKt__ArraysKt                                           : loaded 5 times (x 73B)
Class kotlin.collections.MapsKt__MapWithDefaultKt                                     : loaded 5 times (x 73B)
Class kotlin.jvm.internal.Intrinsics                                                  : loaded 5 times (x 73B)
Class kotlin.collections.SetsKt__SetsJVMKt                                            : loaded 5 times (x 73B)
Class com.google.common.collect.ImmutableRangeSet$Builder                             : loaded 5 times (x 79B)
Class kotlin.jvm.KotlinReflectionNotSupportedError                                    : loaded 5 times (x 84B)
Class com.google.common.collect.RegularImmutableSortedSet                             : loaded 5 times (x 302B)
Class kotlin.collections.CollectionsKt__ReversedViewsKt                               : loaded 5 times (x 73B)
Class kotlin.collections.ArraysKt__ArraysJVMKt                                        : loaded 5 times (x 73B)
Class kotlin.Function                                                                 : loaded 5 times (x 72B)
Class com.google.common.collect.ImmutableAsList                                       : loaded 5 times (x 211B)
Class kotlin.collections.ArraysKt___ArraysKt                                          : loaded 5 times (x 73B)
Class kotlin.collections.MapsKt                                                       : loaded 5 times (x 73B)
Class kotlin.collections.MapsKt___MapsKt                                              : loaded 5 times (x 73B)
Class kotlin.sequences.SequencesKt__SequenceBuilderKt                                 : loaded 5 times (x 73B)
Class com.google.common.collect.ImmutableCollection$Builder                           : loaded 5 times (x 78B)
Class com.google.common.collect.ImmutableRangeSet$AsSet                               : loaded 5 times (x 302B)
Class kotlin.jvm.internal.FunctionReference                                           : loaded 5 times (x 128B)
Class kotlin.collections.CollectionsKt__IterablesKt                                   : loaded 5 times (x 73B)
Class com.google.common.collect.RegularImmutableSet                                   : loaded 5 times (x 150B)
Class kotlin.jvm.internal.FunctionBase                                                : loaded 5 times (x 72B)
Class com.google.common.collect.Range                                                 : loaded 5 times (x 88B)
Class kotlin.enums.EnumEntriesList                                                    : loaded 5 times (x 225B)
Class kotlin.jvm.internal.CallableReference                                           : loaded 5 times (x 112B)
Class kotlin.collections.CollectionsKt__IteratorsKt                                   : loaded 5 times (x 73B)
Class com.intellij.gradle.toolingExtension.impl.util.GradleObjectUtil                 : loaded 5 times (x 73B)
Class com.google.common.base.Joiner$2                                                 : loaded 5 times (x 82B)
Class kotlin.sequences.SequencesKt                                                    : loaded 5 times (x 73B)
Class com.google.common.collect.ImmutableSet$CachingAsList                            : loaded 5 times (x 150B)
Class kotlin.reflect.KDeclarationContainer                                            : loaded 5 times (x 72B)
Class kotlin.ranges.RangesKt__RangesKt                                                : loaded 5 times (x 73B)
Class kotlin.collections.SetsKt___SetsKt                                              : loaded 5 times (x 73B)
Class org.gradle.api.GradleException                                                  : loaded 5 times (x 84B)
Class kotlin.collections.CollectionsKt___CollectionsKt                                : loaded 5 times (x 73B)
Class kotlin.sequences.SequencesKt__SequencesKt                                       : loaded 5 times (x 73B)
Class kotlin.collections.CollectionsKt                                                : loaded 5 times (x 73B)
Class kotlin.jvm.internal.markers.KMappedMarker                                       : loaded 5 times (x 72B)
Class kotlin.collections.CollectionsKt__CollectionsJVMKt                              : loaded 5 times (x 73B)
Class kotlin.reflect.KCallable                                                        : loaded 5 times (x 72B)
Class com.google.common.collect.ImmutableRangeSet$1                                   : loaded 5 times (x 212B)
Class kotlin.collections.SetsKt__SetsKt                                               : loaded 5 times (x 73B)
Class com.google.common.collect.RegularImmutableAsList                                : loaded 5 times (x 219B)
Class org.jetbrains.plugins.gradle.model.GradleExtension                              : loaded 5 times (x 72B)
Class Build_gradle                                                                    : loaded 5 times (x 128B)
Class kotlin.collections.MapsKt___MapsJvmKt                                           : loaded 5 times (x 73B)
Class com.google.common.collect.AbstractRangeSet                                      : loaded 5 times (x 116B)
Class kotlin.sequences.Sequence                                                       : loaded 5 times (x 72B)
Class com.google.common.collect.NullnessCasts                                         : loaded 5 times (x 73B)
Class kotlin.jvm.functions.Function2                                                  : loaded 5 times (x 72B)
Class com.google.common.base.Joiner                                                   : loaded 5 times (x 82B)
Class com.google.common.base.Predicate                                                : loaded 5 times (x 72B)
Class kotlin.collections.CollectionsKt__IteratorsJVMKt                                : loaded 5 times (x 73B)
Class com.google.common.collect.SingletonImmutableList                                : loaded 5 times (x 209B)
Class kotlin.collections.SetsKt                                                       : loaded 5 times (x 73B)
Class kotlin.KotlinNullPointerException                                               : loaded 5 times (x 84B)
Class org.jetbrains.plugins.gradle.model.GradleConfiguration                          : loaded 5 times (x 72B)
Class kotlin.collections.CollectionsKt__MutableCollectionsKt                          : loaded 5 times (x 73B)
Class com.google.common.collect.ImmutableList$Builder                                 : loaded 5 times (x 79B)
Class com.google.common.base.Joiner$1                                                 : loaded 5 times (x 83B)
Class kotlin.jvm.functions.Function1                                                  : loaded 5 times (x 72B)
Class ijInit1_5r4u4ywo6eyww533vzolh0yz4                                               : loaded 5 times (x 173B)
Class com.google.common.collect.ImmutableList$ReverseImmutableList                    : loaded 5 times (x 209B)
Class kotlin.reflect.KFunction                                                        : loaded 5 times (x 72B)
Class org.gradle.api.Action                                                           : loaded 5 times (x 72B)
Class org.gradle.internal.Cast                                                        : loaded 5 times (x 73B)
Class kotlin.collections.ArraysUtilJVM                                                : loaded 5 times (x 73B)
Class kotlin.jvm.functions.Function0                                                  : loaded 5 times (x 72B)
Class com.google.common.collect.ImmutableList$SubList                                 : loaded 5 times (x 209B)
Class kotlin.sequences.SequencesKt___SequencesKt                                      : loaded 5 times (x 73B)
Class kotlin.collections.MapsKt__MapsKt                                               : loaded 5 times (x 73B)
Class com.google.common.base.Function                                                 : loaded 5 times (x 72B)
Class kotlin.enums.EnumEntries                                                        : loaded 5 times (x 72B)
Class kotlin.collections.AbstractList$Companion                                       : loaded 5 times (x 73B)
Class com.google.common.collect.ImmutableSet$SetBuilderImpl                           : loaded 5 times (x 78B)
Class kotlin.ranges.RangesKt                                                          : loaded 5 times (x 73B)
Class com.google.common.collect.ImmutableSet                                          : loaded 5 times (x 147B)
Class com.google.common.collect.ImmutableRangeSet                                     : loaded 5 times (x 117B)
Class com.google.common.collect.ForwardingObject                                      : loaded 5 times (x 74B)
Class com.google.common.collect.SortedIterable                                        : loaded 5 times (x 72B)
Class kotlin.ranges.RangesKt___RangesKt                                               : loaded 5 times (x 73B)
Class kotlin.Pair                                                                     : loaded 5 times (x 74B)
Class kotlin.NotImplementedError                                                      : loaded 5 times (x 84B)
Class com.google.common.collect.RegularImmutableList                                  : loaded 5 times (x 209B)
Class com.google.common.collect.SingletonImmutableSet                                 : loaded 5 times (x 148B)
Class kotlin.UninitializedPropertyAccessException                                     : loaded 5 times (x 84B)
Class kotlin.sequences.SequencesKt___SequencesJvmKt                                   : loaded 5 times (x 73B)
Class kotlin.collections.ArraysKt                                                     : loaded 5 times (x 73B)
Class kotlin.Unit                                                                     : loaded 5 times (x 73B)
Class org.jetbrains.kotlin.idea.projectModel.KotlinTaskProperties                     : loaded 5 times (x 72B)
Class kotlin.jvm.internal.FunctionReferenceImpl                                       : loaded 5 times (x 128B)
Class kotlin.collections.CollectionsKt___CollectionsJvmKt                             : loaded 5 times (x 73B)
Class kotlin.TuplesKt                                                                 : loaded 5 times (x 73B)
Class com.google.common.collect.ImmutableRangeSet$ComplementRanges                    : loaded 5 times (x 209B)
Class kotlin.collections.ArrayDeque$Companion                                         : loaded 4 times (x 73B)
Class com.google.common.base.CharMatcher$Is                                           : loaded 4 times (x 114B)
Class com.google.common.base.CharMatcher$Negated                                      : loaded 4 times (x 116B)
Class org.jetbrains.kotlin.idea.gradleTooling.reflect.ReflectionKt                    : loaded 4 times (x 73B)
Class com.google.gson.internal.bind.DefaultDateTypeAdapter$DateType$1                 : loaded 4 times (x 75B)
Class org.gradle.internal.exceptions.DefaultMultiCauseException                       : loaded 4 times (x 97B)
Class org.gradle.tooling.internal.adapter.WeakIdentityHashMap$WeakKey                 : loaded 4 times (x 82B)
Class com.android.ide.gradle.model.builder.AndroidStudioToolingPluginKt               : loaded 4 times (x 73B)
Class org.jetbrains.kotlin.tooling.core.InternerImpl$Store$Strong                     : loaded 4 times (x 78B)
Class org.gradle.tooling.model.HierarchicalElement                                    : loaded 4 times (x 72B)
Class com.google.gson.internal.Streams                                                : loaded 4 times (x 73B)
Class com.google.gson.internal.LazilyParsedNumber                                     : loaded 4 times (x 80B)
Class kotlin.text.MatchResult$DefaultImpls                                            : loaded 4 times (x 73B)
Class com.google.gson.stream.JsonWriter                                               : loaded 4 times (x 100B)
Class kotlin.sequences.TransformingSequence$iterator$1                                : loaded 4 times (x 81B)
Class com.google.gson.internal.Primitives                                             : loaded 4 times (x 73B)
Class org.gradle.tooling.internal.adapter.ProtocolToModelAdapter$SupportedPropertyInvoker: loaded 4 times (x 78B)
Class org.gradle.tooling.model.UnsupportedMethodException                             : loaded 4 times (x 84B)
Class org.gradle.tooling.model.idea.IdeaCompilerOutput                                : loaded 4 times (x 72B)
Class org.gradle.tooling.model.ProjectIdentifier                                      : loaded 4 times (x 72B)
Class [Lcom.android.ide.gradle.model.builder.LegacyAndroidGradlePluginPropertiesModelBuilder$PluginType;: loaded 4 times (x 71B)
Class com.google.gson.internal.bind.TypeAdapterRuntimeTypeWrapper                     : loaded 4 times (x 76B)
Class org.gradle.tooling.internal.adapter.ProtocolToModelAdapter$SafeMethodInvoker    : loaded 4 times (x 78B)
Class org.gradle.tooling.model.idea.IdeaLanguageLevel                                 : loaded 4 times (x 72B)
Class com.intellij.gradle.toolingExtension.impl.model.buildScriptClasspathModel.DefaultGradleBuildScriptClasspathModel: loaded 4 times (x 85B)
Class com.android.ide.common.repository.AgpVersion$Companion$WhenMappings             : loaded 4 times (x 73B)
Class com.intellij.gradle.toolingExtension.impl.model.sourceSetDependencyModel.GradleSourceSetDependencyResolver: loaded 4 times (x 74B)
Class kotlin.Result                                                                   : loaded 4 times (x 74B)
Class org.jetbrains.plugins.gradle.model.DefaultExternalProject                       : loaded 4 times (x 97B)
Class com.intellij.gradle.toolingExtension.impl.model.sourceSetModel.GradleSourceSetModelBuilder$3: loaded 4 times (x 85B)
Class kotlin.text.MatchGroupCollection                                                : loaded 4 times (x 72B)
Class com.intellij.gradle.toolingExtension.impl.model.sourceSetDependencyModel.GradleSourceSetDependencyModelBuilder: loaded 4 times (x 88B)
Class com.google.gson.JsonParseException                                              : loaded 4 times (x 84B)
Class org.gradle.internal.exceptions.ResolutionProvider                               : loaded 4 times (x 72B)
Class com.android.ide.gradle.model.builder.LegacyAndroidGradlePluginPropertiesModelBuilder$Companion$maybeRegister$1: loaded 4 times (x 77B)
Class com.intellij.gradle.toolingExtension.impl.util.javaPluginUtil.JavaPluginUtil    : loaded 4 times (x 73B)
Class com.android.ide.gradle.model.builder.LegacyAndroidGradlePluginPropertiesModelBuilder$Companion: loaded 4 times (x 73B)
Class com.intellij.gradle.toolingExtension.impl.model.dependencyModel.auxiliary.AuxiliaryConfigurationArtifacts: loaded 4 times (x 76B)
Class kotlin.comparisons.ComparisonsKt___ComparisonsJvmKt                             : loaded 4 times (x 73B)
Class org.gradle.tooling.internal.adapter.ProtocolToModelAdapter$MixInMappingAction   : loaded 4 times (x 82B)
Class kotlin.text.MatcherMatchResult                                                  : loaded 4 times (x 82B)
Class com.intellij.gradle.toolingExtension.impl.javaModel.manifestModel.JavaGradleManifestModelBuilder: loaded 4 times (x 88B)
Class org.jetbrains.kotlin.idea.gradleTooling.KotlinDslScriptTaskModelBuilder$Companion: loaded 4 times (x 73B)
Class kotlin.sequences.FlatteningSequence                                             : loaded 4 times (x 77B)
Class com.google.gson.GsonBuilder                                                     : loaded 4 times (x 74B)
Class kotlin.sequences.SequenceBuilderIterator                                        : loaded 4 times (x 87B)
Class org.jetbrains.plugins.gradle.tooling.util.StringUtils                           : loaded 4 times (x 73B)
Class org.jetbrains.plugins.gradle.tooling.MessageReportBuilder                       : loaded 4 times (x 72B)
Class com.intellij.gradle.toolingExtension.impl.model.sourceSetModel.GradleSourceSetModelBuilder$2: loaded 4 times (x 85B)
Class com.google.gson.internal.bind.DefaultDateTypeAdapter                            : loaded 4 times (x 76B)
Class org.jetbrains.kotlin.tooling.core.HasExtras                                     : loaded 4 times (x 72B)
Class kotlin.io.FileSystemException                                                   : loaded 4 times (x 84B)
Class org.jetbrains.kotlin.idea.gradleTooling.reflect.KotlinExtensionReflection$Companion: loaded 4 times (x 73B)
Class org.jetbrains.kotlin.idea.gradleTooling.reflect.KotlinExtensionReflection       : loaded 4 times (x 74B)
Class com.intellij.gradle.toolingExtension.impl.model.sourceSetModel.GradleSourceSetModelBuilder: loaded 4 times (x 88B)
Class org.jetbrains.kotlin.idea.gradleTooling.model.samWithReceiver.SamWithReceiverModelBuilderService: loaded 4 times (x 87B)
Class com.intellij.gradle.toolingExtension.impl.util.javaPluginUtil.JavaPluginAccessor: loaded 4 times (x 72B)
Class org.jetbrains.kotlin.idea.gradleTooling.ModelBuilderUtilsKt                     : loaded 4 times (x 73B)
Class com.google.common.collect.ByFunctionOrdering                                    : loaded 4 times (x 117B)
Class com.google.gson.Gson$FutureTypeAdapter                                          : loaded 4 times (x 78B)
Class ijKotlinCoroutineJvmDebugInit1_20z0uqriqa231u158ejmvmke1                        : loaded 4 times (x 173B)
Class kotlin.coroutines.EmptyCoroutineContext                                         : loaded 4 times (x 79B)
Class org.gradle.internal.time.Time                                                   : loaded 4 times (x 73B)
Class com.google.gson.internal.bind.MapTypeAdapterFactory$Adapter                     : loaded 4 times (x 76B)
Class com.google.gson.internal.sql.SqlTimeTypeAdapter$1                               : loaded 4 times (x 77B)
Class com.google.gson.internal.bind.ObjectTypeAdapter$1                               : loaded 4 times (x 78B)
Class com.google.gson.JsonNull                                                        : loaded 4 times (x 94B)
Class com.google.gson.internal.bind.TypeAdapters$29                                   : loaded 4 times (x 78B)
Class com.google.gson.internal.bind.MapTypeAdapterFactory                             : loaded 4 times (x 77B)
Class kotlin.io.TerminateException                                                    : loaded 4 times (x 84B)
Class kotlin.io.FilesKt__FilePathComponentsKt                                         : loaded 4 times (x 73B)
Class org.jetbrains.plugins.gradle.tooling.AbstractModelBuilderService                : loaded 4 times (x 88B)
Class com.google.gson.internal.Streams$AppendableWriter                               : loaded 4 times (x 101B)
Class com.google.gson.internal.bind.TypeAdapters$9                                    : loaded 4 times (x 77B)
Class org.gradle.tooling.internal.gradle.GradleBuildIdentity                          : loaded 4 times (x 72B)
Class com.google.gson.stream.JsonReader                                               : loaded 4 times (x 99B)
Class com.google.common.base.CharMatcher                                              : loaded 4 times (x 114B)
Class org.jetbrains.plugins.gradle.tooling.builder.EarModelBuilderImpl                : loaded 4 times (x 88B)
Class com.android.ide.gradle.model.builder.LegacyAndroidGradlePluginPropertiesModelBuilder$Companion$maybeRegister$2: loaded 4 times (x 77B)
Class org.jetbrains.kotlin.idea.gradleTooling.model.parcelize.ParcelizeModelBuilderService: loaded 4 times (x 83B)
Class JetGradlePlugin                                                                 : loaded 4 times (x 98B)
Class org.jetbrains.plugins.gradle.tooling.ModelBuilderService$ParameterizedModelBuilderService: loaded 4 times (x 72B)
Class com.google.gson.Gson$5                                                          : loaded 4 times (x 78B)
Class org.jetbrains.plugins.gradle.tooling.builder.ProjectExtensionsDataBuilderImpl   : loaded 4 times (x 80B)
Class kotlin.text.StringsKt__StringsKt                                                : loaded 4 times (x 73B)
Class org.gradle.internal.time.TimeSource$1                                           : loaded 4 times (x 79B)
Class kotlin.jvm.internal.DefaultConstructorMarker                                    : loaded 4 times (x 73B)
Class org.gradle.tooling.model.kotlin.dsl.KotlinDslScriptModel                        : loaded 4 times (x 72B)
Class org.gradle.tooling.internal.adapter.CollectionMapper                            : loaded 4 times (x 75B)
Class [Lkotlin.coroutines.intrinsics.CoroutineSingletons;                             : loaded 4 times (x 71B)
Class org.jetbrains.kotlin.tooling.core.InternerImpl                                  : loaded 4 times (x 78B)
Class com.google.gson.internal.bind.TypeAdapters$8                                    : loaded 4 times (x 77B)
Class org.gradle.tooling.model.gradle.GradleBuild                                     : loaded 4 times (x 72B)
Class com.google.gson.internal.bind.CollectionTypeAdapterFactory$Adapter              : loaded 4 times (x 76B)
Class org.gradle.tooling.model.kotlin.dsl.KotlinDslScriptsModel                       : loaded 4 times (x 72B)
Class org.gradle.tooling.model.ProjectModel                                           : loaded 4 times (x 72B)
Class org.gradle.internal.time.TimeSource                                             : loaded 4 times (x 72B)
Class kotlin.coroutines.intrinsics.CoroutineSingletons                                : loaded 4 times (x 81B)
Class com.android.ide.gradle.model.dependencies.DeclaredDependenciesImpl              : loaded 4 times (x 78B)
Class org.gradle.tooling.model.idea.IdeaDependencyScope                               : loaded 4 times (x 72B)
Class com.intellij.gradle.toolingExtension.impl.modelBuilder.DefaultMessageReporter   : loaded 4 times (x 77B)
Class com.android.ide.gradle.model.composites.BuildMapImpl                            : loaded 4 times (x 77B)
Class com.android.ide.common.repository.AgpVersion$PreviewKind                        : loaded 4 times (x 81B)
Class com.android.builder.model.v2.models.ProjectGraph                                : loaded 4 times (x 72B)
Class com.google.gson.ReflectionAccessFilter$FilterResult                             : loaded 4 times (x 81B)
Class com.intellij.gradle.toolingExtension.impl.model.buildScriptClasspathModel.GradleBuildScriptClasspathSerializationService$1: loaded 4 times (x 78B)
Class com.google.gson.internal.sql.SqlDateTypeAdapter                                 : loaded 4 times (x 76B)
Class com.google.common.collect.ExplicitOrdering                                      : loaded 4 times (x 117B)
Class org.gradle.tooling.model.gradle.GradleScript                                    : loaded 4 times (x 72B)
Class com.intellij.gradle.toolingExtension.impl.model.utilTurnOffDefaultTasksModel.DefaultTurnOffDefaultTasks: loaded 4 times (x 73B)
Class com.intellij.gradle.toolingExtension.impl.model.dependencyGraphModel.GradleDependencyGraphModelBuilder: loaded 4 times (x 84B)
Class org.jetbrains.kotlin.tooling.core.KotlinToolingVersion                          : loaded 4 times (x 77B)
Class org.jetbrains.plugins.gradle.tooling.builder.WarModelBuilderImpl                : loaded 4 times (x 88B)
Class com.google.gson.internal.bind.DefaultDateTypeAdapter$DateType                   : loaded 4 times (x 75B)
Class com.google.gson.internal.bind.TypeAdapters$7                                    : loaded 4 times (x 77B)
Class com.google.gson.annotations.SerializedName                                      : loaded 4 times (x 72B)
Class com.intellij.gradle.toolingExtension.impl.util.collectionUtil.GradleCollectionVisitor: loaded 4 times (x 72B)
Class org.jetbrains.plugins.gradle.tooling.builder.AnnotationProcessingModelBuilder   : loaded 4 times (x 88B)
Class kotlin.collections.AbstractList$SubList                                         : loaded 4 times (x 200B)
Class com.google.common.base.CharMatcher$IsEither                                     : loaded 4 times (x 114B)
Class com.google.gson.internal.reflect.ReflectionHelper$RecordSupportedHelper         : loaded 4 times (x 80B)
Class com.intellij.gradle.toolingExtension.impl.model.sourceSetModel.GradleSourceSetModelBuilder$1: loaded 4 times (x 85B)
Class org.jetbrains.kotlin.idea.gradleTooling.model.parcelize.ParcelizeGradleModel    : loaded 4 times (x 72B)
Class org.jetbrains.kotlin.idea.gradleTooling.AbstractKotlinGradleModelBuilder        : loaded 4 times (x 83B)
Class kotlin.sequences.FilteringSequence$iterator$1                                   : loaded 4 times (x 81B)
Class org.jetbrains.kotlin.tooling.core.InternerImpl$Store                            : loaded 4 times (x 72B)
Class com.intellij.gradle.toolingExtension.impl.modelBuilder.ExtraModelBuilder        : loaded 4 times (x 87B)
Class [Lcom.google.gson.LongSerializationPolicy;                                      : loaded 4 times (x 71B)
Class kotlin.io.FilesKt__FileTreeWalkKt                                               : loaded 4 times (x 73B)
Class com.google.common.base.CharMatcher$NamedFastMatcher                             : loaded 4 times (x 115B)
Class com.google.common.base.CharMatcher$1                                            : loaded 4 times (x 116B)
Class org.jetbrains.plugins.gradle.tooling.util.GradleContainerUtil                   : loaded 4 times (x 73B)
Class ijJvmDebugger1_6j99ea9ls3bzow9f8o8x5bpmw                                        : loaded 4 times (x 173B)
Class com.android.ide.gradle.model.builder.LegacyAndroidGradlePluginPropertiesModelBuilder$Companion$maybeRegister$3: loaded 4 times (x 77B)
Class com.google.gson.LongSerializationPolicy                                         : loaded 4 times (x 82B)
Class org.jetbrains.kotlin.idea.gradleTooling.PrepareKotlinIdeaImportTaskModelBuilder$KotlinNativePlatformDependenciesKt: loaded 4 times (x 73B)
Class com.google.gson.internal.ConstructorConstructor                                 : loaded 4 times (x 74B)
Class org.gradle.tooling.internal.adapter.ProtocolToModelAdapter                      : loaded 4 times (x 82B)
Class com.intellij.gradle.toolingExtension.impl.model.buildScriptClasspathModel.GradleBuildScriptClasspathModelBuilder: loaded 4 times (x 88B)
Class com.google.gson.internal.bind.ReflectiveTypeAdapterFactory$1                    : loaded 4 times (x 76B)
Class org.gradle.internal.time.CountdownTimer                                         : loaded 4 times (x 72B)
Class org.gradle.internal.exceptions.MultiCauseException                              : loaded 4 times (x 72B)
Class kotlin.coroutines.intrinsics.IntrinsicsKt                                       : loaded 4 times (x 73B)
Class kotlin.jvm.internal.markers.KMutableCollection                                  : loaded 4 times (x 72B)
Class com.google.gson.Gson$4                                                          : loaded 4 times (x 78B)
Class kotlin.collections.EmptyMap                                                     : loaded 4 times (x 110B)
Class com.google.common.base.CharMatcher$IsNot                                        : loaded 4 times (x 114B)
Class com.google.gson.internal.bind.TypeAdapters$6                                    : loaded 4 times (x 77B)
Class com.google.gson.internal.bind.TypeAdapters$19                                   : loaded 4 times (x 77B)
Class kotlin.text.Regex$Companion                                                     : loaded 4 times (x 73B)
Class com.google.gson.internal.bind.ReflectiveTypeAdapterFactory$FieldReflectionAdapter: loaded 4 times (x 79B)
Class org.gradle.internal.time.DefaultTimer                                           : loaded 4 times (x 82B)
Class com.google.gson.internal.bind.DefaultDateTypeAdapter$1                          : loaded 4 times (x 77B)
Class com.google.gson.internal.bind.ReflectiveTypeAdapterFactory$2                    : loaded 4 times (x 80B)
Class com.google.common.base.CharMatcher$And                                          : loaded 4 times (x 115B)
Class org.gradle.tooling.internal.adapter.MethodInvoker                               : loaded 4 times (x 72B)
Class com.intellij.gradle.toolingExtension.impl.model.utilDummyModel.DefaultDummyModel: loaded 4 times (x 75B)
Class kotlin.text.MatcherMatchResult$groups$1                                         : loaded 4 times (x 153B)
Class com.intellij.gradle.toolingExtension.impl.model.taskModel.DefaultGradleTaskModel: loaded 4 times (x 77B)
Class com.android.ide.gradle.model.artifacts.builder.AdditionalClassifierArtifactsModelBuilder: loaded 4 times (x 81B)
Class com.google.gson.FieldNamingPolicy$7                                             : loaded 4 times (x 87B)
Class com.google.gson.internal.bind.TypeAdapters$27                                   : loaded 4 times (x 77B)
Class com.google.gson.internal.reflect.ReflectionHelper                               : loaded 4 times (x 73B)
Class com.android.builder.model.v2.models.VariantDependenciesAdjacencyList            : loaded 4 times (x 72B)
Class com.intellij.gradle.toolingExtension.impl.model.dependencyModel.auxiliary.AuxiliaryArtifactResolverImpl: loaded 4 times (x 78B)
Class com.android.ide.gradle.model.builder.LegacyAndroidGradlePluginPropertiesModelBuilder$PluginType: loaded 4 times (x 81B)
Class org.gradle.internal.time.Clock                                                  : loaded 4 times (x 72B)
Class org.jetbrains.kotlin.idea.gradleTooling.OrphanSourceSetImportingChecker         : loaded 4 times (x 76B)
Class org.gradle.tooling.model.BuildModel                                             : loaded 4 times (x 72B)
Class com.google.gson.internal.bind.ReflectiveTypeAdapterFactory$RecordAdapter        : loaded 4 times (x 79B)
Class com.google.gson.internal.bind.JsonAdapterAnnotationTypeAdapterFactory           : loaded 4 times (x 77B)
Class org.jetbrains.kotlin.idea.gradleTooling.KotlinMPPGradleModelBuilder$Companion   : loaded 4 times (x 73B)
Class com.intellij.gradle.toolingExtension.impl.model.projectModel.GradleExternalProjectModelBuilder: loaded 4 times (x 88B)
Class kotlin.text.StringsKt__RegexExtensionsKt                                        : loaded 4 times (x 73B)
Class org.gradle.tooling.internal.adapter.ProtocolToModelAdapter$ViewKey              : loaded 4 times (x 74B)
Class org.jetbrains.plugins.gradle.tooling.serialization.RepositoriesModelSerializationService$1: loaded 4 times (x 78B)
Class com.google.gson.ToNumberStrategy                                                : loaded 4 times (x 72B)
Class com.google.gson.TypeAdapter                                                     : loaded 4 times (x 75B)
Class com.android.builder.model.v2.models.VariantDependencies                         : loaded 4 times (x 72B)
Class kotlin.text.StringsKt__StringBuilderKt                                          : loaded 4 times (x 73B)
Class com.android.ide.gradle.model.builder.LegacyAndroidGradlePluginPropertiesModelBuilder$Companion$maybeRegister$4: loaded 4 times (x 77B)
Class org.gradle.tooling.model.build.GradleEnvironment                                : loaded 4 times (x 72B)
Class kotlin.text.StringsKt__RegexExtensionsJVMKt                                     : loaded 4 times (x 73B)
Class org.jetbrains.plugins.gradle.model.web.WebConfiguration                         : loaded 4 times (x 72B)
Class org.gradle.tooling.internal.adapter.ProtocolToModelAdapter$InvocationHandlerImpl: loaded 4 times (x 79B)
Class com.google.gson.internal.bind.TypeAdapters$5                                    : loaded 4 times (x 77B)
Class com.google.gson.internal.bind.TypeAdapters$18                                   : loaded 4 times (x 77B)
Class kotlin.text.StringsKt___StringsKt                                               : loaded 4 times (x 73B)
Class com.google.gson.internal.bind.SerializationDelegatingTypeAdapter                : loaded 4 times (x 76B)
Class com.google.gson.FieldNamingPolicy$6                                             : loaded 4 times (x 87B)
Class com.google.gson.internal.bind.TypeAdapters$26                                   : loaded 4 times (x 77B)
Class com.google.gson.internal.bind.ArrayTypeAdapter                                  : loaded 4 times (x 76B)
Class com.google.gson.annotations.JsonAdapter                                         : loaded 4 times (x 72B)
Class org.jetbrains.plugins.gradle.tooling.internal.DefaultRepositoryModels           : loaded 4 times (x 78B)
Class org.jetbrains.kotlin.idea.gradleTooling.model.lombok.LombokModel                : loaded 4 times (x 72B)
Class org.jetbrains.kotlin.idea.gradleTooling.reflect.ReflectionLogger                : loaded 4 times (x 72B)
Class com.google.common.collect.AllEqualOrdering                                      : loaded 4 times (x 116B)
Class org.jetbrains.plugins.gradle.tooling.builder.ProjectExtensionsDataBuilderImpl$Companion: loaded 4 times (x 73B)
Class com.intellij.gradle.toolingExtension.impl.util.GradleProjectUtil                : loaded 4 times (x 73B)
Class com.google.common.collect.NullsFirstOrdering                                    : loaded 4 times (x 117B)
Class com.android.ide.common.repository.AgpVersion                                    : loaded 4 times (x 77B)
Class kotlin.jvm.internal.KotlinGenericDeclaration                                    : loaded 4 times (x 72B)
Class com.google.gson.JsonObject                                                      : loaded 4 times (x 95B)
Class kotlin.ResultKt                                                                 : loaded 4 times (x 73B)
Class com.google.common.collect.LexicographicalOrdering                               : loaded 4 times (x 117B)
Class org.gradle.tooling.internal.adapter.ProtocolToModelAdapter$PropertyCachingMethodInvoker: loaded 4 times (x 78B)
Class com.google.common.collect.ForwardingCollection                                  : loaded 4 times (x 132B)
Class com.google.common.collect.CompoundOrdering                                      : loaded 4 times (x 117B)
Class com.intellij.gradle.toolingExtension.impl.util.javaPluginUtil.ExtensionJavaPluginAccessor: loaded 4 times (x 84B)
Class kotlin.coroutines.jvm.internal.RestrictedSuspendLambda                          : loaded 4 times (x 93B)
Class org.gradle.tooling.internal.adapter.TypeInspector                               : loaded 4 times (x 75B)
Class org.gradle.tooling.internal.adapter.ProtocolToModelAdapter$NoOpDecoration       : loaded 4 times (x 81B)
Class org.jetbrains.kotlin.tooling.core.HasMutableExtras                              : loaded 4 times (x 72B)
Class org.jetbrains.kotlin.idea.gradleTooling.model.lombok.LombokModelBuilderService  : loaded 4 times (x 89B)
Class JetGradlePlugin$_apply_closure1                                                 : loaded 4 times (x 141B)
Class org.gradle.tooling.model.Element                                                : loaded 4 times (x 72B)
Class org.jetbrains.plugins.gradle.model.DefaultFileCollectionDependency              : loaded 4 times (x 112B)
Class com.google.common.collect.NullsLastOrdering                                     : loaded 4 times (x 117B)
Class org.jetbrains.plugins.gradle.tooling.ModelBuilderService$Ex                     : loaded 4 times (x 72B)
Class com.intellij.openapi.externalSystem.model.project.dependencies.ComponentDependencies: loaded 4 times (x 72B)
Class kotlin.io.FilesKt__FileReadWriteKt                                              : loaded 4 times (x 73B)
Class kotlin.text.StringsKt__StringNumberConversionsKt                                : loaded 4 times (x 73B)
Class org.gradle.tooling.model.BuildIdentifier                                        : loaded 4 times (x 72B)
Class com.google.gson.internal.bind.NumberTypeAdapter                                 : loaded 4 times (x 76B)
Class com.android.ide.gradle.model.builder.LegacyAndroidGradlePluginPropertiesModelBuilder$Companion$maybeRegister$5: loaded 4 times (x 77B)
Class org.jetbrains.kotlin.idea.gradleTooling.reflect.GradleReflectionLogger          : loaded 4 times (x 77B)
Class com.google.gson.internal.bind.TypeAdapters$4                                    : loaded 4 times (x 77B)
Class org.gradle.tooling.model.Dependency                                             : loaded 4 times (x 72B)
Class com.google.gson.internal.bind.TypeAdapters$17                                   : loaded 4 times (x 77B)
Class org.gradle.internal.time.MonotonicClock                                         : loaded 4 times (x 79B)
Class org.gradle.api.JavaVersion                                                      : loaded 4 times (x 81B)
Class org.jetbrains.kotlin.idea.gradleTooling.MultiplatformModelImportingChecker      : loaded 4 times (x 72B)
Class org.jetbrains.plugins.gradle.tooling.builder.DependencyAccessorsModelBuilder    : loaded 4 times (x 83B)
Class com.android.builder.model.v2.models.ProjectSyncIssues                           : loaded 4 times (x 72B)
Class com.intellij.gradle.toolingExtension.impl.util.GradleIdeaPluginUtil             : loaded 4 times (x 73B)
Class kotlin.Result$Failure                                                           : loaded 4 times (x 74B)
Class org.gradle.internal.time.DefaultCountdownTimer                                  : loaded 4 times (x 90B)
Class kotlin.jvm.internal.markers.KMutableList                                        : loaded 4 times (x 72B)
Class com.android.ide.gradle.model.impl.GradlePluginModelImpl$Companion               : loaded 4 times (x 73B)
Class kotlin.text.MatchNamedGroupCollection                                           : loaded 4 times (x 72B)
Class org.jetbrains.kotlin.idea.gradleTooling.model.assignment.AssignmentModel        : loaded 4 times (x 72B)
Class com.google.gson.FieldNamingPolicy$5                                             : loaded 4 times (x 87B)
Class com.google.gson.internal.bind.TypeAdapters$25                                   : loaded 4 times (x 77B)
Class com.google.common.collect.UsingToStringOrdering                                 : loaded 4 times (x 116B)
Class com.google.gson.Gson$3                                                          : loaded 4 times (x 77B)
Class org.gradle.tooling.internal.adapter.ProtocolToModelAdapter$ReflectionMethodInvoker: loaded 4 times (x 78B)
Class com.google.gson.internal.bind.ReflectiveTypeAdapterFactory$BoundField           : loaded 4 times (x 77B)
Class com.google.gson.internal.reflect.ReflectionHelper$RecordNotSupportedHelper      : loaded 4 times (x 80B)
Class [Lcom.intellij.openapi.externalSystem.model.project.IExternalSystemSourceType;  : loaded 4 times (x 71B)
Class com.google.gson.JsonIOException                                                 : loaded 4 times (x 84B)
Class org.gradle.tooling.model.BuildableElement                                       : loaded 4 times (x 72B)
Class org.gradle.tooling.model.HasGradleProject                                       : loaded 4 times (x 72B)
Class ijJvmDebugger1_6j99ea9ls3bzow9f8o8x5bpmw$_run_closure1$_closure2                : loaded 4 times (x 141B)
Class kotlin.io.FilesKt                                                               : loaded 4 times (x 73B)
Class com.google.gson.FieldNamingPolicy$4                                             : loaded 4 times (x 87B)
Class org.gradle.tooling.internal.adapter.ProtocolToModelAdapter$ViewDecoration       : loaded 4 times (x 72B)
Class com.android.ide.gradle.model.builder.GradlePropertiesModelBuilder               : loaded 4 times (x 77B)
Class com.intellij.gradle.toolingExtension.impl.model.sourceSetArtifactIndex.GradleSourceSetArtifactModel: loaded 4 times (x 78B)
Class com.google.gson.ToNumberPolicy$1                                                : loaded 4 times (x 85B)
Class [Lcom.google.gson.FieldNamingStrategy;                                          : loaded 4 times (x 71B)
Class com.google.gson.internal.sql.SqlTypesSupport$2                                  : loaded 4 times (x 76B)
Class org.jetbrains.plugins.gradle.tooling.builder.ProjectRepositoriesModelBuilder    : loaded 4 times (x 80B)
Class com.google.gson.internal.bind.TypeAdapters$3                                    : loaded 4 times (x 77B)
Class com.intellij.openapi.externalSystem.model.project.dependencies.UnknownDependencyNode: loaded 4 times (x 89B)
Class com.intellij.gradle.toolingExtension.impl.model.sourceSetModel.GradleSourceSetResolutionContext: loaded 4 times (x 75B)
Class org.gradle.tooling.internal.adapter.ProtocolToModelAdapter$AdaptingMethodInvoker: loaded 4 times (x 78B)
Class org.gradle.tooling.internal.gradle.DefaultBuildIdentifier                       : loaded 4 times (x 81B)
Class com.google.gson.internal.ObjectConstructor                                      : loaded 4 times (x 72B)
Class com.google.gson.internal.bind.TypeAdapters$24                                   : loaded 4 times (x 77B)
Class com.google.gson.internal.Excluder                                               : loaded 4 times (x 77B)
Class com.google.common.base.CharMatcher$InRange                                      : loaded 4 times (x 114B)
Class com.android.builder.model.v2.models.Versions$Version                            : loaded 4 times (x 72B)
Class com.google.gson.internal.bind.TypeAdapters$16                                   : loaded 4 times (x 77B)
Class com.intellij.gradle.toolingExtension.impl.model.dependencyModel.GradleDependencyTraverser: loaded 4 times (x 82B)
Class org.jetbrains.kotlin.idea.gradleTooling.KotlinGradleModelImpl                   : loaded 4 times (x 87B)
Class com.intellij.gradle.toolingExtension.impl.model.sourceSetDependencyModel.DefaultGradleSourceSetDependencyModel: loaded 4 times (x 79B)
Class org.jetbrains.kotlin.idea.gradleTooling.AbstractKotlinGradleModelBuilder$Companion: loaded 4 times (x 73B)
Class org.gradle.tooling.model.GradleProject                                          : loaded 4 times (x 72B)
Class com.google.common.collect.ReverseOrdering                                       : loaded 4 times (x 117B)
Class com.intellij.openapi.externalSystem.model.project.dependencies.ArtifactDependencyNodeImpl: loaded 4 times (x 97B)
Class kotlin.coroutines.jvm.internal.RestrictedContinuationImpl                       : loaded 4 times (x 89B)
Class org.gradle.util.internal.DefaultGradleVersion$Stage                             : loaded 4 times (x 77B)
Class com.intellij.gradle.toolingExtension.impl.model.dependencyModel.GradleDependencyResolver: loaded 4 times (x 74B)
Class org.jetbrains.plugins.gradle.tooling.ModelBuilderContext$DataProvider           : loaded 4 times (x 72B)
Class com.android.builder.model.v2.models.VariantDependenciesFlatList                 : loaded 4 times (x 72B)
Class org.jetbrains.plugins.gradle.tooling.serialization.ToolingStreamApiUtilsKt      : loaded 4 times (x 73B)
Class kotlin.io.FileAlreadyExistsException                                            : loaded 4 times (x 84B)
Class com.intellij.openapi.externalSystem.model.project.dependencies.ProjectDependencyNode: loaded 4 times (x 72B)
Class org.jetbrains.plugins.gradle.model.ModelFactory                                 : loaded 4 times (x 73B)
Class org.gradle.tooling.internal.adapter.TargetTypeProvider                          : loaded 4 times (x 72B)
Class kotlin.text.StringsKt___StringsJvmKt                                            : loaded 4 times (x 73B)
Class com.google.gson.stream.MalformedJsonException                                   : loaded 4 times (x 84B)
Class org.gradle.tooling.internal.adapter.ProtocolToModelAdapter$1                    : loaded 4 times (x 77B)
Class com.google.gson.FieldNamingPolicy$3                                             : loaded 4 times (x 87B)
Class org.gradle.tooling.model.build.JavaEnvironment                                  : loaded 4 times (x 72B)
Class org.gradle.tooling.GradleConnectionException                                    : loaded 4 times (x 85B)
Class org.gradle.tooling.internal.adapter.WeakIdentityHashMap                         : loaded 4 times (x 78B)
Class org.jetbrains.plugins.gradle.tooling.builder.IntelliJSettingsBuilder            : loaded 4 times (x 80B)
Class kotlin.coroutines.jvm.internal.DebugProbesKt                                    : loaded 4 times (x 73B)
Class kotlin.text.Regex                                                               : loaded 4 times (x 74B)
Class com.google.gson.internal.bind.TypeAdapters$23                                   : loaded 4 times (x 77B)
Class ijKotlinCoroutineJvmDebugInit1_20z0uqriqa231u158ejmvmke1$_run_closure1          : loaded 4 times (x 140B)
Class kotlin.text.StringsKt                                                           : loaded 4 times (x 73B)
Class org.gradle.tooling.model.eclipse.HierarchicalEclipseProject                     : loaded 4 times (x 72B)
Class kotlin.sequences.SequencesKt__SequenceBuilderKt$sequence$$inlined$Sequence$1    : loaded 4 times (x 77B)
Class kotlin.Triple                                                                   : loaded 4 times (x 74B)
Class kotlin.annotation.Retention                                                     : loaded 4 times (x 72B)
Class com.google.gson.internal.ReflectionAccessFilterHelper                           : loaded 4 times (x 73B)
Class com.intellij.gradle.toolingExtension.impl.model.dependencyGraphModel.GradleDependencyReportGenerator: loaded 4 times (x 75B)
Class com.google.gson.internal.reflect.ReflectionHelper$RecordHelper                  : loaded 4 times (x 77B)
Class com.google.gson.ToNumberPolicy$2                                                : loaded 4 times (x 85B)
Class org.jetbrains.kotlin.tooling.core.Extras                                        : loaded 4 times (x 72B)
Class com.google.gson.internal.sql.SqlTypesSupport$1                                  : loaded 4 times (x 76B)
Class com.google.gson.internal.bind.TypeAdapters$15                                   : loaded 4 times (x 77B)
Class com.google.gson.internal.bind.TypeAdapters$2                                    : loaded 4 times (x 77B)
Class org.jetbrains.kotlin.idea.gradleTooling.PrepareKotlinIdeaImportTaskModelBuilder$Messages: loaded 4 times (x 73B)
Class com.google.gson.Strictness                                                      : loaded 4 times (x 81B)
Class org.jetbrains.plugins.gradle.model.AbstractExternalDependency                   : loaded 4 times (x 108B)
Class org.jetbrains.plugins.gradle.tooling.util.BiFunction                            : loaded 4 times (x 72B)
Class org.jetbrains.kotlin.idea.gradleTooling.model.kapt.KaptGradleModelImpl          : loaded 4 times (x 79B)
Class kotlin.collections.EmptySet                                                     : loaded 4 times (x 124B)
Class kotlin.coroutines.CoroutineContext                                              : loaded 4 times (x 72B)
Class com.google.gson.internal.Excluder$1                                             : loaded 4 times (x 76B)
Class com.google.gson.FieldNamingPolicy$2                                             : loaded 4 times (x 87B)
Class com.google.gson.internal.bind.TypeAdapters$22                                   : loaded 4 times (x 77B)
Class org.gradle.tooling.internal.adapter.ViewBuilder                                 : loaded 4 times (x 72B)
Class com.intellij.gradle.toolingExtension.impl.model.sourceSetModel.DefaultGradleSourceSetModel: loaded 4 times (x 83B)
Class com.intellij.gradle.toolingExtension.impl.model.taskModel.GradleTaskModelBuilder: loaded 4 times (x 88B)
Class kotlin.collections.CollectionsKt___CollectionsKt$asSequence$$inlined$Sequence$1 : loaded 4 times (x 77B)
Class com.android.ide.gradle.model.builder.LegacyV1AgpVersionModelBuilder             : loaded 4 times (x 77B)
Class org.gradle.tooling.model.idea.IdeaModuleDependency                              : loaded 4 times (x 72B)
Class org.jetbrains.kotlin.idea.gradleTooling.model.annotation.AnnotationBasedPluginModelBuilderService: loaded 4 times (x 87B)
Class org.jetbrains.plugins.gradle.model.ear.EarConfiguration                         : loaded 4 times (x 72B)
Class com.android.utils.FileUtils                                                     : loaded 4 times (x 73B)
Class org.gradle.tooling.internal.gradle.GradleProjectIdentity                        : loaded 4 times (x 72B)
Class [Lcom.google.gson.ToNumberPolicy;                                               : loaded 4 times (x 71B)
Class com.google.gson.ToNumberPolicy                                                  : loaded 4 times (x 85B)
Class org.gradle.internal.exceptions.NonGradleCauseExceptionsHolder                   : loaded 4 times (x 72B)
Class com.intellij.gradle.toolingExtension.impl.model.repositoryModel.DefaultProjectRepositoriesModel: loaded 4 times (x 78B)
Class com.android.ide.gradle.model.builder.AndroidStudioToolingPlugin                 : loaded 4 times (x 77B)
Class kotlin.annotation.Target                                                        : loaded 4 times (x 72B)
Class kotlin.text.StringsKt__StringBuilderJVMKt                                       : loaded 4 times (x 73B)
Class org.jetbrains.plugins.gradle.model.DefaultUnresolvedExternalDependency          : loaded 4 times (x 113B)
Class org.gradle.internal.time.Timer                                                  : loaded 4 times (x 72B)
Class org.gradle.tooling.model.internal.ImmutableDomainObjectSet                      : loaded 4 times (x 157B)
Class com.google.gson.internal.bind.ReflectiveTypeAdapterFactory$FieldsData           : loaded 4 times (x 74B)
Class com.intellij.gradle.toolingExtension.impl.model.buildScriptClasspathModel.GradleBuildScriptClasspathCache: loaded 4 times (x 77B)
Class org.jetbrains.kotlin.idea.gradleTooling.model.samWithReceiver.SamWithReceiverModel: loaded 4 times (x 72B)
Class com.google.gson.ToNumberPolicy$3                                                : loaded 4 times (x 85B)
Class com.google.gson.LongSerializationPolicy$1                                       : loaded 4 times (x 82B)
Class org.jetbrains.kotlin.idea.gradleTooling.reflect.KotlinSwiftExportReflection     : loaded 4 times (x 72B)
Class com.android.ide.gradle.model.impl.GradlePluginModelImpl                         : loaded 4 times (x 81B)
Class com.intellij.gradle.toolingExtension.impl.model.dependencyDownloadPolicyModel.GradleDependencyDownloadPolicyBuilder: loaded 4 times (x 88B)
Class com.google.gson.internal.bind.TypeAdapters$14                                   : loaded 4 times (x 77B)
Class com.google.gson.internal.bind.TypeAdapters$1                                    : loaded 4 times (x 77B)
Class com.google.gson.internal.bind.NumberTypeAdapter$1                               : loaded 4 times (x 78B)
Class kotlin.sequences.TransformingSequence                                           : loaded 4 times (x 77B)
Class com.intellij.openapi.externalSystem.model.project.dependencies.ProjectDependenciesImpl: loaded 4 times (x 79B)
Class org.gradle.tooling.internal.adapter.MethodInvocation                            : loaded 4 times (x 87B)
Class com.google.common.base.CharMatcher$NegatedFastMatcher                           : loaded 4 times (x 116B)
Class org.gradle.internal.operations.MultipleBuildOperationFailures                   : loaded 4 times (x 97B)
Class com.google.gson.internal.bind.TypeAdapters$30                                   : loaded 4 times (x 78B)
Class com.google.gson.FieldNamingPolicy$1                                             : loaded 4 times (x 87B)
Class com.google.gson.internal.bind.TypeAdapters$21                                   : loaded 4 times (x 77B)
Class org.gradle.tooling.internal.adapter.WeakIdentityHashMap$AbsentValueProvider     : loaded 4 times (x 72B)
Class kotlin.text.StringsKt__StringNumberConversionsJVMKt                             : loaded 4 times (x 73B)
Class com.google.gson.internal.bind.JsonTreeReader                                    : loaded 4 times (x 99B)
Class org.jetbrains.plugins.gradle.model.DefaultExternalLibraryDependency             : loaded 4 times (x 113B)
Class com.google.gson.FieldNamingStrategy                                             : loaded 4 times (x 72B)
Class com.google.gson.JsonArray                                                       : loaded 4 times (x 102B)
Class org.gradle.tooling.ToolingModelContract                                         : loaded 4 times (x 72B)
Class org.jetbrains.plugins.gradle.tooling.internal.ClasspathEntryModelImpl           : loaded 4 times (x 82B)
Class kotlin.sequences.SequenceScope                                                  : loaded 4 times (x 75B)
Class com.android.builder.model.v2.models.BasicAndroidProject                         : loaded 4 times (x 72B)
Class com.intellij.gradle.toolingExtension.impl.model.dependencyModel.auxiliary.AuxiliaryArtifactResolver: loaded 4 times (x 72B)
Class com.android.ide.gradle.model.dependencies.DeclaredDependenciesModelBuilder$Companion: loaded 4 times (x 73B)
Class org.jetbrains.plugins.gradle.tooling.serialization.internal.adapter.InternalBuildIdentifier: loaded 4 times (x 77B)
Class kotlin.text.MatchResult                                                         : loaded 4 times (x 72B)
Class com.android.ide.gradle.model.dependencies.CoordinatesImpl                       : loaded 4 times (x 79B)
Class org.jetbrains.plugins.gradle.tooling.builder.EarModelBuilderImplKt              : loaded 4 times (x 73B)
Class com.google.common.collect.NaturalOrdering                                       : loaded 4 times (x 117B)
Class org.jetbrains.plugins.gradle.tooling.builder.MavenRepositoriesModelBuilder      : loaded 4 times (x 83B)
Class com.intellij.gradle.toolingExtension.impl.model.utilTurnOffDefaultTasksModel.TurnOffDefaultTasksModelBuilder: loaded 4 times (x 88B)
Class com.google.gson.TypeAdapterFactory                                              : loaded 4 times (x 72B)
Class kotlin.io.NoSuchFileException                                                   : loaded 4 times (x 84B)
Class ijKotlinCoroutineJvmDebugInit1_20z0uqriqa231u158ejmvmke1$_run_closure1$_closure2: loaded 4 times (x 140B)
Class kotlin.text.StringsKt__StringsJVMKt                                             : loaded 4 times (x 73B)
Class kotlin.io.FilesKt__UtilsKt                                                      : loaded 4 times (x 73B)
Class com.google.gson.Gson$2                                                          : loaded 4 times (x 78B)
Class com.google.common.base.CharMatcher$AnyOf                                        : loaded 4 times (x 115B)
Class com.google.gson.internal.bind.TypeAdapters$20                                   : loaded 4 times (x 77B)
Class com.google.gson.internal.bind.TypeAdapters$13                                   : loaded 4 times (x 77B)
Class org.gradle.tooling.model.idea.BasicIdeaProject                                  : loaded 4 times (x 72B)
Class com.google.common.collect.Lists$TransformingRandomAccessList                    : loaded 4 times (x 201B)
Class org.jetbrains.kotlin.idea.gradleTooling.KotlinMPPGradleModelBuilder             : loaded 4 times (x 88B)
Class com.intellij.gradle.toolingExtension.impl.model.dependencyDownloadPolicyModel.DefaultGradleDependencyDownloadPolicy: loaded 4 times (x 79B)
Class org.jetbrains.plugins.gradle.tooling.serialization.internal.adapter.InternalProjectIdentifier: loaded 4 times (x 78B)
Class org.jetbrains.kotlin.idea.gradleTooling.model.noarg.NoArgModel                  : loaded 4 times (x 72B)
Class [Lcom.intellij.openapi.externalSystem.model.project.ExternalSystemSourceType;   : loaded 4 times (x 71B)
Class com.intellij.gradle.toolingExtension.impl.model.dependencyModel.GradleDependencyTraverser$Itr: loaded 4 times (x 85B)
Class org.jetbrains.kotlin.idea.gradleTooling.KotlinMPPGradleModelBinaryBuilder       : loaded 4 times (x 88B)
Class kotlin.coroutines.Continuation                                                  : loaded 4 times (x 72B)
Class com.google.gson.LongSerializationPolicy$2                                       : loaded 4 times (x 82B)
Class kotlin.coroutines.jvm.internal.SpillingKt                                       : loaded 4 times (x 73B)
Class org.jetbrains.kotlin.idea.gradleTooling.PrepareKotlinIdeaImportTaskModelBuilder$Companion: loaded 4 times (x 73B)
Class org.jetbrains.plugins.gradle.tooling.ModelBuilderService                        : loaded 4 times (x 72B)
Class kotlin.comparisons.ComparisonsKt__ComparisonsKt                                 : loaded 4 times (x 73B)
Class com.android.builder.model.v2.models.AndroidProject                              : loaded 4 times (x 72B)
Class com.android.builder.model.v2.AndroidModel                                       : loaded 4 times (x 72B)
Class org.jetbrains.plugins.gradle.tooling.util.BooleanBiFunction                     : loaded 4 times (x 72B)
Class com.google.gson.internal.bind.JsonAdapterAnnotationTypeAdapterFactory$DummyTypeAdapterFactory: loaded 4 times (x 77B)
Class com.google.gson.internal.bind.TypeAdapters$31                                   : loaded 4 times (x 78B)
Class com.intellij.gradle.toolingExtension.impl.model.sourceSetArtifactIndex.GradleSourceSetArtifactIndex: loaded 4 times (x 80B)
Class org.jetbrains.kotlin.idea.gradleTooling.KotlinMPPGradleModelBinary              : loaded 4 times (x 72B)
Class com.google.gson.internal.bind.ArrayTypeAdapter$1                                : loaded 4 times (x 77B)
Class com.google.gson.internal.bind.JsonTreeWriter                                    : loaded 4 times (x 100B)
Class org.jetbrains.plugins.gradle.tooling.builder.WarModelBuilderImplKt              : loaded 4 times (x 73B)
Class org.gradle.tooling.internal.adapter.ProtocolToModelAdapter$ViewGraphDetails     : loaded 4 times (x 74B)
Class org.gradle.tooling.model.idea.IdeaProject                                       : loaded 4 times (x 72B)
Class ijJvmDebugger1_6j99ea9ls3bzow9f8o8x5bpmw$_run_closure1                          : loaded 4 times (x 140B)
Class kotlin.text.StringsKt__IndentKt                                                 : loaded 4 times (x 73B)
Class com.google.common.base.CharMatcher$ForPredicate                                 : loaded 4 times (x 115B)
Class [Lcom.google.gson.ToNumberStrategy;                                             : loaded 4 times (x 71B)
Class com.google.gson.internal.bind.TypeAdapters$12                                   : loaded 4 times (x 77B)
Class kotlin.coroutines.intrinsics.IntrinsicsKt__IntrinsicsKt                         : loaded 4 times (x 73B)
Class com.google.common.base.CharMatcher$FastMatcher                                  : loaded 4 times (x 114B)
Class com.google.gson.internal.sql.SqlTimeTypeAdapter                                 : loaded 4 times (x 76B)
Class com.google.gson.internal.bind.TreeTypeAdapter                                   : loaded 4 times (x 77B)
Class org.gradle.tooling.model.DomainObjectSet                                        : loaded 4 times (x 72B)
Class com.google.gson.ToNumberPolicy$4                                                : loaded 4 times (x 85B)
Class kotlin.collections.AbstractMutableList                                          : loaded 4 times (x 208B)
Class org.jetbrains.kotlin.idea.gradleTooling.PrepareKotlinIdeaImportTaskModelBuilder : loaded 4 times (x 88B)
Class kotlin.text.RegexKt                                                             : loaded 4 times (x 73B)
Class com.intellij.gradle.toolingExtension.impl.model.dependencyModel.GradleDependencyResolver$1: loaded 4 times (x 79B)
Class com.google.common.collect.ImmutableSortedAsList                                 : loaded 4 times (x 223B)
Class org.gradle.tooling.model.idea.IdeaDependency                                    : loaded 4 times (x 72B)
Class org.gradle.tooling.model.eclipse.EclipseProject                                 : loaded 4 times (x 72B)
Class com.intellij.gradle.toolingExtension.impl.javaModel.manifestModel.DefaultJavaGradleManifestModel: loaded 4 times (x 78B)
Class com.android.ide.gradle.model.dependencies.DeclaredDependenciesModelBuilder      : loaded 4 times (x 77B)
Class com.intellij.openapi.externalSystem.model.project.ExternalSystemSourceType      : loaded 4 times (x 87B)
Class com.google.gson.JsonSyntaxException                                             : loaded 4 times (x 84B)
Class org.jetbrains.kotlin.idea.gradleTooling.model.kapt.KaptModelBuilderService      : loaded 4 times (x 88B)
Class com.intellij.gradle.toolingExtension.impl.model.sourceSetArtifactIndex.GradleSourceSetArtifactIndexBuilder: loaded 4 times (x 88B)
Class com.google.gson.Gson$1                                                          : loaded 4 times (x 78B)
Class org.gradle.tooling.model.gradle.ProjectPublications                             : loaded 4 times (x 72B)
Class com.google.gson.FieldNamingPolicy                                               : loaded 4 times (x 87B)
Class com.google.gson.FormattingStyle                                                 : loaded 4 times (x 80B)
Class kotlin.collections.ArrayDeque                                                   : loaded 4 times (x 209B)
Class com.intellij.openapi.externalSystem.model.project.dependencies.ArtifactDependencyNode: loaded 4 times (x 72B)
Class kotlin.coroutines.jvm.internal.BaseContinuationImpl                             : loaded 4 times (x 89B)
Class kotlin.Result$Companion                                                         : loaded 4 times (x 73B)
Class org.gradle.util.internal.DefaultGradleVersion                                   : loaded 4 times (x 84B)
Class com.google.gson.internal.bind.TypeAdapters                                      : loaded 4 times (x 73B)
Class kotlin.sequences.FilteringSequence                                              : loaded 4 times (x 77B)
Class kotlin.comparisons.ComparisonsKt                                                : loaded 4 times (x 73B)
Class [Lcom.google.gson.FieldNamingPolicy;                                            : loaded 4 times (x 71B)
Class com.google.gson.internal.bind.TypeAdapters$11                                   : loaded 4 times (x 77B)
Class kotlin.sequences.FlatteningSequence$iterator$1                                  : loaded 4 times (x 81B)
Class com.android.ide.common.repository.AgpVersion$Companion                          : loaded 4 times (x 73B)
Class org.jetbrains.kotlin.idea.gradleTooling.model.allopen.AllOpenModelBuilderService: loaded 4 times (x 87B)
Class com.google.common.collect.ComparatorOrdering                                    : loaded 4 times (x 117B)
Class com.google.common.collect.Iterators$PeekingImpl                                 : loaded 4 times (x 87B)
Class org.gradle.tooling.internal.adapter.ObjectGraphAdapter                          : loaded 4 times (x 72B)
Class org.jetbrains.kotlin.idea.gradleTooling.model.allopen.AllOpenModel              : loaded 4 times (x 72B)
Class org.jetbrains.plugins.gradle.tooling.builder.ScalaModelBuilderImpl              : loaded 4 times (x 83B)
Class org.jetbrains.plugins.gradle.tooling.ModelBuilderContext                        : loaded 4 times (x 72B)
Class kotlin.text.StringsKt__AppendableKt                                             : loaded 4 times (x 73B)
Class com.android.ide.common.repository.AgpVersion$PreviewKind$Companion              : loaded 4 times (x 73B)
Class org.gradle.tooling.internal.adapter.ProtocolToModelAdapter$MethodInvocationCache$MethodInvocationKey: loaded 4 times (x 75B)
Class kotlin.coroutines.jvm.internal.CoroutineStackFrame                              : loaded 4 times (x 72B)
Class kotlin.coroutines.jvm.internal.SuspendFunction                                  : loaded 4 times (x 72B)
Class kotlin.coroutines.intrinsics.IntrinsicsKt__IntrinsicsJvmKt                      : loaded 4 times (x 73B)
Class org.jetbrains.plugins.gradle.tooling.builder.ExternalTestsModelBuilderImpl      : loaded 4 times (x 80B)
Class com.android.ide.gradle.model.dependencies.DeclaredDependenciesModelBuilderKt    : loaded 4 times (x 73B)
Class com.google.common.collect.ReverseNaturalOrdering                                : loaded 4 times (x 116B)
Class kotlin.text.MatcherMatchResult$groupValues$1                                    : loaded 4 times (x 200B)
Class com.google.gson.internal.bind.CollectionTypeAdapterFactory                      : loaded 4 times (x 77B)
Class kotlin.comparisons.ComparisonsKt___ComparisonsKt                                : loaded 4 times (x 73B)
Class org.jetbrains.kotlin.idea.gradleTooling.UtilsKt                                 : loaded 4 times (x 73B)
Class org.gradle.tooling.internal.adapter.ProtocolToModelAdapter$ViewGraphDetails$1   : loaded 4 times (x 79B)
Class org.jetbrains.kotlin.idea.gradleTooling.KotlinDslScriptTaskModelBuilder         : loaded 4 times (x 88B)
Class org.gradle.tooling.internal.gradle.DefaultProjectIdentifier                     : loaded 4 times (x 88B)
Class com.google.gson.internal.bind.TypeAdapters$32                                   : loaded 4 times (x 78B)
Class com.intellij.gradle.toolingExtension.impl.modelBuilder.DefaultModelBuilderContext: loaded 4 times (x 79B)
Class org.jetbrains.plugins.gradle.DefaultExternalDependencyId                        : loaded 4 times (x 82B)
Class com.google.gson.reflect.TypeToken                                               : loaded 4 times (x 77B)
Class [Lcom.google.gson.Strictness;                                                   : loaded 4 times (x 71B)
Class com.android.builder.model.v2.models.AndroidDsl                                  : loaded 4 times (x 72B)
Class org.jetbrains.kotlin.idea.gradleTooling.model.noarg.NoArgModelBuilderService    : loaded 4 times (x 87B)
Class com.intellij.openapi.externalSystem.model.project.dependencies.DependencyNode   : loaded 4 times (x 72B)
Class com.google.common.base.CharMatcher$BitSetMatcher                                : loaded 4 times (x 115B)
Class org.jetbrains.kotlin.tooling.core.InternerKt                                    : loaded 4 times (x 73B)
Class org.jetbrains.plugins.gradle.model.DefaultExternalProjectDependency             : loaded 4 times (x 122B)
Class org.gradle.tooling.model.Model                                                  : loaded 4 times (x 72B)
Class kotlin.jvm.internal.StringCompanionObject                                       : loaded 4 times (x 73B)
Class com.google.gson.internal.bind.ReflectiveTypeAdapterFactory                      : loaded 4 times (x 77B)
Class com.google.gson.internal.sql.SqlTimestampTypeAdapter                            : loaded 4 times (x 78B)
Class com.intellij.gradle.toolingExtension.impl.model.warmUp.GradleTaskWarmUpService  : loaded 4 times (x 88B)
Class org.jetbrains.plugins.gradle.tooling.builder.IntelliJProjectSettingsBuilder     : loaded 4 times (x 80B)
Class com.google.gson.internal.bind.TypeAdapters$10                                   : loaded 4 times (x 77B)
Class com.google.gson.internal.bind.ReflectiveTypeAdapterFactory$Adapter              : loaded 4 times (x 79B)
Class com.android.builder.model.v2.models.ndk.NativeModule                            : loaded 4 times (x 72B)
Class com.intellij.openapi.externalSystem.model.project.dependencies.ProjectDependencyNodeImpl: loaded 4 times (x 95B)
Class com.android.ide.gradle.model.composites.BuildMapModelBuilder                    : loaded 4 times (x 77B)
Class com.intellij.gradle.toolingExtension.impl.model.utilDummyModel.DummyModelBuilder: loaded 4 times (x 88B)
Class com.google.common.base.CharMatcher$Or                                           : loaded 4 times (x 115B)
Class com.google.gson.JsonElement                                                     : loaded 4 times (x 94B)
Class [Lcom.google.gson.ReflectionAccessFilter$FilterResult;                          : loaded 4 times (x 71B)
Class com.intellij.openapi.externalSystem.model.project.dependencies.AbstractDependencyNode: loaded 4 times (x 89B)
Class org.jetbrains.plugins.gradle.tooling.builder.VersionCatalogsModelBuilder        : loaded 4 times (x 88B)
Class org.gradle.util.GradleVersion                                                   : loaded 4 times (x 83B)
Class org.jetbrains.plugins.gradle.model.scala.ScalaModel                             : loaded 4 times (x 72B)
Class com.android.ide.gradle.model.builder.GradlePluginModelBuilder                   : loaded 4 times (x 77B)
Class com.google.gson.internal.sql.SqlTypesSupport                                    : loaded 4 times (x 73B)
Class kotlin.text.MatchResult$Destructured                                            : loaded 4 times (x 74B)
Class com.android.ide.gradle.model.builder.LegacyAndroidGradlePluginPropertiesModelBuilder: loaded 4 times (x 82B)
Class kotlin.Metadata                                                                 : loaded 4 times (x 72B)
Class com.google.gson.Gson                                                            : loaded 4 times (x 74B)
Class org.jetbrains.kotlin.tooling.core.Interner                                      : loaded 4 times (x 72B)
Class com.google.gson.internal.sql.SqlDateTypeAdapter$1                               : loaded 4 times (x 77B)
Class com.google.common.collect.Ordering                                              : loaded 4 times (x 116B)
Class org.gradle.tooling.internal.adapter.ProtocolToModelAdapter$DefaultViewBuilder   : loaded 4 times (x 82B)
Class com.google.gson.internal.sql.SqlTimestampTypeAdapter$1                          : loaded 4 times (x 77B)
Class com.google.gson.JsonPrimitive                                                   : loaded 4 times (x 95B)
Class com.intellij.gradle.toolingExtension.impl.model.resourceFilterModel.GradleResourceFilterModelBuilder: loaded 4 times (x 73B)
Class com.google.gson.internal.bind.ObjectTypeAdapter                                 : loaded 4 times (x 76B)
Class org.jetbrains.kotlin.idea.gradleTooling.model.annotation.AnnotationBasedPluginModel: loaded 4 times (x 72B)
Class com.intellij.gradle.toolingExtension.impl.model.dependencyDownloadPolicyModel.GradleDependencyDownloadPolicyCache: loaded 4 times (x 77B)
Class [Lcom.android.ide.common.repository.AgpVersion$PreviewKind;                     : loaded 4 times (x 71B)
Class kotlin.sequences.SequencesKt___SequencesKt$flatMap$2                            : loaded 4 times (x 131B)
Class org.jetbrains.plugins.gradle.tooling.MessageReporter                            : loaded 4 times (x 72B)
Class com.intellij.compose.ide.plugin.gradleTooling.rt.ComposeResourcesModelBuilder   : loaded 4 times (x 80B)
Class org.jetbrains.kotlin.idea.gradleTooling.model.assignment.AssignmentModelBuilderService: loaded 4 times (x 87B)
Class org.jetbrains.kotlin.idea.gradleTooling.KotlinGradleModelBuilder                : loaded 4 times (x 88B)
Class com.android.builder.model.v2.models.Versions                                    : loaded 4 times (x 72B)
Class kotlin.jvm.internal.markers.KMutableIterable                                    : loaded 4 times (x 72B)
Class org.gradle.tooling.internal.adapter.ProtocolToModelAdapter$MethodInvocationCache: loaded 4 times (x 75B)
Class org.jetbrains.kotlin.idea.gradleTooling.AndroidAwareGradleModelProvider$Result  : loaded 4 times (x 74B)
Class [Lcom.android.tools.idea.gradle.project.sync.SyncTestMode;                      : loaded 3 times (x 71B)
Class com.intellij.gradle.toolingExtension.impl.modelSerialization.ToolingSerializerConverter: loaded 3 times (x 75B)
Class com.android.ide.gradle.model.impl.GradlePropertiesModelImpl                     : loaded 3 times (x 82B)
Class com.android.builder.model.v2.ide.Library                                        : loaded 3 times (x 72B)
Class com.android.builder.model.v2.ide.ArtifactDependenciesAdjacencyList              : loaded 3 times (x 72B)
Class [Lcom.android.tools.idea.gradle.project.sync.MeasurementCheckpoint;             : loaded 3 times (x 71B)
Class com.intellij.gradle.toolingExtension.model.repositoryModel.RepositoryModel      : loaded 3 times (x 72B)
Class com.google.common.collect.Cut$AboveAll                                          : loaded 3 times (x 90B)
Class com.google.common.collect.SortedLists$KeyAbsentBehavior$2                       : loaded 3 times (x 82B)
Class [Lcom.google.common.collect.SortedLists$KeyAbsentBehavior;                      : loaded 3 times (x 71B)
Class org.jetbrains.kotlin.gradle.idea.tcs.IdeaKotlinDependencyCoordinates            : loaded 3 times (x 72B)
Class com.intellij.gradle.toolingExtension.impl.model.sourceSetDependencyModel.GradleSourceSetDependencyModelProvider: loaded 3 times (x 81B)
Class com.android.builder.model.v2.ide.BasicArtifact                                  : loaded 3 times (x 72B)
Class com.android.tools.idea.gradle.project.sync.SyncCounters                         : loaded 3 times (x 74B)
Class org.jetbrains.plugins.gradle.model.DefaultBuildController                       : loaded 3 times (x 108B)
Class org.jetbrains.kotlin.idea.gradleTooling.IdeaKpmProjectProvider                  : loaded 3 times (x 80B)
Class com.android.builder.model.v2.ide.SyncIssue                                      : loaded 3 times (x 72B)
Class com.intellij.gradle.toolingExtension.modelAction.GradleModelFetchPhase          : loaded 3 times (x 72B)
Class com.google.common.collect.SortedLists$KeyAbsentBehavior$1                       : loaded 3 times (x 82B)
Class com.android.tools.idea.gradle.project.sync.AndroidExtraModelProviderWorker      : loaded 3 times (x 74B)
Class com.android.ide.common.repository.AgpVersion$PreviewKind$WhenMappings           : loaded 3 times (x 73B)
Class org.jetbrains.kotlin.idea.gradleTooling.KotlinGradlePluginVersion$Companion     : loaded 3 times (x 73B)
Class org.gradle.tooling.internal.consumer.connection.FetchAwareBuildControllerAdapter: loaded 3 times (x 114B)
Class com.intellij.gradle.toolingExtension.modelProvider.GradleClassBuildModelProvider: loaded 3 times (x 82B)
Class [Lcom.android.builder.model.v2.ide.ProjectType;                                 : loaded 3 times (x 71B)
Class com.android.tools.idea.gradle.project.sync.AdditionalClassifierArtifactsActionOptions: loaded 3 times (x 74B)
Class com.android.tools.idea.gradle.project.sync.LibraryIdentity$LibraryIdentityProvider$special$$inlined$compareBy$1: loaded 3 times (x 92B)
Class com.intellij.gradle.toolingExtension.impl.util.collectionUtil.GradleCollectionUtil: loaded 3 times (x 73B)
Class com.android.builder.model.v2.ide.Variant                                        : loaded 3 times (x 72B)
Class com.google.gson.internal.bind.EnumTypeAdapter$1                                 : loaded 3 times (x 77B)
Class org.jetbrains.plugins.gradle.model.GradleLightProject                           : loaded 3 times (x 72B)
Class org.jetbrains.plugins.gradle.model.FilePatternSet                               : loaded 3 times (x 72B)
Class org.jetbrains.kotlin.idea.gradleTooling.reflect.KotlinLanguageSettingsReflection: loaded 3 times (x 72B)
Class org.jetbrains.plugins.gradle.tooling.DefaultMessageBuilder                      : loaded 3 times (x 86B)
Class org.gradle.tooling.model.eclipse.EclipseClasspathEntry                          : loaded 3 times (x 72B)
Class org.gradle.internal.impldep.com.google.common.base.Optional                     : loaded 3 times (x 82B)
Class com.android.tools.idea.gradle.project.sync.ActionToRun                          : loaded 3 times (x 74B)
Class org.jetbrains.kotlin.idea.gradleTooling.AndroidAwareGradleModelProvider$populateModels$1: loaded 3 times (x 76B)
Class org.gradle.tooling.internal.adapter.ProtocolToModelAdapter$ClassMixInMethodInvoker: loaded 3 times (x 78B)
Class org.gradle.tooling.model.cpp.CppBinary                                          : loaded 3 times (x 72B)
Class com.android.tools.idea.gradle.model.IdeCompositeBuildMap                        : loaded 3 times (x 72B)
Class com.google.common.collect.SortedLists$KeyAbsentBehavior$3                       : loaded 3 times (x 82B)
Class com.intellij.gradle.toolingExtension.impl.modelAction.GradleDaemonModelHolder$1 : loaded 3 times (x 80B)
Class org.gradle.tooling.model.kotlin.dsl.EditorPosition                              : loaded 3 times (x 72B)
Class com.android.tools.idea.gradle.project.sync.AndroidExtraModelProviderImpl        : loaded 3 times (x 74B)
Class com.android.builder.model.v2.ide.SourceProvider                                 : loaded 3 times (x 72B)
Class com.android.builder.model.v2.ide.BundleInfo                                     : loaded 3 times (x 72B)
Class org.jetbrains.kotlin.idea.gradleTooling.reflect.KotlinSourceSetReflectionKt     : loaded 3 times (x 73B)
Class com.android.ide.common.gradle.Version$Companion$ParseState                      : loaded 3 times (x 72B)
Class [Lcom.android.builder.model.v2.ide.AaptOptions$Namespacing;                     : loaded 3 times (x 71B)
Class org.jetbrains.kotlin.idea.projectModel.KotlinTarget$Companion                   : loaded 3 times (x 73B)
Class com.android.tools.idea.gradle.project.sync.GradleInjectedSyncActionRunner       : loaded 3 times (x 72B)
Class com.intellij.gradle.toolingExtension.modelAction.GradleModelFetchPhase$BuildFinished: loaded 3 times (x 72B)
Class com.google.common.collect.ComparisonChain$InactiveComparisonChain               : loaded 3 times (x 82B)
Class org.jetbrains.plugins.gradle.tooling.serialization.internal.adapter.kotlin.dsl.InternalKotlinDslScriptModel: loaded 3 times (x 86B)
Class com.google.common.collect.SortedLists$KeyPresentBehavior$5                      : loaded 3 times (x 82B)
Class com.android.tools.idea.gradle.project.sync.AndroidExtraModelProviderKt          : loaded 3 times (x 73B)
Class org.gradle.tooling.internal.adapter.ProtocolToModelAdapter$MixInBeanMappingAction: loaded 3 times (x 83B)
Class com.android.tools.idea.gradle.project.sync.JavaModule                           : loaded 3 times (x 80B)
Class com.google.common.collect.Cut$BelowValue                                        : loaded 3 times (x 90B)
Class org.gradle.tooling.internal.consumer.converters.ConsumerTargetTypeProvider      : loaded 3 times (x 78B)
Class org.jetbrains.plugins.gradle.tooling.MessageBuilder                             : loaded 3 times (x 72B)
Class com.intellij.gradle.toolingExtension.impl.modelSerialization.ToolingSerializer  : loaded 3 times (x 74B)
Class kotlin.text.CharsKt__CharJVMKt                                                  : loaded 3 times (x 73B)
Class org.jetbrains.kotlin.idea.projectModel.KotlinSwiftExportModel                   : loaded 3 times (x 72B)
Class org.gradle.tooling.internal.consumer.versioning.VersionDetails$R26VersionDetails: loaded 3 times (x 82B)
Class org.jetbrains.kotlin.idea.gradleTooling.reflect.KotlinSourceSetReflection       : loaded 3 times (x 72B)
Class com.android.tools.idea.gradle.project.sync.SwitchVariantRequest                 : loaded 3 times (x 74B)
Class org.gradle.tooling.internal.consumer.connection.StreamingAwareBuildControllerAdapter: loaded 3 times (x 114B)
Class com.android.tools.idea.projectsystem.gradle.sync.PerformanceMeasurementUtilKt   : loaded 3 times (x 73B)
Class com.android.tools.idea.gradle.project.sync.AgpVersionTooNew                     : loaded 3 times (x 84B)
Class org.jetbrains.kotlin.idea.projectModel.KotlinTargetJar                          : loaded 3 times (x 72B)
Class org.jetbrains.kotlin.idea.gradleTooling.KotlinTasksPropertyUtilsKt              : loaded 3 times (x 73B)
Class org.jetbrains.plugins.gradle.tooling.Message$FilePosition                       : loaded 3 times (x 77B)
Class kotlin.jvm.internal.Ref$BooleanRef                                              : loaded 3 times (x 73B)
Class com.android.ide.common.gradle.Numeric                                           : loaded 3 times (x 79B)
Class com.android.tools.idea.gradle.project.sync.LibraryIdentity$LibraryIdentityProvider$Companion: loaded 3 times (x 73B)
Class org.jetbrains.kotlin.idea.gradleTooling.GeneratedSourceRootsKt                  : loaded 3 times (x 73B)
Class com.android.builder.model.v2.ide.LintOptions                                    : loaded 3 times (x 72B)
Class com.android.ide.common.gradle.Version$Companion                                 : loaded 3 times (x 73B)
Class [Lcom.android.builder.model.v2.ide.BytecodeTransformation;                      : loaded 3 times (x 71B)
Class com.android.builder.model.v2.ide.AaptOptions                                    : loaded 3 times (x 72B)
Class com.android.builder.model.v2.dsl.SigningConfig                                  : loaded 3 times (x 72B)
Class com.google.gson.internal.Streams$AppendableWriter$CurrentWrite                  : loaded 3 times (x 92B)
Class com.android.builder.model.v2.ide.Installation                                   : loaded 3 times (x 72B)
Class org.gradle.tooling.internal.consumer.versioning.ModelMapping$DefaultModelIdentifier: loaded 3 times (x 78B)
Class com.intellij.openapi.util.io.FileUtilRt$RepeatableIOOperation                   : loaded 3 times (x 72B)
Class org.gradle.tooling.internal.adapter.ProtocolToModelAdapter$ChainedMethodInvoker : loaded 3 times (x 78B)
Class com.android.tools.idea.gradle.project.sync.BasicIncompleteGradleModule          : loaded 3 times (x 75B)
Class com.android.builder.model.v2.ide.BasicVariant                                   : loaded 3 times (x 72B)
Class com.android.builder.model.v2.ide.AndroidGradlePluginProjectFlags                : loaded 3 times (x 72B)
Class [Lcom.android.builder.model.v2.ide.AndroidGradlePluginProjectFlags$BooleanFlag; : loaded 3 times (x 71B)
Class org.jetbrains.plugins.gradle.tooling.serialization.internal.adapter.kotlin.dsl.InternalKotlinDslScriptsModel: loaded 3 times (x 78B)
Class com.intellij.util.ExceptionUtilRt                                               : loaded 3 times (x 73B)
Class org.gradle.tooling.model.idea.IdeaJavaLanguageSettings                          : loaded 3 times (x 72B)
Class com.intellij.gradle.toolingExtension.impl.model.taskModel.GradleTaskModelProvider: loaded 3 times (x 80B)
Class com.google.common.collect.SortedLists$KeyPresentBehavior$4                      : loaded 3 times (x 82B)
Class com.intellij.gradle.toolingExtension.impl.modelAction.GradleDaemonModelHolder   : loaded 3 times (x 78B)
Class org.gradle.tooling.model.kotlin.dsl.EditorReport                                : loaded 3 times (x 72B)
Class [Lcom.google.common.collect.SortedLists$KeyPresentBehavior;                     : loaded 3 times (x 71B)
Class com.android.tools.idea.gradle.project.upgrade.AndroidGradlePluginCompatibility  : loaded 3 times (x 81B)
Class com.google.common.collect.Cut$AboveValue                                        : loaded 3 times (x 90B)
Class com.android.tools.idea.gradle.project.sync.ModelVersions                        : loaded 3 times (x 74B)
Class com.android.tools.idea.gradle.project.sync.SyncProjectActionOptions             : loaded 3 times (x 75B)
Class com.google.common.collect.SortedLists$KeyPresentBehavior                        : loaded 3 times (x 82B)
Class com.android.tools.idea.gradle.project.sync.AgpVersionTooOld                     : loaded 3 times (x 84B)
Class org.gradle.tooling.internal.consumer.converters.BasicGradleProjectIdentifierMixin: loaded 3 times (x 75B)
Class org.gradle.tooling.BuildController                                              : loaded 3 times (x 72B)
Class org.gradle.tooling.internal.consumer.versioning.ModelMapping                    : loaded 3 times (x 75B)
Class org.jetbrains.plugins.gradle.model.DefaultExternalTask                          : loaded 3 times (x 85B)
Class com.android.builder.model.v2.models.ndk.NativeModelBuilderParameter             : loaded 3 times (x 72B)
Class com.android.builder.model.v2.models.ModelBuilderParameter                       : loaded 3 times (x 72B)
Class org.jetbrains.plugins.gradle.model.DefaultGradleExtensions                      : loaded 3 times (x 90B)
Class kotlin.KotlinNothingValueException                                              : loaded 3 times (x 84B)
Class kotlin.collections.IntIterator                                                  : loaded 3 times (x 84B)
Class com.android.builder.model.v2.ide.AaptOptions$Namespacing                        : loaded 3 times (x 81B)
Class com.android.utils.StringHelper                                                  : loaded 3 times (x 73B)
Class org.gradle.tooling.model.cpp.CppComponent                                       : loaded 3 times (x 72B)
Class org.gradle.tooling.model.Launchable                                             : loaded 3 times (x 72B)
Class com.google.common.collect.TreeRangeSet                                          : loaded 3 times (x 117B)
Class com.android.builder.model.AndroidProject                                        : loaded 3 times (x 72B)
Class com.intellij.util.ExceptionUtilRt$1                                             : loaded 3 times (x 131B)
Class com.google.common.collect.SortedLists                                           : loaded 3 times (x 73B)
Class com.android.builder.model.v2.ide.JavaArtifact                                   : loaded 3 times (x 72B)
Class org.jetbrains.kotlin.idea.gradleTooling.reflect.KotlinCompilerArgumentsResolverReflectionKt: loaded 3 times (x 73B)
Class kotlin.ranges.ClosedRange                                                       : loaded 3 times (x 72B)
Class org.gradle.tooling.internal.consumer.converters.IdeaModuleDependencyTargetNameMixin: loaded 3 times (x 75B)
Class ijKotlinCoroutineJvmDebugInit1_20z0uqriqa231u158ejmvmke1$_run_closure1$_closure3: loaded 3 times (x 140B)
Class com.android.tools.idea.gradle.project.sync.BuildId                              : loaded 3 times (x 74B)
Class org.gradle.tooling.internal.consumer.connection.UnparameterizedBuildController  : loaded 3 times (x 114B)
Class com.android.tools.idea.gradle.project.sync.AgpVersionsMismatch                  : loaded 3 times (x 84B)
Class com.intellij.gradle.toolingExtension.impl.modelSerialization.SerializationServiceNotFoundException: loaded 3 times (x 84B)
Class com.android.tools.idea.projectsystem.gradle.sync.Counter                        : loaded 3 times (x 74B)
Class com.android.builder.model.ProjectSyncIssues                                     : loaded 3 times (x 72B)
Class com.intellij.gradle.toolingExtension.impl.initScript.util.GradleTasksUtil       : loaded 3 times (x 73B)
Class [Lorg.jetbrains.plugins.gradle.tooling.Message$Kind;                            : loaded 3 times (x 71B)
Class com.android.builder.model.v2.ide.SourceSetContainer                             : loaded 3 times (x 72B)
Class com.android.tools.idea.gradle.project.sync.ModelConsumerVersion                 : loaded 3 times (x 77B)
Class org.gradle.tooling.model.ExternalDependency                                     : loaded 3 times (x 72B)
Class org.gradle.tooling.model.idea.IdeaSingleEntryLibraryDependency                  : loaded 3 times (x 72B)
Class org.gradle.internal.impldep.com.google.common.base.Preconditions                : loaded 3 times (x 73B)
Class org.gradle.tooling.internal.consumer.connection.InternalBuildActionAdapter      : loaded 3 times (x 82B)
Class com.intellij.openapi.util.io.FileUtilRt                                         : loaded 3 times (x 73B)
Class org.gradle.tooling.model.SourceDirectory                                        : loaded 3 times (x 72B)
Class com.android.tools.idea.gradle.project.sync.LibraryIdentity$LibraryIdentityProvider: loaded 3 times (x 74B)
Class [Lcom.android.tools.idea.gradle.project.sync.ModelFeature;                      : loaded 3 times (x 71B)
Class org.gradle.tooling.internal.consumer.connection.HasCompatibilityMapping         : loaded 3 times (x 75B)
Class com.android.tools.idea.gradle.project.sync.LibraryIdentity$LibraryIdentityProvider$special$$inlined$thenBy$1: loaded 3 times (x 92B)
Class com.google.common.collect.Lists$ReverseList$1                                   : loaded 3 times (x 101B)
Class org.gradle.internal.impldep.com.google.common.base.Present                      : loaded 3 times (x 83B)
Class com.google.common.collect.SortedLists$KeyPresentBehavior$3                      : loaded 3 times (x 82B)
Class com.android.tools.idea.gradle.project.sync.SyncActionRunnerKt                   : loaded 3 times (x 73B)
Class com.android.builder.model.Variant                                               : loaded 3 times (x 72B)
Class com.android.tools.idea.gradle.project.sync.ModelCacheKt                         : loaded 3 times (x 73B)
Class org.jetbrains.plugins.gradle.model.ExternalSourceDirectorySet                   : loaded 3 times (x 72B)
Class com.android.tools.idea.gradle.project.sync.SyncTestMode                         : loaded 3 times (x 81B)
Class com.google.common.collect.SortedLists$KeyAbsentBehavior                         : loaded 3 times (x 82B)
Class kotlin.jvm.functions.Function4                                                  : loaded 3 times (x 72B)
Class com.android.tools.idea.gradle.project.sync.ModelFetchersKt                      : loaded 3 times (x 73B)
Class org.gradle.tooling.internal.consumer.converters.BackwardsCompatibleIdeaModuleDependency: loaded 3 times (x 72B)
Class com.android.tools.idea.gradle.project.sync.ModelProviderCachedData              : loaded 3 times (x 74B)
Class org.jetbrains.kotlin.idea.gradleTooling.reflect.KotlinMultiplatformImportReflection: loaded 3 times (x 72B)
Class org.gradle.tooling.internal.adapter.ProtocolToModelAdapter$BeanMixInMethodInvoker: loaded 3 times (x 78B)
Class com.intellij.gradle.toolingExtension.impl.modelAction.GradleModelId             : loaded 3 times (x 74B)
Class org.jetbrains.kotlin.idea.gradleTooling.reflect.KotlinMultiplatformImportReflectionImpl$Companion: loaded 3 times (x 73B)
Class com.android.builder.model.v2.ide.Edge                                           : loaded 3 times (x 72B)
Class org.gradle.tooling.model.eclipse.EclipseExternalDependency                      : loaded 3 times (x 72B)
Class org.gradle.tooling.internal.adapter.ProtocolToModelAdapter$TypeSpecificMappingAction: loaded 3 times (x 83B)
Class [Lcom.android.builder.model.v2.ide.CodeShrinker;                                : loaded 3 times (x 71B)
Class org.gradle.tooling.internal.consumer.versioning.VersionDetails$R35VersionDetails: loaded 3 times (x 82B)
Class kotlin.sequences.DistinctIterator                                               : loaded 3 times (x 85B)
Class org.jetbrains.plugins.gradle.model.GradleLightBuild                             : loaded 3 times (x 72B)
Class org.jetbrains.plugins.gradle.model.DefaultGradleLightProject                    : loaded 3 times (x 86B)
Class com.android.builder.model.v2.ide.AndroidArtifact                                : loaded 3 times (x 72B)
Class org.gradle.tooling.internal.consumer.converters.IncludedBuildsMixin             : loaded 3 times (x 76B)
Class kotlin.ranges.IntProgression$Companion                                          : loaded 3 times (x 73B)
Class com.intellij.gradle.toolingExtension.impl.model.sourceSetModel.GradleSourceSetModelProvider: loaded 3 times (x 81B)
Class org.gradle.tooling.model.build.BuildEnvironment                                 : loaded 3 times (x 72B)
Class com.android.ide.common.gradle.Version                                           : loaded 3 times (x 77B)
Class com.intellij.gradle.toolingExtension.impl.modelBuilder.DefaultMessageReportBuilder: loaded 3 times (x 96B)
Class com.android.builder.model.v2.ide.AndroidLibraryData                             : loaded 3 times (x 72B)
Class com.android.builder.model.v2.ide.ApiVersion                                     : loaded 3 times (x 72B)
Class org.gradle.tooling.internal.consumer.connection.ToolingParameterProxy           : loaded 3 times (x 78B)
Class kotlin.internal.ProgressionUtilKt                                               : loaded 3 times (x 73B)
Class com.android.tools.idea.gradle.project.sync.AndroidExtraModelProvider            : loaded 3 times (x 81B)
Class org.gradle.tooling.internal.consumer.versioning.VersionDetails$R48VersionDetails: loaded 3 times (x 82B)
Class com.android.tools.idea.gradle.project.sync.AndroidSyncException                 : loaded 3 times (x 84B)
Class com.android.tools.idea.gradle.project.sync.BuildModelsAndMap                    : loaded 3 times (x 74B)
Class com.google.common.collect.SortedLists$KeyPresentBehavior$2                      : loaded 3 times (x 82B)
Class com.android.builder.model.v2.ide.VectorDrawablesOptions                         : loaded 3 times (x 72B)
Class org.gradle.tooling.model.java.InstalledJdk                                      : loaded 3 times (x 72B)
Class com.intellij.compose.ide.plugin.gradleTooling.rt.ComposeResourcesExtension$Companion: loaded 3 times (x 73B)
Class org.jetbrains.kotlin.idea.projectModel.KotlinPlatform                           : loaded 3 times (x 81B)
Class org.gradle.tooling.internal.consumer.versioning.VersionDetails$R44VersionDetails: loaded 3 times (x 82B)
Class com.intellij.gradle.toolingExtension.impl.initScript.util.GradleDebuggerUtil    : loaded 3 times (x 73B)
Class com.android.builder.model.v2.dsl.ProductFlavor                                  : loaded 3 times (x 72B)
Class kotlin.io.FilePathComponents                                                    : loaded 3 times (x 74B)
Class [Lcom.android.builder.model.v2.ide.TestInfo$Execution;                          : loaded 3 times (x 71B)
Class org.gradle.tooling.internal.consumer.converters.EclipseExternalDependencyUnresolvedMixin: loaded 3 times (x 75B)
Class com.intellij.gradle.toolingExtension.impl.modelAction.GradleDaemonModelHolder$ConvertedModel: loaded 3 times (x 74B)
Class org.jetbrains.kotlin.idea.gradleTooling.reflect.KotlinSourceSetReflectionImpl   : loaded 3 times (x 85B)
Class org.gradle.tooling.model.kotlin.dsl.EditorReportSeverity                        : loaded 3 times (x 81B)
Class org.jetbrains.kotlin.idea.gradleTooling.KotlinDslScriptModelProvider            : loaded 3 times (x 80B)
Class kotlin.ranges.IntProgressionIterator                                            : loaded 3 times (x 84B)
Class [Lcom.android.tools.idea.gradle.project.upgrade.AndroidGradlePluginCompatibility;: loaded 3 times (x 71B)
Class org.jetbrains.kotlin.tooling.core.KotlinToolingVersion$Maturity                 : loaded 3 times (x 81B)
Class com.google.common.collect.SortedLists$KeyPresentBehavior$1                      : loaded 3 times (x 82B)
Class com.android.tools.idea.gradle.model.impl.IdeCompositeBuildMapImpl               : loaded 3 times (x 78B)
Class org.jetbrains.kotlin.idea.projectModel.KotlinTarget                             : loaded 3 times (x 72B)
Class org.gradle.tooling.internal.adapter.ProtocolToModelAdapter$MixInTypeMappingAction: loaded 3 times (x 83B)
Class com.android.tools.idea.gradle.project.sync.AndroidExtraModelProviderKt$flattenDag$2: loaded 3 times (x 97B)
Class org.jetbrains.plugins.gradle.model.DefaultGradleProperty                        : loaded 3 times (x 80B)
Class org.jetbrains.kotlin.idea.gradleTooling.GetAdditionalVisibleSourceSetsKt        : loaded 3 times (x 73B)
Class org.jetbrains.plugins.gradle.model.ProjectImportModelProvider$GradleModelConsumer$1: loaded 3 times (x 79B)
Class org.jetbrains.kotlin.idea.gradleTooling.IdeaKotlinDependenciesContainer         : loaded 3 times (x 72B)
Class org.jetbrains.kotlin.idea.gradleTooling.KotlinGradlePluginVersionImpl           : loaded 3 times (x 80B)
Class [Lkotlin.Pair;                                                                  : loaded 3 times (x 71B)
Class org.jetbrains.plugins.gradle.tooling.util.ClassMap                              : loaded 3 times (x 74B)
Class com.android.tools.idea.gradle.project.sync.AndroidExtraModelProviderWorkerKt    : loaded 3 times (x 73B)
Class com.intellij.gradle.toolingExtension.modelAction.GradleProjectLoadedModelFetchPhase: loaded 3 times (x 83B)
Class com.android.builder.model.v2.dsl.BuildType                                      : loaded 3 times (x 72B)
Class org.gradle.tooling.model.Task                                                   : loaded 3 times (x 72B)
Class com.google.common.collect.Cut$BelowAll                                          : loaded 3 times (x 90B)
Class org.jetbrains.kotlin.idea.projectModel.ExtraFeatures                            : loaded 3 times (x 72B)
Class com.android.builder.model.v2.CustomSourceDirectory                              : loaded 3 times (x 72B)
Class org.jetbrains.kotlin.idea.gradleTooling.ResolveCompilerArgumentsKt              : loaded 3 times (x 73B)
Class org.jetbrains.kotlin.idea.gradleTooling.reflect.KotlinMultiplatformImportReflectionImpl: loaded 3 times (x 78B)
Class com.android.tools.idea.gradle.project.sync.ModelVersion                         : loaded 3 times (x 77B)
Class org.jetbrains.kotlin.idea.gradleTooling.reflect.ReflectionReceiver$Instance     : loaded 3 times (x 79B)
Class com.android.tools.idea.gradle.project.sync.AgpVersionIncompatible               : loaded 3 times (x 84B)
Class com.intellij.gradle.toolingExtension.impl.initScript.util.GradleLifecycleUtil   : loaded 3 times (x 73B)
Class com.android.tools.idea.gradle.project.sync.AgpCompatibilityKt                   : loaded 3 times (x 73B)
Class org.gradle.tooling.internal.consumer.connection.InternalPhasedActionAdapter     : loaded 3 times (x 80B)
Class com.intellij.gradle.toolingExtension.impl.util.GradleTreeTraverserUtil          : loaded 3 times (x 73B)
Class org.gradle.tooling.internal.adapter.ProtocolToModelAdapter$2                    : loaded 3 times (x 80B)
Class com.android.tools.idea.gradle.model.impl.FileImplKt                             : loaded 3 times (x 73B)
Class com.intellij.gradle.toolingExtension.modelAction.GradleModelFetchPhase$ProjectLoaded: loaded 3 times (x 72B)
Class com.google.common.collect.ComparisonChain$1                                     : loaded 3 times (x 83B)
Class com.android.tools.idea.gradle.project.sync.GradleModule                         : loaded 3 times (x 80B)
Class com.intellij.gradle.toolingExtension.modelProvider.GradleClassProjectModelProvider: loaded 3 times (x 82B)
Class com.android.tools.idea.gradle.project.sync.BasicNonAndroidIncompleteGradleModule: loaded 3 times (x 75B)
Class com.intellij.gradle.toolingExtension.impl.model.projectModel.GradleExternalProjectModelProvider: loaded 3 times (x 81B)
Class [Lorg.jetbrains.kotlin.tooling.core.KotlinToolingVersion$Maturity;              : loaded 3 times (x 71B)
Class [Lorg.jetbrains.kotlin.idea.gradleTooling.reflect.Parameter;                    : loaded 3 times (x 71B)
Class [Lcom.android.ide.common.gradle.Separator;                                      : loaded 3 times (x 71B)
Class com.intellij.openapi.util.Pair                                                  : loaded 3 times (x 74B)
Class org.jetbrains.plugins.gradle.tooling.serialization.GradleExtensionsSerializationService$1: loaded 3 times (x 78B)
Class org.jetbrains.kotlin.idea.gradleTooling.reflect.ReflectionReceiver              : loaded 3 times (x 72B)
Class kotlin.sequences.SequencesKt___SequencesKt$sortedWith$1                         : loaded 3 times (x 77B)
Class com.android.builder.model.v2.ide.AbstractArtifact                               : loaded 3 times (x 72B)
Class com.google.common.collect.Lists$ReverseList                                     : loaded 3 times (x 202B)
Class org.jetbrains.kotlin.idea.gradleTooling.reflect.KotlinAndroidSourceSetInfoReflection: loaded 3 times (x 72B)
Class kotlin.collections.EmptyIterator                                                : loaded 3 times (x 91B)
Class com.android.tools.idea.gradle.project.sync.ModuleId                             : loaded 3 times (x 74B)
Class org.gradle.tooling.internal.consumer.versioning.VersionDetails$R28VersionDetails: loaded 3 times (x 82B)
Class org.jetbrains.kotlin.idea.gradleTooling.reflect.Parameter                       : loaded 3 times (x 74B)
Class org.jetbrains.kotlin.idea.gradleTooling.model.kapt.KaptSourceSetModel           : loaded 3 times (x 72B)
Class com.android.tools.idea.gradle.project.sync.SyncActionRunner$Companion           : loaded 3 times (x 73B)
Class org.gradle.tooling.FetchModelResult                                             : loaded 3 times (x 72B)
Class com.intellij.gradle.toolingExtension.impl.modelSerialization.DefaultSerializationService: loaded 3 times (x 78B)
Class com.android.tools.idea.gradle.project.sync.SyncActionRunner                     : loaded 3 times (x 78B)
Class com.android.tools.idea.gradle.project.sync.GradleSyncStudioFlags                : loaded 3 times (x 74B)
Class com.android.tools.idea.gradle.model.impl.FileImpl                               : loaded 3 times (x 123B)
Class com.intellij.gradle.toolingExtension.modelAction.GradleBuildFinishedModelFetchPhase: loaded 3 times (x 83B)
Class com.android.builder.model.v2.ide.AndroidGradlePluginProjectFlags$BooleanFlag    : loaded 3 times (x 81B)
Class com.android.ide.common.gradle.Separator                                         : loaded 3 times (x 81B)
Class org.jetbrains.plugins.gradle.model.DefaultDependencyAccessorsModel              : loaded 3 times (x 78B)
Class org.gradle.tooling.internal.consumer.converters.EclipseProjectHasAutoBuildMixin : loaded 3 times (x 74B)
Class org.gradle.tooling.UnknownModelException                                        : loaded 3 times (x 85B)
Class com.android.tools.idea.gradle.project.sync.MeasurementCheckpoint                : loaded 3 times (x 81B)
Class org.gradle.tooling.model.idea.IdeaContentRoot                                   : loaded 3 times (x 72B)
Class kotlin.coroutines.jvm.internal.CoroutineDumpState                               : loaded 3 times (x 73B)
Class org.jetbrains.plugins.gradle.tooling.serialization.GradleExtensionsSerializationService$2: loaded 3 times (x 78B)
Class org.jetbrains.kotlin.idea.gradleTooling.reflect.ParameterList                   : loaded 3 times (x 171B)
Class org.jetbrains.kotlin.idea.gradleTooling.reflect.ReflectionReceiver$Static       : loaded 3 times (x 79B)
Class com.android.builder.model.v2.ide.LibraryInfo                                    : loaded 3 times (x 72B)
Class org.jetbrains.plugins.gradle.model.DefaultGradleLightBuild                      : loaded 3 times (x 84B)
Class com.intellij.util.ExceptionUtilRt$RethrownStack                                 : loaded 3 times (x 84B)
Class com.android.tools.idea.gradle.project.sync.Modules                              : loaded 3 times (x 73B)
Class com.android.ide.common.gradle.Version$Companion$ParseState$NUMERIC              : loaded 3 times (x 76B)
Class org.jetbrains.plugins.gradle.tooling.internal.VersionCatalogsModelImpl          : loaded 3 times (x 78B)
Class kotlin.jvm.internal.CollectionToArray                                           : loaded 3 times (x 73B)
Class com.intellij.gradle.toolingExtension.impl.modelAction.GradleModelHolderState    : loaded 3 times (x 79B)
Class com.android.tools.idea.gradle.model.impl.BuildFolderPaths                       : loaded 3 times (x 74B)
Class kotlin.ranges.IntRange$Companion                                                : loaded 3 times (x 73B)
Class org.gradle.kotlin.dsl.VersionCatalogAccessorsKt                                 : loaded 3 times (x 73B)
Class com.android.builder.model.v2.ide.TestedTargetVariant                            : loaded 3 times (x 72B)
Class ijJvmDebugger1_6j99ea9ls3bzow9f8o8x5bpmw$_run_closure1$_closure2$_closure3      : loaded 3 times (x 141B)
Class org.jetbrains.kotlin.idea.gradleTooling.reflect.TypeToken$Companion             : loaded 3 times (x 73B)
Class org.gradle.tooling.model.gradle.BasicGradleProject                              : loaded 3 times (x 72B)
Class org.jetbrains.kotlin.idea.gradleTooling.KotlinGradlePluginVersionKt             : loaded 3 times (x 73B)
Class com.intellij.gradle.toolingExtension.impl.initScript.util.GradleJvmForkedDebuggerHelper: loaded 3 times (x 73B)
Class org.gradle.tooling.model.idea.IdeaModule                                        : loaded 3 times (x 72B)
Class org.jetbrains.kotlin.tooling.core.KotlinToolingVersionKt                        : loaded 3 times (x 73B)
Class com.android.builder.model.v2.ide.LibraryType                                    : loaded 3 times (x 81B)
Class [Lcom.android.builder.model.v2.ide.LibraryType;                                 : loaded 3 times (x 71B)
Class com.google.gson.TypeAdapter$NullSafeTypeAdapter                                 : loaded 3 times (x 76B)
Class org.jetbrains.kotlin.idea.gradleTooling.reflect.ParameterList$Companion         : loaded 3 times (x 73B)
Class kotlin.jvm.internal.Intrinsics$Kotlin                                           : loaded 3 times (x 73B)
Class org.gradle.tooling.internal.consumer.converters.FixedBuildIdentifierProvider    : loaded 3 times (x 77B)
Class io.opentelemetry.context.ForwardingExecutorService                              : loaded 3 times (x 106B)
Class com.android.tools.idea.gradle.project.sync.HasBasicGradleProject                : loaded 3 times (x 72B)
Class org.gradle.tooling.model.internal.Exceptions                                    : loaded 3 times (x 73B)
Class org.gradle.tooling.UnsupportedVersionException                                  : loaded 3 times (x 85B)
Class com.intellij.gradle.toolingExtension.impl.model.buildScriptClasspathModel.GradleBuildScriptClasspathModelProvider: loaded 3 times (x 81B)
Class com.intellij.gradle.toolingExtension.impl.modelAction.GradleModelFetchAction    : loaded 3 times (x 88B)
Class org.jetbrains.plugins.gradle.model.tests.DefaultExternalTestsModel              : loaded 3 times (x 79B)
Class org.gradle.tooling.BuildAction                                                  : loaded 3 times (x 72B)
Class org.jetbrains.plugins.gradle.model.DefaultGradleExtension                       : loaded 3 times (x 82B)
Class org.jetbrains.kotlin.idea.gradleTooling.reflect.KotlinCompilerArgumentsResolverReflectionImpl: loaded 3 times (x 77B)
Class com.intellij.gradle.toolingExtension.impl.util.GradleModelProviderUtil          : loaded 3 times (x 73B)
Class com.android.tools.idea.gradle.project.sync.InternedModels                       : loaded 3 times (x 74B)
Class com.android.tools.idea.gradle.project.sync.BasicV2AndroidModuleGradleProject    : loaded 3 times (x 75B)
Class com.android.tools.idea.gradle.model.IdeBuild                                    : loaded 3 times (x 72B)
Class org.gradle.tooling.internal.consumer.connection.NestedActionAwareBuildControllerAdapter: loaded 3 times (x 114B)
Class org.gradle.tooling.internal.consumer.versioning.VersionDetails$R51VersionDetails: loaded 3 times (x 82B)
Class com.google.gson.internal.bind.EnumTypeAdapter                                   : loaded 3 times (x 78B)
Class kotlin.text.CharsKt                                                             : loaded 3 times (x 73B)
Class [Lorg.gradle.api.JavaVersion;                                                   : loaded 3 times (x 71B)
Class kotlin.ranges.IntRange                                                          : loaded 3 times (x 95B)
Class kotlin.collections.AbstractIterator                                             : loaded 3 times (x 85B)
Class com.android.builder.model.v2.dsl.BaseConfig                                     : loaded 3 times (x 72B)
Class kotlin.sequences.DistinctSequence                                               : loaded 3 times (x 77B)
Class com.android.tools.idea.gradle.project.sync.SyncActionOptions                    : loaded 3 times (x 74B)
Class com.android.tools.idea.gradle.model.impl.IdeBuildImpl                           : loaded 3 times (x 78B)
Class com.intellij.gradle.toolingExtension.impl.modelSerialization.ToolingSerializer$1: loaded 3 times (x 78B)
Class [Lorg.gradle.tooling.internal.adapter.MethodInvoker;                            : loaded 3 times (x 71B)
Class com.android.builder.model.v2.ide.ViewBindingOptions                             : loaded 3 times (x 72B)
Class com.android.tools.idea.gradle.project.sync.SelectedVariants                     : loaded 3 times (x 74B)
Class org.jetbrains.plugins.gradle.tooling.serialization.GradleExtensionsSerializationService$3: loaded 3 times (x 78B)
Class org.jetbrains.kotlin.idea.gradleTooling.KotlinTaskPropertiesImpl                : loaded 3 times (x 80B)
Class com.android.builder.model.v2.dsl.DependenciesInfo                               : loaded 3 times (x 72B)
Class com.android.ide.common.gradle.Part                                              : loaded 3 times (x 79B)
Class org.gradle.tooling.model.idea.IdeaSourceDirectory                               : loaded 3 times (x 72B)
Class org.jetbrains.plugins.gradle.model.DefaultGradleConfiguration                   : loaded 3 times (x 81B)
Class com.google.common.collect.Lists$RandomAccessReverseList                         : loaded 3 times (x 202B)
Class org.gradle.tooling.internal.consumer.versioning.VersionDetails                  : loaded 3 times (x 82B)
Class com.android.builder.model.v2.ide.CodeShrinker                                   : loaded 3 times (x 81B)
Class kotlin.ranges.IntProgression                                                    : loaded 3 times (x 83B)
Class org.jetbrains.plugins.gradle.tooling.Message                                    : loaded 3 times (x 74B)
Class com.google.gson.internal.bind.JsonElementTypeAdapter                            : loaded 3 times (x 77B)
Class ijJvmDebugger1_6j99ea9ls3bzow9f8o8x5bpmw$_run_closure1$_closure2$_closure4      : loaded 3 times (x 140B)
Class com.android.builder.model.v2.ide.TestInfo                                       : loaded 3 times (x 72B)
Class org.gradle.tooling.model.GradleTask                                             : loaded 3 times (x 72B)
Class com.android.tools.idea.gradle.project.sync.ActionToRun$toSafeController$1       : loaded 3 times (x 92B)
Class com.android.builder.model.v2.ide.ProjectType                                    : loaded 3 times (x 81B)
Class com.android.tools.idea.gradle.project.sync.BuildInfo                            : loaded 3 times (x 74B)
Class com.android.builder.model.v2.ide.ComponentInfo                                  : loaded 3 times (x 72B)
Class org.jetbrains.kotlin.idea.gradleTooling.reflect.KotlinSourceSetReflectionImpl$Companion: loaded 3 times (x 73B)
Class org.jetbrains.kotlin.idea.gradleTooling.KotlinMPPGradleModel$Companion          : loaded 3 times (x 73B)
Class org.gradle.tooling.internal.consumer.converters.IdeaProjectJavaLanguageSettingsMixin: loaded 3 times (x 75B)
Class com.intellij.util.ReflectionUtilRt                                              : loaded 3 times (x 73B)
Class org.gradle.tooling.internal.consumer.converters.GradleProjectIdentifierMixin    : loaded 3 times (x 75B)
Class com.android.tools.idea.projectsystem.gradle.sync.Counter$time$2                 : loaded 3 times (x 80B)
Class com.google.common.collect.ComparisonChain                                       : loaded 3 times (x 82B)
Class com.google.common.collect.Cut                                                   : loaded 3 times (x 90B)
Class org.jetbrains.plugins.gradle.model.ProjectImportModelProvider$GradleModelConsumer: loaded 3 times (x 72B)
Class com.android.tools.idea.gradle.project.sync.BasicIncompleteAndroidModule         : loaded 3 times (x 75B)
Class com.android.ide.common.gradle.Version$Companion$ParseState$EMPTY                : loaded 3 times (x 76B)
Class com.android.builder.model.v2.ide.BytecodeTransformation                         : loaded 3 times (x 81B)
Class com.android.tools.idea.gradle.project.sync.SyncProjectActionWorker              : loaded 3 times (x 74B)
Class com.intellij.compose.ide.plugin.gradleTooling.rt.ComposeResourcesExtension      : loaded 3 times (x 74B)
Class org.jetbrains.plugins.gradle.model.ExternalFilter                               : loaded 3 times (x 72B)
Class com.android.tools.idea.gradle.project.upgrade.AndroidGradlePluginCompatibilityKt: loaded 3 times (x 73B)
Class kotlin.text.CharsKt__CharKt                                                     : loaded 3 times (x 73B)
Class com.android.tools.idea.gradle.project.sync.SingleVariantSyncActionOptions       : loaded 3 times (x 75B)
Class org.jetbrains.kotlin.idea.gradleTooling.reflect.TypeToken                       : loaded 3 times (x 74B)
Class com.google.gson.internal.bind.TypeAdapters$32$1                                 : loaded 3 times (x 76B)
Class com.google.common.collect.TreeRangeSet$AsRanges                                 : loaded 3 times (x 151B)
Class com.android.tools.idea.gradle.project.sync.AgpCompatibilityKt$WhenMappings      : loaded 3 times (x 73B)
Class kotlin.ranges.OpenEndRange                                                      : loaded 3 times (x 72B)
Class com.android.tools.idea.gradle.project.sync.SyncActionRunnerKt$toMeasuringController$1: loaded 3 times (x 92B)
Class com.android.tools.idea.gradle.project.sync.ModelConverter                       : loaded 3 times (x 73B)
Class com.android.builder.model.v2.ide.JavaCompileOptions                             : loaded 3 times (x 72B)
Class com.google.common.collect.Range$RangeLexOrdering                                : loaded 3 times (x 116B)
Class org.gradle.tooling.internal.consumer.connection.ParameterAwareBuildControllerAdapter: loaded 3 times (x 114B)
Class org.jetbrains.kotlin.idea.gradleTooling.reflect.KotlinCompilerArgumentsResolverReflection: loaded 3 times (x 72B)
Class com.google.gson.internal.GsonTypes                                              : loaded 3 times (x 73B)
Class org.jetbrains.kotlin.gradle.idea.tcs.IdeaKotlinDependency                       : loaded 3 times (x 72B)
Class org.jetbrains.plugins.gradle.tooling.serialization.ExternalTestsSerializationService$1: loaded 3 times (x 78B)
Class org.jetbrains.plugins.gradle.model.MavenRepositoryModel                         : loaded 3 times (x 72B)
Class com.android.tools.idea.projectsystem.gradle.sync.Counter$time$1                 : loaded 3 times (x 80B)
Class com.intellij.gradle.toolingExtension.impl.util.GradleExecutorServiceUtil        : loaded 3 times (x 73B)
Class com.android.builder.model.v2.ide.ProjectInfo                                    : loaded 3 times (x 72B)
Class com.android.tools.idea.gradle.project.sync.ModelFeature                         : loaded 3 times (x 81B)
Class com.android.builder.model.v2.ide.TestInfo$Execution                             : loaded 3 times (x 81B)
Class org.jetbrains.plugins.gradle.tooling.Message$Kind                               : loaded 3 times (x 81B)
Class io.opentelemetry.context.ContextExecutorService                                 : loaded 3 times (x 106B)
Class com.google.common.collect.IndexedImmutableSet$1                                 : loaded 2 times (x 215B)
Class com.google.common.cache.CacheBuilder$OneWeigher                                 : loaded 2 times (x 84B)
Class kotlinx.coroutines.CoroutineDispatcher                                          : loaded 2 times (x 102B)
Class kotlinx.coroutines.flow.internal.NopCollector                                   : loaded 2 times (x 76B)
Class kotlinx.coroutines.CancellableContinuationImpl                                  : loaded 2 times (x 131B)
Class com.google.common.hash.Hashing                                                  : loaded 2 times (x 73B)
Class [Lorg.jetbrains.kotlin.cli.common.CompilerSystemProperties;                     : loaded 2 times (x 71B)
Class org.apache.commons.io.output.AbstractByteArrayOutputStream                      : loaded 2 times (x 104B)
Class org.jetbrains.kotlin.name.ClassId$Companion                                     : loaded 2 times (x 73B)
Class org.jetbrains.kotlin.load.kotlin.header.ReadKotlinClassHeaderAnnotationVisitor$KotlinMetadataArgumentVisitor: loaded 2 times (x 88B)
Class org.jetbrains.kotlin.protobuf.MessageLiteOrBuilder                              : loaded 2 times (x 72B)
Class org.jetbrains.kotlin.metadata.jvm.JvmProtoBuf$JvmMethodSignature                : loaded 2 times (x 110B)
Class org.jetbrains.kotlin.metadata.ProtoBuf$TypeTable                                : loaded 2 times (x 111B)
Class com.android.tools.idea.gradle.model.IdeDependencyCore                           : loaded 2 times (x 72B)
Class com.android.builder.model.v2.models.BaseTestSuiteSourceIdentity                 : loaded 2 times (x 72B)
Class com.android.tools.idea.gradle.project.sync.AndroidModule                        : loaded 2 times (x 90B)
Class FileComparisonTestEventLogger$1                                                 : loaded 2 times (x 111B)
Class org.jetbrains.kotlin.metadata.ProtoBuf$AnnotationOrBuilder                      : loaded 2 times (x 72B)
Class org.jetbrains.kotlin.protobuf.WireFormat$FieldType                              : loaded 2 times (x 84B)
Class org.jetbrains.kotlin.com.intellij.openapi.diagnostic.Logger$Factory             : loaded 2 times (x 72B)
Class org.jetbrains.kotlin.load.kotlin.FileBasedKotlinClass                           : loaded 2 times (x 90B)
Class org.gradle.kotlin.dsl.TestImplementationConfigurationAccessorsKt                : loaded 2 times (x 73B)
Class com.google.common.collect.Maps$EntryFunction                                    : loaded 2 times (x 93B)
Class com.google.common.reflect.Types$ClassOwnership$1LocalClass                      : loaded 2 times (x 73B)
Class jdk.internal.jimage.ImageBufferCache                                            : loaded 2 times (x 73B)
Class jdk.internal.jrtfs.JrtPath                                                      : loaded 2 times (x 124B)
Class org.gradle.internal.classloader.ClasspathUtil                                   : loaded 2 times (x 73B)
Class org.jetbrains.kotlin.metadata.jvm.JvmProtoBuf$JvmFieldSignature$1               : loaded 2 times (x 146B)
Class org.jetbrains.kotlin.metadata.jvm.deserialization.UtfEncodingKt                 : loaded 2 times (x 73B)
Class com.android.builder.model.v2.models.SourceType                                  : loaded 2 times (x 81B)
Class com.android.tools.idea.gradle.model.impl.IdeSigningConfigImpl                   : loaded 2 times (x 80B)
Class com.android.tools.idea.gradle.project.sync.FetchedVariant                       : loaded 2 times (x 74B)
Class com.android.tools.idea.gradle.project.sync.SyncVariantResultSuccess             : loaded 2 times (x 74B)
Class com.android.tools.idea.gradle.model.CodeShrinker                                : loaded 2 times (x 81B)
Class com.google.common.collect.ImmutableMapEntry$NonTerminalImmutableMapEntry        : loaded 2 times (x 87B)
Class com.google.common.base.Equivalence                                              : loaded 2 times (x 84B)
Class kotlinx.coroutines.CompletionStateKt                                            : loaded 2 times (x 73B)
Class com.google.common.collect.ImmutableMultimap                                     : loaded 2 times (x 148B)
Class com.google.common.base.Predicates                                               : loaded 2 times (x 73B)
Class org.jetbrains.kotlin.build.report.metrics.DoNothingBuildMetricsReporter         : loaded 2 times (x 88B)
Class org.jetbrains.kotlin.name.FqName                                                : loaded 2 times (x 74B)
Class org.jetbrains.org.objectweb.asm.Type                                            : loaded 2 times (x 74B)
Class com.android.tools.idea.gradle.model.IdeAndroidGradlePluginProjectFlags          : loaded 2 times (x 72B)
Class org.jetbrains.kotlin.metadata.ProtoBuf$Property                                 : loaded 2 times (x 173B)
Class org.jetbrains.kotlin.metadata.ProtoBuf$TypeParameterOrBuilder                   : loaded 2 times (x 72B)
Class [Lorg.jetbrains.kotlin.metadata.ProtoBuf$TypeParameter$Variance;                : loaded 2 times (x 71B)
Class org.jetbrains.kotlin.metadata.ProtoBuf$Constructor                              : loaded 2 times (x 131B)
Class org.jetbrains.kotlin.metadata.jvm.deserialization.JvmMemberSignature            : loaded 2 times (x 76B)
Class org.jetbrains.kotlin.load.kotlin.header.KotlinClassHeader$Kind                  : loaded 2 times (x 81B)
Class org.jetbrains.kotlin.load.kotlin.KotlinJvmBinaryClass$AnnotationArgumentVisitor : loaded 2 times (x 72B)
Class com.google.common.collect.Maps$3                                                : loaded 2 times (x 84B)
Class kotlinx.coroutines.NonDisposableHandle                                          : loaded 2 times (x 80B)
Class com.google.common.util.concurrent.Uninterruptibles                              : loaded 2 times (x 73B)
Class org.jetbrains.kotlin.descriptors.CallableMemberDescriptor$Kind                  : loaded 2 times (x 81B)
Class com.android.tools.idea.gradle.project.sync.ModelCacheV2ImplKt$WhenMappings      : loaded 2 times (x 73B)
Class com.android.tools.idea.gradle.model.IdeAndroidLibraryImpl                       : loaded 2 times (x 108B)
Class com.android.tools.idea.gradle.model.IdePreResolvedModuleLibraryImpl             : loaded 2 times (x 83B)
Class com.android.tools.idea.gradle.project.sync.FetchedVariantResult$Finished        : loaded 2 times (x 74B)
Class com.android.tools.idea.gradle.project.sync.IdeSyncExecutionReport               : loaded 2 times (x 73B)
Class com.google.common.collect.ImmutableMapEntry                                     : loaded 2 times (x 87B)
Class com.google.common.reflect.Types$TypeVariableInvocationHandler                   : loaded 2 times (x 77B)
Class com.google.common.collect.MapMakerInternalMap$InternalEntry                     : loaded 2 times (x 72B)
Class org.jetbrains.kotlin.build.report.metrics.BuildTime                             : loaded 2 times (x 72B)
Class org.jetbrains.org.objectweb.asm.tree.AnnotationNode                             : loaded 2 times (x 82B)
Class com.android.tools.idea.gradle.project.sync.ModelFetchersKt$findVariantDependenciesV2Model$findModel$1: loaded 2 times (x 77B)
Class com.android.tools.idea.gradle.project.sync.FetchedVariantResult$InProgress      : loaded 2 times (x 73B)
Class org.jetbrains.kotlin.load.kotlin.header.ReadKotlinClassHeaderAnnotationVisitor$KotlinMetadataArgumentVisitor$2: loaded 2 times (x 87B)
Class org.jetbrains.kotlin.resolve.scopes.receivers.ReceiverValue                     : loaded 2 times (x 72B)
Class org.jetbrains.kotlin.metadata.jvm.JvmProtoBuf$JvmMethodSignature$Builder        : loaded 2 times (x 136B)
Class org.jetbrains.kotlin.metadata.ProtoBuf$VersionRequirementTableOrBuilder         : loaded 2 times (x 72B)
Class org.jetbrains.kotlin.metadata.jvm.JvmProtoBuf$JvmFieldSignatureOrBuilder        : loaded 2 times (x 72B)
Class org.jetbrains.org.objectweb.asm.ModuleVisitor                                   : loaded 2 times (x 83B)
Class com.google.common.io.CharSource                                                 : loaded 2 times (x 87B)
Class com.google.common.collect.AbstractMapBasedMultimap$WrappedSet                   : loaded 2 times (x 144B)
Class com.google.common.util.concurrent.LazyLogger                                    : loaded 2 times (x 74B)
Class com.google.common.collect.Maps                                                  : loaded 2 times (x 73B)
Class org.gradle.api.specs.Spec                                                       : loaded 2 times (x 72B)
Class org.jetbrains.kotlin.metadata.jvm.JvmProtoBuf$StringTableTypes$Record$1         : loaded 2 times (x 146B)
Class com.google.common.math.IntMath                                                  : loaded 2 times (x 73B)
Class com.google.common.collect.AbstractMapBasedMultimap$KeySet                       : loaded 2 times (x 139B)
Class com.google.common.collect.Streams                                               : loaded 2 times (x 73B)
Class org.jetbrains.kotlin.load.kotlin.header.ReadKotlinClassHeaderAnnotationVisitor$KotlinMetadataArgumentVisitor$1: loaded 2 times (x 87B)
Class org.jetbrains.kotlin.metadata.ProtoBuf$Class$1                                  : loaded 2 times (x 146B)
Class org.jetbrains.kotlin.descriptors.DelegatedDescriptorVisibility                  : loaded 2 times (x 81B)
Class org.jetbrains.kotlin.load.kotlin.header.KotlinClassHeader                       : loaded 2 times (x 74B)
Class org.jetbrains.kotlin.name.Name                                                  : loaded 2 times (x 77B)
Class com.google.common.collect.MapMaker                                              : loaded 2 times (x 74B)
Class com.google.common.reflect.Types$JavaVersion                                     : loaded 2 times (x 85B)
Class org.apache.commons.io.file.PathFilter                                           : loaded 2 times (x 72B)
Class [Lcom.google.common.collect.ImmutableEntry;                                     : loaded 2 times (x 71B)
Class jdk.internal.jimage.ImageReader$SharedImageReader$LocationVisitor               : loaded 2 times (x 72B)
Class org.jetbrains.kotlin.protobuf.ExtensionRegistryLite$ObjectIntPair               : loaded 2 times (x 74B)
Class org.jetbrains.kotlin.descriptors.Visibilities$Public                            : loaded 2 times (x 81B)
Class com.android.tools.idea.gradle.model.IdeProjectPath                              : loaded 2 times (x 72B)
Class com.android.tools.idea.gradle.project.sync.DependencyGraphCompat$AdjacencyList  : loaded 2 times (x 74B)
Class org.gradle.internal.service.CachingServiceLocator                               : loaded 2 times (x 84B)
Class kotlinx.coroutines.flow.internal.FusibleFlow                                    : loaded 2 times (x 72B)
Class com.google.common.cache.LocalCache$LocalManualCache                             : loaded 2 times (x 101B)
Class com.android.tools.idea.gradle.model.IdeUnresolvedLibrary                        : loaded 2 times (x 72B)
Class com.android.tools.idea.gradle.project.sync.ModelCacheV2ImplKt$modelCacheV2Impl$variantCoreFrom$6: loaded 2 times (x 131B)
Class org.jetbrains.kotlin.metadata.deserialization.Flags                             : loaded 2 times (x 73B)
Class org.jetbrains.kotlin.metadata.ProtoBuf$TypeTable$1                              : loaded 2 times (x 146B)
Class org.jetbrains.org.objectweb.asm.Symbol                                          : loaded 2 times (x 75B)
Class com.google.common.collect.Sets$3$1                                              : loaded 2 times (x 84B)
Class kotlinx.coroutines.CoroutineContextKt                                           : loaded 2 times (x 73B)
Class kotlinx.coroutines.flow.FlowKt__CollectKt                                       : loaded 2 times (x 73B)
Class com.google.common.cache.LocalCache$LoadingValueReference                        : loaded 2 times (x 98B)
Class com.google.common.base.CommonPattern                                            : loaded 2 times (x 76B)
Class kotlinx.coroutines.ChildContinuation                                            : loaded 2 times (x 88B)
Class org.apache.commons.io.CloseableURLConnection                                    : loaded 2 times (x 118B)
Class com.google.common.collect.ImmutableMap$SerializedForm                           : loaded 2 times (x 75B)
Class com.android.tools.idea.gradle.model.impl.IdeDependenciesInfoImpl                : loaded 2 times (x 77B)
Class com.android.tools.idea.gradle.project.sync.AndroidVariantResolver               : loaded 2 times (x 72B)
Class com.android.tools.idea.gradle.model.ClasspathType                               : loaded 2 times (x 81B)
Class com.android.tools.idea.gradle.model.IdeJavaLibrary                              : loaded 2 times (x 72B)
Class org.gradle.internal.classloader.ClassLoaderFactory                              : loaded 2 times (x 72B)
Class jdk.internal.jrtfs.JrtFileAttributes                                            : loaded 2 times (x 85B)
Class [Lcom.google.common.cache.LocalCache$EntryFactory;                              : loaded 2 times (x 71B)
Class kotlinx.coroutines.JobKt                                                        : loaded 2 times (x 73B)
Class kotlinx.coroutines.ChildHandleNode                                              : loaded 2 times (x 92B)
Class kotlinx.coroutines.scheduling.SchedulerCoroutineDispatcher                      : loaded 2 times (x 110B)
Class com.google.common.collect.LinkedListMultimap$DistinctKeyIterator                : loaded 2 times (x 84B)
Class org.jetbrains.kotlin.com.intellij.openapi.diagnostic.LogLevel                   : loaded 2 times (x 81B)
Class org.jetbrains.kotlin.metadata.ProtoBuf$Function                                 : loaded 2 times (x 162B)
Class kotlin.SynchronizedLazyImpl                                                     : loaded 2 times (x 78B)
Class Build_gradle$1                                                                  : loaded 2 times (x 76B)
Class com.google.common.io.LineReader$1                                               : loaded 2 times (x 77B)
Class com.google.common.collect.CollectSpliterators                                   : loaded 2 times (x 73B)
Class com.google.common.collect.MapMakerInternalMap$StrongKeyDummyValueEntry          : loaded 2 times (x 84B)
Class com.google.common.reflect.Invokable$MethodInvokable                             : loaded 2 times (x 109B)
Class com.google.common.collect.AbstractMapBasedMultimap$AsMap                        : loaded 2 times (x 130B)
Class kotlinx.coroutines.internal.DispatchedContinuation                              : loaded 2 times (x 91B)
Class com.google.common.base.Platform                                                 : loaded 2 times (x 73B)
Class kotlinx.coroutines.internal.Symbol                                              : loaded 2 times (x 74B)
Class jdk.internal.jimage.decompressor.ResourceDecompressorRepository                 : loaded 2 times (x 73B)
Class [Lorg.jetbrains.kotlin.protobuf.Internal$EnumLite;                              : loaded 2 times (x 71B)
Class com.android.tools.idea.gradle.model.impl.IdeProjectPathImpl                     : loaded 2 times (x 79B)
Class com.android.builder.model.v2.models.TestSuiteSourceDependenciesAdjacencyList    : loaded 2 times (x 72B)
Class org.gradle.internal.service.ServiceLookupException                              : loaded 2 times (x 84B)
Class jdk.internal.jimage.ImageReader$Resource                                        : loaded 2 times (x 86B)
Class jdk.internal.jimage.decompressor.Decompressor                                   : loaded 2 times (x 74B)
Class com.google.common.collect.Maps$EntryTransformer                                 : loaded 2 times (x 72B)
Class kotlinx.coroutines.ChildJob                                                     : loaded 2 times (x 72B)
Class kotlinx.coroutines.internal.SystemPropsKt__SystemPropsKt                        : loaded 2 times (x 73B)
Class kotlinx.coroutines.scheduling.TasksKt                                           : loaded 2 times (x 73B)
Class kotlinx.coroutines.CopyableThrowable                                            : loaded 2 times (x 72B)
Class com.google.common.reflect.TypeResolver$TypeTable$1                              : loaded 2 times (x 75B)
Class org.jetbrains.kotlin.cli.common.CompilerSystemProperties$value$1                : loaded 2 times (x 131B)
Class org.jetbrains.kotlin.protobuf.AbstractParser                                    : loaded 2 times (x 146B)
Class org.jetbrains.kotlin.metadata.ProtoBuf$Annotation$1                             : loaded 2 times (x 146B)
Class com.android.tools.idea.gradle.project.sync.ModelCacheV2ImplKt$modelCacheV2Impl$1: loaded 2 times (x 82B)
Class com.android.tools.idea.gradle.project.sync.VariantDetailsKt                     : loaded 2 times (x 73B)
Class com.google.common.cache.CacheLoader$SupplierToCacheLoader                       : loaded 2 times (x 77B)
Class org.objectweb.asm.RecordComponentVisitor                                        : loaded 2 times (x 79B)
Class com.android.tools.idea.gradle.project.sync.ResolvedAndroidProjectPath           : loaded 2 times (x 72B)
Class com.android.tools.idea.gradle.model.IdeDependenciesCore                         : loaded 2 times (x 72B)
Class com.android.tools.idea.gradle.model.impl.IdeDependenciesImplKt                  : loaded 2 times (x 73B)
Class com.google.common.collect.ImmutableMultiset                                     : loaded 2 times (x 165B)
Class com.google.common.reflect.TypeResolver$TypeTable                                : loaded 2 times (x 75B)
Class com.google.common.io.CharStreams                                                : loaded 2 times (x 73B)
Class kotlin.LazyKt__LazyJVMKt                                                        : loaded 2 times (x 73B)
Class org.jetbrains.kotlin.metadata.ProtoBuf$VersionRequirementTable                  : loaded 2 times (x 109B)
Class org.jetbrains.kotlin.protobuf.LazyField                                         : loaded 2 times (x 85B)
Class org.jetbrains.kotlin.load.kotlin.header.ReadKotlinClassHeaderAnnotationVisitor  : loaded 2 times (x 82B)
Class com.google.common.collect.AbstractMapBasedMultimap$WrappedList                  : loaded 2 times (x 207B)
Class [Lorg.objectweb.asm.AnnotationWriter;                                           : loaded 2 times (x 71B)
Class com.google.common.collect.Maps$8                                                : loaded 2 times (x 84B)
Class jdk.internal.jimage.ImageReader$Directory                                       : loaded 2 times (x 86B)
Class org.jetbrains.kotlin.descriptors.Visibilities$Private                           : loaded 2 times (x 81B)
Class com.android.ide.common.gradle.Module                                            : loaded 2 times (x 74B)
Class com.google.common.base.FunctionalEquivalence                                    : loaded 2 times (x 85B)
Class com.google.common.util.concurrent.AbstractFuture                                : loaded 2 times (x 108B)
Class com.google.common.collect.AbstractMapBasedMultimap                              : loaded 2 times (x 140B)
Class com.google.common.hash.HashFunction                                             : loaded 2 times (x 72B)
Class kotlinx.coroutines.internal.Removed                                             : loaded 2 times (x 74B)
Class org.jetbrains.kotlin.com.intellij.openapi.diagnostic.Logger$DefaultFactory      : loaded 2 times (x 76B)
Class com.android.tools.idea.gradle.project.sync.ModelResult                          : loaded 2 times (x 74B)
Class com.android.tools.idea.gradle.model.IdeUnresolvedAndroidLibrary                 : loaded 2 times (x 72B)
Class com.intellij.openapi.util.io.FileTooBigException                                : loaded 2 times (x 84B)
Class com.android.tools.idea.gradle.project.sync.GradleProject                        : loaded 2 times (x 77B)
Class com.intellij.openapi.util.io.FileUtilRt$SymlinkResolver                         : loaded 2 times (x 72B)
Class com.android.tools.idea.gradle.model.IdeJavaLibraryImpl                          : loaded 2 times (x 94B)
Class com.android.tools.idea.gradle.model.IdeJavaCompileOptions                       : loaded 2 times (x 72B)
Class com.android.tools.idea.gradle.project.sync.ModelCacheV2ImplKt$modelCacheV2Impl$variantCoreFrom$9: loaded 2 times (x 131B)
Class jdk.internal.jimage.BasicImageReader$1                                          : loaded 2 times (x 79B)
Class com.android.tools.idea.gradle.model.IdeArtifactName$Companion                   : loaded 2 times (x 73B)
Class com.google.common.base.Converter                                                : loaded 2 times (x 92B)
Class org.jetbrains.kotlin.descriptors.DescriptorVisibilities$10                      : loaded 2 times (x 78B)
Class kotlin.collections.ArrayAsCollection                                            : loaded 2 times (x 107B)
Class org.jetbrains.kotlin.metadata.ProtoBuf$TypeParameter$1                          : loaded 2 times (x 146B)
Class org.jetbrains.org.objectweb.asm.tree.LineNumberNode                             : loaded 2 times (x 80B)
Class kotlin.LazyKt__LazyKt                                                           : loaded 2 times (x 73B)
Class org.jetbrains.kotlin.com.google.common.base.Function                            : loaded 2 times (x 72B)
Class com.google.common.base.Predicates$CompositionPredicate                          : loaded 2 times (x 90B)
Class [Lcom.google.common.collect.Iterators$EmptyModifiableIterator;                  : loaded 2 times (x 71B)
Class com.google.common.collect.Sets$SetView                                          : loaded 2 times (x 141B)
Class com.google.common.cache.LocalCache$StrongValueReference                         : loaded 2 times (x 92B)
Class com.google.common.cache.ReferenceEntry                                          : loaded 2 times (x 72B)
Class com.google.common.util.concurrent.ListenableFuture                              : loaded 2 times (x 72B)
Class org.jetbrains.kotlin.build.report.metrics.GradleBuildTime$Companion             : loaded 2 times (x 73B)
Class org.jetbrains.kotlin.load.kotlin.KotlinJvmBinaryClass$AnnotationVisitor         : loaded 2 times (x 72B)
Class org.jetbrains.org.objectweb.asm.AnnotationWriter                                : loaded 2 times (x 80B)
Class org.jetbrains.kotlin.metadata.jvm.deserialization.JvmProtoBufUtil               : loaded 2 times (x 73B)
Class org.jetbrains.kotlin.metadata.ProtoBuf$Function$1                               : loaded 2 times (x 146B)
Class kotlin.collections.IndexedValue                                                 : loaded 2 times (x 74B)
Class org.jetbrains.kotlin.metadata.deserialization.Flags$BooleanFlagField            : loaded 2 times (x 78B)
Class com.android.tools.idea.gradle.project.sync.AndroidProjectResult                 : loaded 2 times (x 78B)
Class com.android.tools.idea.gradle.model.IdeExtraSourceProvider                      : loaded 2 times (x 72B)
Class com.android.tools.idea.gradle.project.sync.NativeVariantAbiResult$V2            : loaded 2 times (x 74B)
Class org.jetbrains.plugins.gradle.tooling.serialization.internal.IdeaProjectSerializationService$1: loaded 2 times (x 78B)
Class org.jetbrains.plugins.gradle.model.GradleConvention                             : loaded 2 times (x 72B)
Class org.jetbrains.kotlin.descriptors.DescriptorVisibilities$11                      : loaded 2 times (x 78B)
Class org.jetbrains.kotlin.metadata.deserialization.BinaryVersion$Companion           : loaded 2 times (x 73B)
Class kotlin.UNINITIALIZED_VALUE                                                      : loaded 2 times (x 73B)
Class com.google.common.graph.SuccessorsFunction                                      : loaded 2 times (x 72B)
Class org.objectweb.asm.Type                                                          : loaded 2 times (x 74B)
Class org.gradle.internal.classloader.VisitableURLClassLoader$InstrumentingVisitableURLClassLoader: loaded 2 times (x 124B)
Class org.jetbrains.plugins.gradle.tooling.util.GradleVersionComparator               : loaded 2 times (x 77B)
Class org.gradle.api.internal.classpath.DefaultModuleRegistry                         : loaded 2 times (x 86B)
Class jdk.internal.jimage.ImageReader$Node                                            : loaded 2 times (x 86B)
Class com.google.common.collect.LinkedListMultimap                                    : loaded 2 times (x 162B)
Class com.google.common.collect.Multimaps$AsMap$EntrySet                              : loaded 2 times (x 140B)
Class com.android.tools.idea.gradle.model.impl.IdeBuildTypeContainerImpl              : loaded 2 times (x 81B)
Class com.android.tools.idea.gradle.model.impl.ThrowingIdeDependencies                : loaded 2 times (x 80B)
Class com.google.common.cache.LocalCache$LocalManualCache$1                           : loaded 2 times (x 77B)
Class kotlinx.coroutines.Job$Key                                                      : loaded 2 times (x 73B)
Class com.google.common.collect.ImmutableMultimap$Values                              : loaded 2 times (x 128B)
Class com.google.common.collect.Iterators$6                                           : loaded 2 times (x 83B)
Class org.jetbrains.plugins.gradle.tooling.serialization.internal.IdeaProjectSerializationService$2: loaded 2 times (x 79B)
Class com.android.tools.idea.gradle.project.sync.AllVariantsSyncActionOptions         : loaded 2 times (x 75B)
Class com.android.tools.idea.gradle.model.impl.IdeProductFlavorImpl                   : loaded 2 times (x 103B)
Class org.jetbrains.kotlin.name.FqNameUnsafe                                          : loaded 2 times (x 74B)
Class org.jetbrains.kotlin.load.kotlin.FileBasedKotlinClass$3$1                       : loaded 2 times (x 80B)
Class org.jetbrains.kotlin.metadata.jvm.JvmProtoBuf$JvmMethodSignature$1              : loaded 2 times (x 146B)
Class org.jetbrains.kotlin.protobuf.WireFormat$FieldType$4                            : loaded 2 times (x 84B)
Class org.jetbrains.kotlin.descriptors.DescriptorVisibilities$12                      : loaded 2 times (x 78B)
Class org.jetbrains.kotlin.metadata.ProtoBuf$ClassOrBuilder                           : loaded 2 times (x 72B)
Class org.jetbrains.kotlin.metadata.ProtoBuf$ValueParameter                           : loaded 2 times (x 134B)
Class org.gradle.kotlin.dsl.AndroidTestImplementationConfigurationAccessorsKt         : loaded 2 times (x 73B)
Class com.google.common.collect.MapMakerInternalMap$StrongKeyDummyValueEntry$Helper   : loaded 2 times (x 81B)
Class org.apache.commons.io.FileUtils                                                 : loaded 2 times (x 73B)
Class com.google.common.io.Files$FileByteSink                                         : loaded 2 times (x 79B)
Class kotlinx.coroutines.Job$DefaultImpls                                             : loaded 2 times (x 73B)
Class com.google.common.math.IntMath$1                                                : loaded 2 times (x 73B)
Class org.objectweb.asm.ByteVector                                                    : loaded 2 times (x 81B)
Class [Lcom.google.common.cache.CacheBuilder$NullListener;                            : loaded 2 times (x 71B)
Class org.gradle.internal.classloader.VisitableURLClassLoader$Spec                    : loaded 2 times (x 76B)
Class org.gradle.internal.classpath.DefaultClassPath                                  : loaded 2 times (x 92B)
Class org.jetbrains.kotlin.metadata.ProtoBuf$Type$1                                   : loaded 2 times (x 146B)
Class org.jetbrains.kotlin.metadata.ProtoBuf$Contract$1                               : loaded 2 times (x 146B)
Class [Lorg.jetbrains.kotlin.metadata.ProtoBuf$Annotation$Argument$Value$Type;        : loaded 2 times (x 71B)
Class org.jetbrains.kotlin.descriptors.Visibilities$Internal                          : loaded 2 times (x 81B)
Class com.android.tools.idea.gradle.project.sync.FetchedVariantResult                 : loaded 2 times (x 73B)
Class jdk.internal.jimage.decompressor.ResourceDecompressorFactory                    : loaded 2 times (x 76B)
Class com.google.common.util.concurrent.internal.InternalFutureFailureAccess          : loaded 2 times (x 74B)
Class com.google.common.collect.ImmutableSet$JdkBackedSetBuilderImpl                  : loaded 2 times (x 78B)
Class com.google.common.base.Splitter$SplittingIterator                               : loaded 2 times (x 85B)
Class org.apache.commons.io.output.NullWriter                                         : loaded 2 times (x 101B)
Class org.jetbrains.org.objectweb.asm.AnnotationVisitor                               : loaded 2 times (x 80B)
Class org.jetbrains.plugins.gradle.tooling.serialization.internal.IdeaProjectSerializationService$3: loaded 2 times (x 79B)
Class com.android.tools.idea.gradle.model.IdeAndroidLibrary                           : loaded 2 times (x 72B)
Class org.jetbrains.kotlin.protobuf.WireFormat$FieldType$3                            : loaded 2 times (x 84B)
Class [Lcom.android.tools.idea.gradle.project.sync.AndroidModule$NativeModelVersion;  : loaded 2 times (x 71B)
Class com.android.tools.idea.gradle.model.impl.IdeAndroidProjectImpl$Companion        : loaded 2 times (x 73B)
Class com.android.tools.idea.gradle.model.impl.IdeAaptOptionsImpl                     : loaded 2 times (x 77B)
Class com.android.tools.idea.gradle.model.IdeProductFlavor                            : loaded 2 times (x 72B)
Class com.android.tools.idea.gradle.project.sync.AdditionalClassifierArtifactsModelCollectorKt: loaded 2 times (x 73B)
Class org.gradle.internal.installation.GradleInstallation$1                           : loaded 2 times (x 77B)
Class org.gradle.api.internal.classpath.ModuleRegistry                                : loaded 2 times (x 72B)
Class jdk.internal.jimage.ImageReader$SharedImageReader                               : loaded 2 times (x 97B)
Class org.jetbrains.kotlin.metadata.ProtoBuf$Annotation$Argument$ValueOrBuilder       : loaded 2 times (x 72B)
Class [Lorg.jetbrains.kotlin.build.report.metrics.GradleBuildTime;                    : loaded 2 times (x 71B)
Class com.google.common.reflect.Types$ClassOwnership                                  : loaded 2 times (x 82B)
Class com.google.common.base.AbstractIterator                                         : loaded 2 times (x 82B)
Class org.objectweb.asm.Symbol                                                        : loaded 2 times (x 75B)
Class jdk.internal.jimage.decompressor.ZipDecompressorFactory                         : loaded 2 times (x 76B)
Class com.google.common.collect.ImmutableBiMap                                        : loaded 2 times (x 145B)
Class com.google.common.cache.CacheLoader                                             : loaded 2 times (x 76B)
Class [Lorg.objectweb.asm.SymbolTable$Entry;                                          : loaded 2 times (x 71B)
Class com.google.common.collect.AbstractListMultimap                                  : loaded 2 times (x 173B)
Class [Lcom.google.common.base.Supplier;                                              : loaded 2 times (x 71B)
Class org.jetbrains.kotlin.protobuf.WireFormat$FieldType$2                            : loaded 2 times (x 84B)
Class [Lorg.jetbrains.kotlin.protobuf.WireFormat$FieldType;                           : loaded 2 times (x 71B)
Class org.jetbrains.kotlin.metadata.ProtoBuf$ValueParameter$1                         : loaded 2 times (x 146B)
Class org.jetbrains.kotlin.metadata.ProtoBuf$TypeParameter                            : loaded 2 times (x 131B)
Class com.android.tools.idea.gradle.model.impl.IdeVariantCoreSerializable             : loaded 2 times (x 72B)
Class com.android.builder.model.v2.models.ndk.NativeBuildSystem                       : loaded 2 times (x 81B)
Class org.jetbrains.kotlin.metadata.ProtoBuf$Visibility                               : loaded 2 times (x 84B)
Class org.jetbrains.kotlin.metadata.ProtoBuf$ConstructorOrBuilder                     : loaded 2 times (x 72B)
Class org.jetbrains.kotlin.metadata.jvm.JvmProtoBuf                                   : loaded 2 times (x 73B)
Class org.jetbrains.kotlin.metadata.jvm.deserialization.JvmMemberSignature$Field      : loaded 2 times (x 77B)
Class com.google.common.collect.Sets$FilteredSet                                      : loaded 2 times (x 139B)
Class com.google.common.io.Java8Compatibility                                         : loaded 2 times (x 73B)
Class com.google.common.io.Closer                                                     : loaded 2 times (x 80B)
Class kotlinx.coroutines.TimeoutCancellationException                                 : loaded 2 times (x 87B)
Class kotlinx.coroutines.internal.ListClosed                                          : loaded 2 times (x 76B)
Class kotlinx.coroutines.CompletableJob                                               : loaded 2 times (x 72B)
Class com.google.common.collect.RegularImmutableMap$Values                            : loaded 2 times (x 209B)
Class org.gradle.internal.classloader.ClassLoaderSpec                                 : loaded 2 times (x 73B)
Class com.android.tools.idea.gradle.project.sync.AndroidProjectResult$Companion$RuntimeClasspathBehaviour: loaded 2 times (x 73B)
Class com.android.tools.idea.gradle.model.impl.IdeMultiVariantDataImpl                : loaded 2 times (x 79B)
Class com.android.tools.idea.gradle.model.IdeUnresolvedJavaLibrary                    : loaded 2 times (x 72B)
Class com.android.tools.idea.gradle.project.sync.NativeVariantAbiResult               : loaded 2 times (x 73B)
Class com.android.tools.idea.gradle.project.sync.StandaloneDeliverableModel           : loaded 2 times (x 77B)
Class jdk.internal.jimage.ImageReader                                                 : loaded 2 times (x 77B)
Class kotlinx.coroutines.flow.MutableSharedFlow                                       : loaded 2 times (x 72B)
Class com.google.common.cache.LocalCache$Segment                                      : loaded 2 times (x 155B)
Class kotlinx.coroutines.internal.ConcurrentLinkedListNode                            : loaded 2 times (x 75B)
Class com.google.common.collect.AbstractMapBasedMultimap$AsMap$AsMapEntries           : loaded 2 times (x 140B)
Class com.google.common.reflect.TypeToken$2                                           : loaded 2 times (x 112B)
Class com.android.tools.idea.gradle.model.LibraryReference                            : loaded 2 times (x 74B)
Class com.android.tools.idea.gradle.model.IdeAaptOptions                              : loaded 2 times (x 72B)
Class com.android.builder.model.v2.ide.TestSuite                                      : loaded 2 times (x 72B)
Class sync_studio_tooling9_330kc22agwvdqw896gj1o959n$_run_closure1                    : loaded 2 times (x 140B)
Class org.jetbrains.kotlin.descriptors.DeclarationDescriptorWithVisibility            : loaded 2 times (x 72B)
Class org.jetbrains.kotlin.protobuf.SmallSortedMap                                    : loaded 2 times (x 131B)
Class org.jetbrains.org.objectweb.asm.tree.AbstractInsnNode                           : loaded 2 times (x 80B)
Class com.google.common.io.ByteSource$EmptyByteSource                                 : loaded 2 times (x 87B)
Class kotlinx.coroutines.DebugStringsKt                                               : loaded 2 times (x 73B)
Class org.objectweb.asm.AnnotationWriter                                              : loaded 2 times (x 80B)
Class com.google.common.cache.CacheStats                                              : loaded 2 times (x 73B)
Class [Lorg.jetbrains.kotlin.cli.common.messages.CompilerMessageSeverity;             : loaded 2 times (x 71B)
Class org.jetbrains.kotlin.protobuf.ByteString                                        : loaded 2 times (x 110B)
Class org.jetbrains.kotlin.metadata.jvm.JvmProtoBuf$JvmMethodSignatureOrBuilder       : loaded 2 times (x 72B)
Class org.jetbrains.kotlin.protobuf.WireFormat$FieldType$1                            : loaded 2 times (x 84B)
Class org.jetbrains.kotlin.protobuf.GeneratedMessageLite$Builder                      : loaded 2 times (x 130B)
Class org.jetbrains.kotlin.metadata.ProtoBuf$Class$Kind                               : loaded 2 times (x 84B)
Class com.android.tools.idea.gradle.project.sync.DefaultVariantsKt                    : loaded 2 times (x 73B)
Class com.android.tools.idea.gradle.model.IdeJavaArtifactCore                         : loaded 2 times (x 72B)
Class com.google.common.collect.ImmutableMap$IteratorBasedImmutableMap                : loaded 2 times (x 128B)
Class com.google.common.cache.LocalCache$ComputingValueReference                      : loaded 2 times (x 98B)
Class com.google.common.reflect.TypeToken$1                                           : loaded 2 times (x 112B)
Class org.jetbrains.kotlin.load.kotlin.FileBasedKotlinClass$4                         : loaded 2 times (x 90B)
Class com.android.tools.idea.gradle.model.impl.IdeTestOptionsImpl                     : loaded 2 times (x 79B)
Class jdk.internal.jimage.ImageStringsReader                                          : loaded 2 times (x 82B)
Class com.google.common.base.Suppliers$SupplierOfInstance                             : loaded 2 times (x 81B)
Class org.objectweb.asm.Edge                                                          : loaded 2 times (x 74B)
Class org.jetbrains.kotlin.load.kotlin.FileBasedKotlinClass$3                         : loaded 2 times (x 80B)
Class org.jetbrains.plugins.gradle.tooling.serialization.internal.IdeaProjectSerializationService$6: loaded 2 times (x 78B)
Class org.jetbrains.org.objectweb.asm.ClassWriter                                     : loaded 2 times (x 107B)
Class [Lcom.android.tools.idea.gradle.model.ClasspathType;                            : loaded 2 times (x 71B)
Class [Lcom.android.builder.model.v2.models.ndk.NativeBuildSystem;                    : loaded 2 times (x 71B)
Class org.jetbrains.kotlin.metadata.ProtoBuf$Type                                     : loaded 2 times (x 146B)
Class [Lcom.android.tools.idea.gradle.model.IdeArtifactName;                          : loaded 2 times (x 71B)
Class org.jetbrains.kotlin.protobuf.SmallSortedMap$EmptySet                           : loaded 2 times (x 73B)
Class org.jetbrains.kotlin.protobuf.MessageLite                                       : loaded 2 times (x 72B)
Class org.jetbrains.kotlin.load.kotlin.header.KotlinClassHeader$Kind$Companion        : loaded 2 times (x 73B)
Class com.google.common.collect.Interners                                             : loaded 2 times (x 73B)
Class com.google.common.io.Closer$Suppressor                                          : loaded 2 times (x 72B)
Class com.google.common.io.LineProcessor                                              : loaded 2 times (x 72B)
Class com.google.common.collect.ImmutableMultisetGwtSerializationDependencies         : loaded 2 times (x 127B)
Class kotlinx.coroutines.CoroutineStart$WhenMappings                                  : loaded 2 times (x 73B)
Class org.objectweb.asm.RecordComponentWriter                                         : loaded 2 times (x 79B)
Class com.google.common.util.concurrent.AbstractFuture$Listener                       : loaded 2 times (x 74B)
Class Settings_gradle$1$1                                                             : loaded 2 times (x 76B)
Class org.gradle.api.internal.classpath.Module$ModuleAlias                            : loaded 2 times (x 72B)
Class org.jetbrains.kotlin.metadata.ProtoBuf$Property$1                               : loaded 2 times (x 146B)
Class org.jetbrains.kotlin.metadata.ProtoBuf$Class                                    : loaded 2 times (x 187B)
Class com.android.tools.idea.gradle.model.IdeSourceProviderKt                         : loaded 2 times (x 73B)
Class com.android.tools.idea.gradle.model.impl.IdeAndroidGradlePluginProjectFlagsImpl : loaded 2 times (x 89B)
Class [Lcom.intellij.openapi.diagnostic.LogLevel;                                     : loaded 2 times (x 71B)
Class org.gradle.internal.Factory                                                     : loaded 2 times (x 72B)
Class sync_studio_tooling7_3d9gqsz7nck2m348ercytvrh9$_run_closure1                    : loaded 2 times (x 140B)
Class org.gradle.api.internal.classpath.DefaultModuleRegistry$DefaultModuleAlias      : loaded 2 times (x 82B)
Class org.objectweb.asm.SymbolTable$Entry                                             : loaded 2 times (x 75B)
Class kotlinx.coroutines.CoroutineDispatcher$Key                                      : loaded 2 times (x 74B)
Class [Lkotlinx.coroutines.CoroutineStart;                                            : loaded 2 times (x 71B)
Class org.jetbrains.kotlin.cli.common.arguments.Freezable                             : loaded 2 times (x 74B)
Class com.google.errorprone.annotations.DoNotMock                                     : loaded 2 times (x 72B)
Class com.google.common.io.CharStreams$NullWriter                                     : loaded 2 times (x 101B)
Class org.jetbrains.plugins.gradle.tooling.serialization.internal.IdeaProjectSerializationService$7: loaded 2 times (x 78B)
Class com.android.tools.idea.gradle.project.sync.DeliverableJavaModule                : loaded 2 times (x 78B)
Class com.intellij.openapi.util.io.FileUtil                                           : loaded 2 times (x 73B)
Class org.jetbrains.kotlin.load.kotlin.FileBasedKotlinClass$2                         : loaded 2 times (x 90B)
Class org.jetbrains.kotlin.com.intellij.openapi.diagnostic.Logger                     : loaded 2 times (x 101B)
Class com.android.builder.model.v2.ide.TestSuiteArtifact                              : loaded 2 times (x 72B)
Class org.jetbrains.kotlin.cli.common.ModuleVisibilityHelperImpl                      : loaded 2 times (x 76B)
Class org.objectweb.asm.Attribute                                                     : loaded 2 times (x 79B)
Class com.google.common.base.Supplier                                                 : loaded 2 times (x 72B)
Class org.gradle.internal.classloader.VisitableURLClassLoader                         : loaded 2 times (x 118B)
Class org.jetbrains.kotlin.protobuf.GeneratedMessageLite$GeneratedExtension           : loaded 2 times (x 81B)
Class org.jetbrains.kotlin.metadata.ProtoBuf$Type$ArgumentOrBuilder                   : loaded 2 times (x 72B)
Class com.android.builder.model.v2.ide.TestSuiteVariantTarget                         : loaded 2 times (x 72B)
Class com.android.tools.idea.gradle.model.IdeTestOptions$Execution                    : loaded 2 times (x 81B)
Class com.android.builder.model.v2.ide.UnresolvedDependency                           : loaded 2 times (x 72B)
Class com.google.common.base.JdkPattern                                               : loaded 2 times (x 77B)
Class com.google.common.collect.LinkedListMultimap$Node                               : loaded 2 times (x 84B)
Class com.google.common.io.Files$FileByteSource                                       : loaded 2 times (x 87B)
Class [Lcom.google.common.reflect.Types$JavaVersion;                                  : loaded 2 times (x 71B)
Class com.google.common.collect.Interners$InternerBuilder                             : loaded 2 times (x 78B)
Class org.jetbrains.kotlin.load.kotlin.FileBasedKotlinClass$1                         : loaded 2 times (x 90B)
Class org.jetbrains.kotlin.metadata.deserialization.TypeTable                         : loaded 2 times (x 74B)
Class com.android.tools.idea.gradle.model.impl.IdeDependenciesCoreDirect              : loaded 2 times (x 81B)
Class org.gradle.internal.classpath.ClassPath                                         : loaded 2 times (x 72B)
Class Settings_gradle$1                                                               : loaded 2 times (x 76B)
Class com.google.common.cache.CacheBuilder                                            : loaded 2 times (x 74B)
Class org.jetbrains.plugins.gradle.tooling.serialization.internal.IdeaProjectSerializationService$8: loaded 2 times (x 78B)
Class com.intellij.openapi.util.io.FileUtil$1                                         : loaded 2 times (x 79B)
Class com.google.common.collect.ImmutableList$SerializedForm                          : loaded 2 times (x 75B)
Class kotlinx.coroutines.flow.FlowCollector                                           : loaded 2 times (x 72B)
Class Settings_gradle                                                                 : loaded 2 times (x 126B)
Class org.jetbrains.kotlin.cli.common.arguments.K2JVMCompilerArgumentsConfigurator    : loaded 2 times (x 76B)
Class com.google.common.io.ByteSink                                                   : loaded 2 times (x 78B)
Class com.google.common.cache.RemovalCause                                            : loaded 2 times (x 82B)
Class org.jetbrains.kotlin.cli.common.messages.CompilerMessageSourceLocation          : loaded 2 times (x 72B)
Class org.jetbrains.kotlin.name.FqNameUnsafe$Companion                                : loaded 2 times (x 73B)
Class org.jetbrains.org.objectweb.asm.tree.LookupSwitchInsnNode                       : loaded 2 times (x 80B)
Class org.jetbrains.kotlin.load.kotlin.KotlinJvmBinaryClass$AnnotationArrayArgumentVisitor: loaded 2 times (x 72B)
Class org.jetbrains.kotlin.gradle.idea.kpm.IdeaKpmProjectContainer                    : loaded 2 times (x 72B)
Class com.android.tools.idea.gradle.project.sync.IndexedModels                        : loaded 2 times (x 74B)
Class org.jetbrains.kotlin.descriptors.DescriptorVisibilities                         : loaded 2 times (x 73B)
Class com.intellij.openapi.util.io.FileUtil$2                                         : loaded 2 times (x 84B)
Class com.android.tools.idea.gradle.model.IdeUnresolvedUnknownLibrary                 : loaded 2 times (x 72B)
Class org.jetbrains.kotlin.descriptors.DeclarationDescriptor                          : loaded 2 times (x 72B)
Class com.android.tools.idea.gradle.model.IdeAndroidProject                           : loaded 2 times (x 72B)
Class GradleDaemonClasspathEnhancer$_getTestClasspath_closure2                        : loaded 2 times (x 140B)
Class com.android.builder.model.v2.models.HostJarTestSuiteSource                      : loaded 2 times (x 72B)
Class [Lcom.android.tools.idea.gradle.model.impl.IdeModuleWellKnownSourceSet;         : loaded 2 times (x 71B)
Class GradleDaemonClasspathEnhancer$_findJarsForClasses_closure3                      : loaded 2 times (x 141B)
Class org.jetbrains.kotlin.protobuf.CodedOutputStream                                 : loaded 2 times (x 74B)
Class org.jetbrains.kotlin.metadata.ProtoBuf$Annotation                               : loaded 2 times (x 111B)
Class org.jetbrains.org.objectweb.asm.tree.TypeInsnNode                               : loaded 2 times (x 80B)
Class com.google.common.collect.MapMakerInternalMap                                   : loaded 2 times (x 162B)
Class kotlinx.coroutines.NodeList                                                     : loaded 2 times (x 80B)
Class kotlinx.coroutines.CompletedExceptionally                                       : loaded 2 times (x 74B)
Class kotlinx.coroutines.JobKt__JobKt                                                 : loaded 2 times (x 73B)
Class com.google.common.base.Strings                                                  : loaded 2 times (x 73B)
Class com.google.common.collect.Sets                                                  : loaded 2 times (x 73B)
Class org.objectweb.asm.Handler                                                       : loaded 2 times (x 74B)
Class com.google.common.base.Ticker                                                   : loaded 2 times (x 74B)
Class jdk.internal.jimage.decompressor.ZipDecompressor                                : loaded 2 times (x 77B)
Class com.android.tools.idea.gradle.project.sync.ModelCacheV1ImplKt                   : loaded 2 times (x 73B)
Class com.android.tools.idea.gradle.model.ndk.v2.IdeNativeModule                      : loaded 2 times (x 72B)
Class sync_studio_tooling10_96u6hsmlz45arklqgtl8v6pdw$_run_closure1                   : loaded 2 times (x 140B)
Class jdk.internal.jimage.decompressor.ResourceDecompressor                           : loaded 2 times (x 72B)
Class kotlinx.coroutines.ThreadContextElement                                         : loaded 2 times (x 72B)
Class kotlinx.coroutines.internal.SystemPropsKt__SystemProps_commonKt                 : loaded 2 times (x 73B)
Class kotlinx.coroutines.DispatchedTaskKt                                             : loaded 2 times (x 73B)
Class com.google.common.reflect.TypeToken                                             : loaded 2 times (x 75B)
Class org.apache.commons.io.IOUtils                                                   : loaded 2 times (x 73B)
Class com.google.common.collect.MapMakerInternalMap$Segment                           : loaded 2 times (x 143B)
Class org.gradle.kotlin.dsl.DebugImplementationConfigurationAccessorsKt               : loaded 2 times (x 73B)
Class org.jetbrains.org.objectweb.asm.ByteVector                                      : loaded 2 times (x 80B)
Class org.jetbrains.kotlin.protobuf.SmallSortedMap$EmptySet$2                         : loaded 2 times (x 80B)
Class org.jetbrains.kotlin.metadata.ProtoBuf$ValueParameterOrBuilder                  : loaded 2 times (x 72B)
Class org.jetbrains.kotlin.metadata.jvm.JvmProtoBuf$JvmPropertySignature              : loaded 2 times (x 116B)
Class org.jetbrains.kotlin.metadata.ProtoBuf$PackageOrBuilder                         : loaded 2 times (x 72B)
Class org.jetbrains.kotlin.descriptors.Visibilities$Protected                         : loaded 2 times (x 81B)
Class com.intellij.util.containers.UtilKt                                             : loaded 2 times (x 73B)
Class com.android.tools.idea.gradle.model.impl.IdeSourceProviderContainerImpl         : loaded 2 times (x 78B)
Class com.android.tools.idea.gradle.project.sync.BasicModulesKt                       : loaded 2 times (x 73B)
Class com.android.tools.idea.gradle.model.impl.IdeBasicVariantImpl                    : loaded 2 times (x 81B)
Class [Lorg.jetbrains.kotlin.metadata.jvm.JvmProtoBuf$StringTableTypes$Record$Operation;: loaded 2 times (x 71B)
Class [Lorg.jetbrains.kotlin.load.kotlin.header.KotlinClassHeader$Kind;               : loaded 2 times (x 71B)
Class com.google.common.cache.RemovalCause$1                                          : loaded 2 times (x 82B)
Class [Lcom.google.common.cache.LocalCache$Segment;                                   : loaded 2 times (x 71B)
Class [Lcom.google.common.cache.LocalCache$Strength;                                  : loaded 2 times (x 71B)
Class com.google.common.cache.CacheBuilder$1                                          : loaded 2 times (x 87B)
Class com.google.common.collect.ImmutableMap                                          : loaded 2 times (x 122B)
Class org.gradle.internal.classpath.DefaultClassPath$ImmutableUniqueList$Builder      : loaded 2 times (x 77B)
Class org.gradle.api.internal.ClassPathRegistry                                       : loaded 2 times (x 72B)
Class org.gradle.internal.classpath.DefaultClassPath$ImmutableUniqueList              : loaded 2 times (x 201B)
Class com.google.common.primitives.IntsMethodsForWeb                                  : loaded 2 times (x 73B)
Class com.google.common.collect.ImmutableMultimap$Keys                                : loaded 2 times (x 168B)
Class org.apache.commons.io.file.DeleteOption                                         : loaded 2 times (x 72B)
Class com.google.common.reflect.Invokable$ConstructorInvokable                        : loaded 2 times (x 109B)
Class org.jetbrains.kotlin.cli.common.messages.MessageCollector                       : loaded 2 times (x 72B)
Class com.google.common.collect.Maps$EntryFunction$2                                  : loaded 2 times (x 93B)
Class org.jetbrains.kotlin.protobuf.AbstractMessageLite$Builder$LimitedInputStream    : loaded 2 times (x 94B)
Class org.jetbrains.kotlin.protobuf.SmallSortedMap$EmptySet$1                         : loaded 2 times (x 80B)
Class org.jetbrains.kotlin.metadata.ProtoBuf$Type$Argument$Projection$1               : loaded 2 times (x 76B)
Class com.android.tools.idea.gradle.project.sync.ArtifactDependenciesCompat$AdjacencyList: loaded 2 times (x 74B)
Class com.android.tools.idea.gradle.project.sync.ModelCacheV2ImplKt$modelCacheV2Impl$createFromDependencies$1$LibraryWithDependencies: loaded 2 times (x 74B)
Class com.android.tools.idea.gradle.model.impl.IdeViewBindingOptionsImpl              : loaded 2 times (x 76B)
Class com.android.tools.idea.gradle.project.sync.ModelCacheV2ImplKt$modelCacheV2Impl$createFromDependencies$1$LibrariesByType: loaded 2 times (x 74B)
Class org.jetbrains.kotlin.serialization.deserialization.ProtoEnumFlags               : loaded 2 times (x 73B)
Class org.jetbrains.kotlin.protobuf.Internal$EnumLite                                 : loaded 2 times (x 72B)
Class kotlin.jvm.functions.Function3                                                  : loaded 2 times (x 72B)
Class com.google.common.cache.RemovalCause$2                                          : loaded 2 times (x 82B)
Class com.google.common.collect.MapMakerInternalMap$WeakValueReference                : loaded 2 times (x 72B)
Class com.google.common.collect.LinkedListMultimap$ValueForKeyIterator                : loaded 2 times (x 101B)
Class kotlinx.coroutines.CoroutineStart                                               : loaded 2 times (x 81B)
Class com.google.common.cache.LocalCache                                              : loaded 2 times (x 188B)
Class com.google.common.cache.CacheBuilder$2                                          : loaded 2 times (x 81B)
Class org.jetbrains.plugins.gradle.tooling.serialization.internal.IdeaProjectSerializationService$JavaHomePathGetter: loaded 2 times (x 77B)
Class org.gradle.api.internal.DefaultClassPathRegistry                                : loaded 2 times (x 78B)
Class com.google.common.cache.RemovalListener                                         : loaded 2 times (x 72B)
Class com.google.common.collect.AbstractMapBasedMultimap$AsMap$AsMapIterator          : loaded 2 times (x 85B)
Class com.google.common.collect.AbstractMapBasedMultimap$WrappedCollection$WrappedIterator: loaded 2 times (x 86B)
Class com.google.common.base.Present                                                  : loaded 2 times (x 83B)
Class com.google.common.collect.Maps$EntryFunction$1                                  : loaded 2 times (x 93B)
Class kotlin.io.ByteStreamsKt                                                         : loaded 2 times (x 73B)
Class org.jetbrains.org.objectweb.asm.MethodVisitor                                   : loaded 2 times (x 107B)
Class org.jetbrains.org.objectweb.asm.FieldWriter                                     : loaded 2 times (x 79B)
Class org.jetbrains.org.objectweb.asm.tree.VarInsnNode                                : loaded 2 times (x 80B)
Class [Lkotlin.reflect.KAnnotatedElement;                                             : loaded 2 times (x 71B)
Class sync_studio_tooling7_3d9gqsz7nck2m348ercytvrh9                                  : loaded 2 times (x 173B)
Class com.google.common.collect.ImmutableMap$Builder                                  : loaded 2 times (x 84B)
Class com.google.common.util.concurrent.AbstractFuture$Cancellation                   : loaded 2 times (x 74B)
Class kotlinx.coroutines.CancelHandler                                                : loaded 2 times (x 72B)
Class com.google.common.base.NullnessCasts                                            : loaded 2 times (x 73B)
Class com.android.tools.idea.gradle.project.sync.VariantSelectionKt                   : loaded 2 times (x 73B)
Class org.apache.commons.io.filefilter.IOFileFilter                                   : loaded 2 times (x 72B)
Class com.android.tools.idea.gradle.project.sync.AndroidProjectResult$V2Project       : loaded 2 times (x 79B)
Class com.google.common.io.AppendableWriter                                           : loaded 2 times (x 101B)
Class org.jetbrains.kotlin.protobuf.RopeByteString                                    : loaded 2 times (x 112B)
Class org.jetbrains.kotlin.metadata.jvm.deserialization.JvmNameResolverBase           : loaded 2 times (x 82B)
Class org.jetbrains.org.objectweb.asm.tree.IincInsnNode                               : loaded 2 times (x 80B)
Class org.jetbrains.org.objectweb.asm.tree.MultiANewArrayInsnNode                     : loaded 2 times (x 80B)
Class com.google.common.cache.RemovalCause$3                                          : loaded 2 times (x 82B)
Class kotlinx.coroutines.JobCancellationException                                     : loaded 2 times (x 87B)
Class org.jetbrains.kotlin.cli.common.arguments.K2JVMCompilerArguments                : loaded 2 times (x 77B)
Class kotlinx.coroutines.CoroutineId                                                  : loaded 2 times (x 95B)
Class com.google.common.collect.ArrayListMultimap                                     : loaded 2 times (x 173B)
Class com.google.common.cache.CacheBuilder$3                                          : loaded 2 times (x 74B)
Class [Lcom.google.common.collect.AbstractMapEntry;                                   : loaded 2 times (x 71B)
Class com.google.common.collect.ImmutableEntry                                        : loaded 2 times (x 84B)
Class org.jetbrains.kotlin.build.report.metrics.BuildMetricsReporter                  : loaded 2 times (x 72B)
Class org.jetbrains.kotlin.protobuf.LazyFieldLite                                     : loaded 2 times (x 84B)
Class org.jetbrains.kotlin.protobuf.LiteralByteString                                 : loaded 2 times (x 114B)
Class kotlin.collections.IndexingIterator                                             : loaded 2 times (x 81B)
Class com.android.builder.model.v2.ide.JUnitEngineInfo                                : loaded 2 times (x 72B)
Class com.android.tools.idea.gradle.project.sync.AndroidModule$V2                     : loaded 2 times (x 90B)
Class jdk.internal.jimage.ImageHeader                                                 : loaded 2 times (x 73B)
Class com.google.common.cache.Cache                                                   : loaded 2 times (x 72B)
Class com.google.common.cache.LocalCache$Strength                                     : loaded 2 times (x 83B)
Class com.google.common.base.Stopwatch                                                : loaded 2 times (x 74B)
Class kotlinx.coroutines.internal.LockFreeTaskQueueCore                               : loaded 2 times (x 74B)
Class kotlinx.coroutines.internal.LockFreeLinkedListHead                              : loaded 2 times (x 76B)
Class [Lorg.jetbrains.kotlin.metadata.ProtoBuf$Class$Kind;                            : loaded 2 times (x 71B)
Class com.android.tools.idea.gradle.project.sync.AndroidModule$V1                     : loaded 2 times (x 90B)
Class com.intellij.openapi.util.SystemInfoRt                                          : loaded 2 times (x 73B)
Class com.intellij.openapi.diagnostic.Logger                                          : loaded 2 times (x 101B)
Class com.android.tools.idea.gradle.project.sync.DeliverableAndroidModule             : loaded 2 times (x 78B)
Class org.gradle.api.internal.classpath.UnknownModuleException                        : loaded 2 times (x 84B)
Class kotlinx.coroutines.flow.Flow                                                    : loaded 2 times (x 72B)
Class com.google.common.cache.Weigher                                                 : loaded 2 times (x 72B)
Class com.android.tools.idea.gradle.model.IdeAaptOptions$Namespacing                  : loaded 2 times (x 81B)
Class kotlinx.coroutines.internal.DispatchedContinuationKt                            : loaded 2 times (x 73B)
Class com.android.tools.idea.gradle.model.IdeApiVersion                               : loaded 2 times (x 72B)
Class org.jetbrains.kotlin.metadata.deserialization.Flags$FlagField                   : loaded 2 times (x 75B)
Class org.jetbrains.org.objectweb.asm.tree.LocalVariableAnnotationNode                : loaded 2 times (x 84B)
Class org.jetbrains.org.objectweb.asm.SymbolTable$Entry                               : loaded 2 times (x 75B)
Class org.jetbrains.kotlin.metadata.deserialization.BinaryVersion                     : loaded 2 times (x 76B)
Class com.google.common.cache.RemovalCause$4                                          : loaded 2 times (x 82B)
Class com.google.common.base.Suppliers$MemoizingSupplier                              : loaded 2 times (x 81B)
Class org.apache.commons.io.StandardLineSeparator                                     : loaded 2 times (x 81B)
Class com.google.common.collect.CollectPreconditions                                  : loaded 2 times (x 73B)
Class jdk.internal.jimage.ImageStrings                                                : loaded 2 times (x 72B)
Class com.android.builder.model.v2.models.BasicTestSuite                              : loaded 2 times (x 72B)
Class [Lcom.android.tools.idea.gradle.model.IdeAaptOptions$Namespacing;               : loaded 2 times (x 71B)
Class com.android.tools.idea.gradle.model.impl.IdeDependencyCoreImpl                  : loaded 2 times (x 78B)
Class com.intellij.openapi.util.Comparing                                             : loaded 2 times (x 73B)
Class org.gradle.api.internal.classpath.Module                                        : loaded 2 times (x 72B)
Class com.google.common.collect.ImmutableMapEntrySet                                  : loaded 2 times (x 154B)
Class kotlinx.coroutines.Job                                                          : loaded 2 times (x 72B)
Class org.apache.commons.io.output.NullOutputStream                                   : loaded 2 times (x 87B)
Class org.jetbrains.kotlin.protobuf.ByteString$ByteIterator                           : loaded 2 times (x 72B)
Class com.intellij.openapi.diagnostic.Logger$Factory                                  : loaded 2 times (x 72B)
Class com.google.common.collect.ArrayListMultimapGwtSerializationDependencies         : loaded 2 times (x 173B)
Class com.android.tools.idea.gradle.project.sync.IdeModelFactoryV2Kt                  : loaded 2 times (x 73B)
Class com.google.common.collect.Multiset                                              : loaded 2 times (x 72B)
Class com.google.common.math.MathPreconditions                                        : loaded 2 times (x 73B)
Class org.jetbrains.kotlin.metadata.ProtoBuf$Type$Argument$Projection                 : loaded 2 times (x 84B)
Class org.jetbrains.org.objectweb.asm.tree.InvokeDynamicInsnNode                      : loaded 2 times (x 80B)
Class com.google.common.cache.RemovalCause$5                                          : loaded 2 times (x 82B)
Class com.google.common.collect.Maps$AbstractFilteredMap                              : loaded 2 times (x 129B)
Class [Lcom.google.common.collect.MapMakerInternalMap$Strength;                       : loaded 2 times (x 71B)
Class [Lcom.google.common.io.FileWriteMode;                                           : loaded 2 times (x 71B)
Class kotlinx.coroutines.Unconfined                                                   : loaded 2 times (x 102B)
Class com.google.common.collect.SortedMapDifference                                   : loaded 2 times (x 72B)
Class com.google.common.collect.ObjectArrays                                          : loaded 2 times (x 73B)
Class kotlinx.coroutines.ExecutorCoroutineDispatcher                                  : loaded 2 times (x 110B)
Class com.google.common.collect.FluentIterable$3                                      : loaded 2 times (x 83B)
Class org.jetbrains.org.objectweb.asm.FieldVisitor                                    : loaded 2 times (x 79B)
Class org.jetbrains.org.objectweb.asm.tree.JumpInsnNode                               : loaded 2 times (x 80B)
Class org.jetbrains.kotlin.protobuf.InvalidProtocolBufferException                    : loaded 2 times (x 86B)
Class org.jetbrains.kotlin.protobuf.GeneratedMessageLite$ExtensionDescriptor          : loaded 2 times (x 86B)
Class org.jetbrains.kotlin.metadata.deserialization.NameResolver                      : loaded 2 times (x 72B)
Class kotlin.collections.IndexingIterable                                             : loaded 2 times (x 81B)
Class org.jetbrains.kotlin.metadata.jvm.JvmProtoBuf$StringTableTypes$Record$Operation$1: loaded 2 times (x 76B)
Class org.jetbrains.kotlin.metadata.ProtoBuf$Visibility$1                             : loaded 2 times (x 76B)
Class com.android.tools.idea.gradle.project.sync.IdeAndroidModels                     : loaded 2 times (x 74B)
Class com.android.tools.idea.gradle.project.sync.SyncProjectActionWorker$populateAndroidModels$3$1: loaded 2 times (x 131B)
Class com.android.tools.idea.gradle.model.IdeUnresolvedArtifactLibrary                : loaded 2 times (x 72B)
Class com.android.tools.idea.gradle.model.IdeBuildTasksAndOutputInformation           : loaded 2 times (x 72B)
Class [Lcom.android.tools.idea.gradle.model.IdeAndroidProjectType;                    : loaded 2 times (x 71B)
Class org.jetbrains.kotlin.metadata.jvm.JvmProtoBuf$JvmPropertySignature$Builder      : loaded 2 times (x 142B)
Class [Lorg.jetbrains.org.objectweb.asm.Symbol;                                       : loaded 2 times (x 71B)
Class com.google.common.collect.Iterables$4                                           : loaded 2 times (x 83B)
Class com.google.common.collect.MapMakerInternalMap$StrongKeyDummyValueSegment        : loaded 2 times (x 143B)
Class com.google.common.io.Files                                                      : loaded 2 times (x 73B)
Class kotlinx.coroutines.internal.Segment                                             : loaded 2 times (x 77B)
Class org.jetbrains.kotlin.cli.common.arguments.CommonCompilerArguments               : loaded 2 times (x 76B)
Class kotlinx.coroutines.AbstractCoroutine                                            : loaded 2 times (x 145B)
Class com.google.common.cache.LocalCache$WriteThroughEntry                            : loaded 2 times (x 81B)
Class com.google.common.cache.LocalCache$HashIterator                                 : loaded 2 times (x 88B)
Class com.google.common.cache.LocalCache$EntryFactory                                 : loaded 2 times (x 85B)
Class org.jetbrains.kotlin.descriptors.Named                                          : loaded 2 times (x 72B)
Class com.android.tools.idea.gradle.model.ResolverType                                : loaded 2 times (x 81B)
Class com.google.common.primitives.Ints                                               : loaded 2 times (x 73B)
Class kotlinx.coroutines.flow.FlowKt                                                  : loaded 2 times (x 73B)
Class com.google.common.reflect.Reflection                                            : loaded 2 times (x 73B)
Class com.google.common.collect.FluentIterable$2                                      : loaded 2 times (x 83B)
Class com.google.common.base.Absent                                                   : loaded 2 times (x 82B)
Class org.jetbrains.kotlin.name.ClassId                                               : loaded 2 times (x 74B)
Class org.jetbrains.kotlin.metadata.ProtoBuf$Annotation$Argument$Value$1              : loaded 2 times (x 146B)
Class org.jetbrains.kotlin.metadata.ProtoBuf$TypeParameter$Variance                   : loaded 2 times (x 84B)
Class org.jetbrains.kotlin.metadata.jvm.deserialization.JvmNameResolverKt             : loaded 2 times (x 73B)
Class org.jetbrains.kotlin.protobuf.UninitializedMessageException                     : loaded 2 times (x 86B)
Class org.jetbrains.kotlin.descriptors.Visibilities$InvisibleFake                     : loaded 2 times (x 81B)
Class org.gradle.api.internal.classpath.DefaultModuleRegistry$DefaultModule           : loaded 2 times (x 84B)
Class jdk.internal.jimage.ImageBufferCache$2                                          : loaded 2 times (x 93B)
Class com.google.common.collect.BiMap                                                 : loaded 2 times (x 72B)
Class com.google.common.collect.ImmutableMap$1                                        : loaded 2 times (x 83B)
Class com.google.common.collect.IndexedImmutableSet                                   : loaded 2 times (x 154B)
Class com.android.tools.idea.gradle.model.impl.IdeModuleSourceSet                     : loaded 2 times (x 72B)
Class org.objectweb.asm.FieldVisitor                                                  : loaded 2 times (x 79B)
Class org.jetbrains.kotlin.metadata.ProtoBuf$VersionRequirementTable$1                : loaded 2 times (x 146B)
Class org.jetbrains.kotlin.metadata.ProtoBuf$Contract                                 : loaded 2 times (x 109B)
Class com.google.common.collect.Iterables$5                                           : loaded 2 times (x 83B)
Class [Lcom.google.common.collect.MapMaker$Dummy;                                     : loaded 2 times (x 71B)
Class com.google.common.base.CharMatcher$Whitespace                                   : loaded 2 times (x 114B)
Class com.google.common.reflect.Types$NativeTypeVariableEquals                        : loaded 2 times (x 73B)
Class com.google.common.reflect.TypeParameter                                         : loaded 2 times (x 74B)
Class org.jetbrains.kotlin.cli.common.arguments.CommonCompilerArgumentsConfigurator   : loaded 2 times (x 76B)
Class kotlinx.coroutines.CancellableContinuation                                      : loaded 2 times (x 72B)
Class com.google.common.cache.LocalCache$AbstractReferenceEntry                       : loaded 2 times (x 109B)
Class kotlinx.coroutines.JobSupport                                                   : loaded 2 times (x 134B)
Class com.google.common.collect.FluentIterable$1                                      : loaded 2 times (x 83B)
Class org.jetbrains.kotlin.protobuf.BoundedByteString                                 : loaded 2 times (x 114B)
Class com.android.tools.idea.gradle.model.IdeBuildType                                : loaded 2 times (x 72B)
Class com.android.tools.idea.gradle.project.sync.ArtifactRef                          : loaded 2 times (x 73B)
Class com.android.tools.idea.gradle.project.sync.VariantSelectionChange               : loaded 2 times (x 74B)
Class com.android.tools.idea.gradle.project.sync.InternedModels$nameLibraries$IdeModelAndReferenceAndIdentity: loaded 2 times (x 77B)
Class com.android.tools.idea.gradle.project.sync.GradleModulesKt                      : loaded 2 times (x 73B)
Class org.jetbrains.plugins.gradle.tooling.serialization.internal.IdeaProjectSerializationService$WriteContext$FilePathComparator: loaded 2 times (x 93B)
Class jdk.internal.jimage.ImageBufferCache$1                                          : loaded 2 times (x 84B)
Class com.google.common.cache.CacheLoader$UnsupportedLoadingOperationException        : loaded 2 times (x 84B)
Class org.objectweb.asm.ClassWriter                                                   : loaded 2 times (x 107B)
Class com.google.common.collect.AbstractMapBasedMultimap$KeySet$1                     : loaded 2 times (x 84B)
Class kotlinx.coroutines.JobSupport$Finishing                                         : loaded 2 times (x 78B)
Class com.google.common.collect.HashMultimapGwtSerializationDependencies              : loaded 2 times (x 175B)
Class org.jetbrains.org.objectweb.asm.tree.IntInsnNode                                : loaded 2 times (x 80B)
Class com.android.tools.idea.gradle.model.impl.IdeBuildTasksAndOutputInformationImpl  : loaded 2 times (x 82B)
Class com.android.tools.idea.gradle.model.IdeMultiVariantData                         : loaded 2 times (x 72B)
Class com.android.tools.idea.gradle.project.sync.BuildTypeDef                         : loaded 2 times (x 74B)
Class com.android.tools.idea.gradle.project.sync.IdeModelFactoryV2                    : loaded 2 times (x 74B)
Class org.jetbrains.kotlin.metadata.jvm.deserialization.JvmNameResolverBase$WhenMappings: loaded 2 times (x 73B)
Class org.jetbrains.kotlin.descriptors.Visibilities$Local                             : loaded 2 times (x 81B)
Class org.jetbrains.kotlin.protobuf.WireFormat                                        : loaded 2 times (x 73B)
Class org.jetbrains.kotlin.metadata.jvm.deserialization.BitEncoding                   : loaded 2 times (x 73B)
Class org.jetbrains.org.objectweb.asm.Attribute                                       : loaded 2 times (x 77B)
Class org.jetbrains.org.objectweb.asm.Label                                           : loaded 2 times (x 74B)
Class com.google.common.collect.ImmutableMapKeySet                                    : loaded 2 times (x 154B)
Class org.objectweb.asm.SymbolTable                                                   : loaded 2 times (x 74B)
Class com.google.common.cache.CacheLoader$InvalidCacheLoadException                   : loaded 2 times (x 84B)
Class org.jetbrains.kotlin.protobuf.SmallSortedMap$1                                  : loaded 2 times (x 131B)
Class org.jetbrains.kotlin.metadata.ProtoBuf$Property$Builder                         : loaded 2 times (x 198B)
Class org.jetbrains.kotlin.descriptors.Visibilities$PrivateToThis                     : loaded 2 times (x 81B)
Class org.jetbrains.kotlin.metadata.jvm.deserialization.JvmMemberSignature$Method     : loaded 2 times (x 77B)
Class org.jetbrains.org.objectweb.asm.ClassTooLargeException                          : loaded 2 times (x 84B)
Class org.jetbrains.kotlin.protobuf.WireFormat$JavaType                               : loaded 2 times (x 81B)
Class com.android.builder.model.v2.ide.BasicTestSuiteArtifact                         : loaded 2 times (x 72B)
Class com.android.builder.model.v2.ide.TestSuiteTestInfo                              : loaded 2 times (x 72B)
Class com.android.tools.idea.gradle.model.impl.IdeUnresolvedLibraryTableImpl          : loaded 2 times (x 77B)
Class jdk.internal.jrtfs.JrtDirectoryStream$1                                         : loaded 2 times (x 85B)
Class jdk.internal.jimage.ImageLocation                                               : loaded 2 times (x 92B)
Class com.google.common.util.concurrent.UncheckedExecutionException                   : loaded 2 times (x 84B)
Class com.android.tools.idea.gradle.project.sync.AndroidArtifactRef                   : loaded 2 times (x 74B)
Class com.google.common.io.ByteSink$AsCharSink                                        : loaded 2 times (x 82B)
Class org.jetbrains.kotlin.config.KotlinCompilerVersion                               : loaded 2 times (x 73B)
Class [Lorg.jetbrains.kotlin.build.report.metrics.BuildTime;                          : loaded 2 times (x 71B)
Class org.jetbrains.org.objectweb.asm.Frame                                           : loaded 2 times (x 75B)
Class com.google.common.collect.FluentIterable                                        : loaded 2 times (x 83B)
Class kotlinx.coroutines.internal.LockFreeLinkedListNode                              : loaded 2 times (x 76B)
Class com.google.common.cache.LocalCache$StrongEntry                                  : loaded 2 times (x 110B)
Class com.google.common.util.concurrent.AbstractFuture$TrustedFuture                  : loaded 2 times (x 116B)
Class com.google.common.cache.LoadingCache                                            : loaded 2 times (x 72B)
Class org.jetbrains.kotlin.load.kotlin.KotlinJvmBinaryClass                           : loaded 2 times (x 72B)
Class org.jetbrains.org.objectweb.asm.tree.MethodNode                                 : loaded 2 times (x 111B)
Class org.jetbrains.org.objectweb.asm.tree.MethodInsnNode                             : loaded 2 times (x 80B)
Class org.jetbrains.kotlin.protobuf.Parser                                            : loaded 2 times (x 72B)
Class org.jetbrains.kotlin.descriptors.Visibilities$Inherited                         : loaded 2 times (x 81B)
Class org.jetbrains.kotlin.descriptors.Visibilities$Unknown                           : loaded 2 times (x 81B)
Class com.google.common.util.concurrent.AbstractFuture$Trusted                        : loaded 2 times (x 72B)
Class kotlinx.coroutines.Waiter                                                       : loaded 2 times (x 72B)
Class com.google.common.base.Optional                                                 : loaded 2 times (x 82B)
Class org.jetbrains.kotlin.cli.common.messages.MessageCollector$Companion             : loaded 2 times (x 73B)
Class org.jetbrains.kotlin.metadata.deserialization.MetadataVersion                   : loaded 2 times (x 76B)
Class org.jetbrains.org.objectweb.asm.tree.InsnList                                   : loaded 2 times (x 105B)
Class org.jetbrains.kotlin.protobuf.GeneratedMessageLite                              : loaded 2 times (x 103B)
Class org.jetbrains.kotlin.protobuf.Internal$EnumLiteMap                              : loaded 2 times (x 72B)
Class org.jetbrains.kotlin.protobuf.AbstractMessageLite$Builder                       : loaded 2 times (x 124B)
Class com.google.common.hash.AbstractHashFunction                                     : loaded 2 times (x 97B)
Class org.jetbrains.kotlin.metadata.deserialization.ProtoBufUtilKt                    : loaded 2 times (x 73B)
Class com.android.tools.idea.gradle.model.IdeBasicVariant                             : loaded 2 times (x 72B)
Class com.android.tools.idea.gradle.model.impl.IdeJavaCompileOptionsImpl              : loaded 2 times (x 80B)
Class com.android.ide.common.gradle.Component                                         : loaded 2 times (x 74B)
Class com.android.tools.idea.gradle.project.sync.ModelFetchersKt$findKotlinModelsForAndroidProject$kaptModel$1: loaded 2 times (x 77B)
Class com.intellij.openapi.diagnostic.Logger$DefaultFactory                           : loaded 2 times (x 76B)
Class com.android.tools.idea.gradle.project.sync.LibraryIdentity$Companion            : loaded 2 times (x 73B)
Class com.android.tools.idea.gradle.model.impl.IdeModuleWellKnownSourceSet            : loaded 2 times (x 85B)
Class org.jetbrains.plugins.gradle.tooling.serialization.internal.IdeaProjectSerializationService$TestResourceDirectoriesGetter: loaded 2 times (x 77B)
Class org.jetbrains.kotlin.metadata.ProtoBuf$Type$Argument                            : loaded 2 times (x 112B)
Class org.jetbrains.kotlin.load.kotlin.FileBasedKotlinClass$InnerClassesInfo          : loaded 2 times (x 76B)
Class org.gradle.kotlin.dsl.ImplementationConfigurationAccessorsKt                    : loaded 2 times (x 73B)
Class com.google.common.io.ByteStreams$LimitedInputStream                             : loaded 2 times (x 94B)
Class com.google.common.base.Suppliers$NonSerializableMemoizingSupplier               : loaded 2 times (x 81B)
Class kotlinx.coroutines.Active                                                       : loaded 2 times (x 73B)
Class org.objectweb.asm.MethodWriter                                                  : loaded 2 times (x 107B)
Class [Lcom.google.common.cache.Weigher;                                              : loaded 2 times (x 71B)
Class com.google.common.collect.RegularImmutableMap$BucketOverflowException           : loaded 2 times (x 84B)
Class jdk.internal.jrtfs.JrtFileSystem                                                : loaded 2 times (x 104B)
Class sync_studio_tooling6_bsgloxcqretfzar83jl5inu38                                  : loaded 2 times (x 173B)
Class com.google.common.cache.LocalCache$2                                            : loaded 2 times (x 144B)
Class com.google.common.collect.AbstractMultimap                                      : loaded 2 times (x 125B)
Class com.google.common.collect.Sets$ImprovedAbstractSet                              : loaded 2 times (x 137B)
Class kotlinx.coroutines.scheduling.GlobalQueue                                       : loaded 2 times (x 74B)
Class com.google.common.reflect.TypeToken$SimpleTypeToken                             : loaded 2 times (x 75B)
Class com.google.common.collect.MapMakerInternalMap$AbstractStrongKeyEntry            : loaded 2 times (x 82B)
Class com.google.common.collect.AbstractSetMultimap                                   : loaded 2 times (x 175B)
Class com.google.common.io.ByteSource$ByteArrayByteSource                             : loaded 2 times (x 87B)
Class com.android.tools.idea.gradle.project.sync.DeliverableGradleModule              : loaded 2 times (x 78B)
Class com.intellij.openapi.diagnostic.LogLevel                                        : loaded 2 times (x 81B)
Class com.android.tools.idea.gradle.model.IdeUnknownLibraryImpl                       : loaded 2 times (x 85B)
Class kotlin.io.CloseableKt                                                           : loaded 2 times (x 73B)
Class com.android.tools.idea.gradle.project.sync.VariantDiscoveryKt                   : loaded 2 times (x 73B)
Class com.android.tools.idea.gradle.project.sync.HasAndroidVariantResolver            : loaded 2 times (x 72B)
Class jdk.internal.jrtfs.JrtFileSystemProvider                                        : loaded 2 times (x 103B)
Class org.jetbrains.kotlin.resolve.scopes.receivers.Receiver                          : loaded 2 times (x 72B)
Class org.jetbrains.kotlin.metadata.ProtoBuf$Modality$1                               : loaded 2 times (x 76B)
Class org.jetbrains.org.objectweb.asm.tree.TypeAnnotationNode                         : loaded 2 times (x 82B)
Class com.google.common.collect.AbstractMapBasedMultimap$RandomAccessWrappedList      : loaded 2 times (x 207B)
Class com.google.common.collect.Multimaps$AsMap                                       : loaded 2 times (x 127B)
Class org.jetbrains.kotlin.cli.common.CompilerSystemProperties$Companion              : loaded 2 times (x 73B)
Class com.google.common.collect.ImmutableMultimap$1                                   : loaded 2 times (x 84B)
Class kotlinx.coroutines.internal.LockFreeTaskQueueCore$Companion                     : loaded 2 times (x 73B)
Class jdk.internal.jimage.decompressor.CompressedResourceHeader                       : loaded 2 times (x 73B)
Class com.google.common.collect.AbstractMapEntry                                      : loaded 2 times (x 83B)
Class com.google.common.cache.LocalCache$1                                            : loaded 2 times (x 91B)
Class com.google.common.collect.SingletonImmutableBiMap                               : loaded 2 times (x 145B)
Class com.google.common.base.Ascii                                                    : loaded 2 times (x 73B)
Class kotlinx.coroutines.StandaloneCoroutine                                          : loaded 2 times (x 145B)
Class org.apache.commons.io.FileExistsException                                       : loaded 2 times (x 84B)
Class [Lkotlin.Function;                                                              : loaded 2 times (x 71B)
Class org.jetbrains.kotlin.load.kotlin.header.ReadKotlinClassHeaderAnnotationVisitor$CollectStringArrayAnnotationVisitor: loaded 2 times (x 87B)
Class com.android.tools.idea.gradle.project.sync.VariantDependenciesCompat$AdjacencyList: loaded 2 times (x 74B)
Class org.gradle.internal.service.ServiceLocator                                      : loaded 2 times (x 72B)
Class [Lorg.objectweb.asm.Type;                                                       : loaded 2 times (x 71B)
Class com.google.common.collect.Platform                                              : loaded 2 times (x 73B)
Class kotlinx.coroutines.scheduling.NanoTimeSource                                    : loaded 2 times (x 74B)
Class kotlinx.coroutines.internal.ThreadState                                         : loaded 2 times (x 74B)
Class org.jetbrains.kotlin.build.report.metrics.GradleBuildTime                       : loaded 2 times (x 88B)
Class com.android.tools.idea.gradle.project.sync.VariantDetails                       : loaded 2 times (x 74B)
Class com.android.tools.idea.gradle.model.impl.IdeVariantCoreImpl$Companion           : loaded 2 times (x 73B)
Class com.google.common.collect.AbstractIterator$State                                : loaded 2 times (x 81B)
Class com.google.common.reflect.Types$JavaVersion$1                                   : loaded 2 times (x 85B)
Class com.google.common.collect.ImmutableMultimap$2                                   : loaded 2 times (x 83B)
Class com.google.common.collect.RegularImmutableBiMap                                 : loaded 2 times (x 150B)
Class com.google.common.cache.LocalCache$ValueReference                               : loaded 2 times (x 72B)
Class [Lorg.jetbrains.kotlin.com.intellij.openapi.diagnostic.LogLevel;                : loaded 2 times (x 71B)
Class org.jetbrains.org.objectweb.asm.tree.LabelNode                                  : loaded 2 times (x 82B)
Class org.jetbrains.kotlin.metadata.ProtoBuf$Constructor$1                            : loaded 2 times (x 146B)
Class org.jetbrains.kotlin.metadata.ProtoBuf$PropertyOrBuilder                        : loaded 2 times (x 72B)
Class org.jetbrains.kotlin.metadata.jvm.JvmProtoBuf$StringTableTypes$1                : loaded 2 times (x 146B)
Class org.jetbrains.kotlin.utils.CollectionsKt                                        : loaded 2 times (x 73B)
Class com.android.tools.idea.gradle.project.sync.AndroidModule$NativeModelVersion     : loaded 2 times (x 81B)
Class com.android.tools.idea.gradle.project.sync.IdeModelWithPostProcessor            : loaded 2 times (x 74B)
Class com.android.tools.idea.gradle.model.impl.IdeModuleWellKnownSourceSet$Companion  : loaded 2 times (x 73B)
Class com.android.tools.idea.gradle.project.sync.NativeVariantAbiResult$None          : loaded 2 times (x 73B)
Class org.jetbrains.plugins.gradle.model.tests.ExternalTestSourceMapping              : loaded 2 times (x 72B)
Class com.android.tools.idea.gradle.project.sync.VariantDependenciesCompat            : loaded 2 times (x 74B)
Class com.android.tools.idea.gradle.project.sync.VariantSelectionChange$Companion     : loaded 2 times (x 73B)
Class com.android.tools.idea.gradle.model.IdeDependenciesInfo                         : loaded 2 times (x 72B)
Class jdk.internal.jrtfs.SystemImage$2                                                : loaded 2 times (x 78B)
Class org.jetbrains.kotlin.descriptors.annotations.Annotated                          : loaded 2 times (x 72B)
Class org.jetbrains.kotlin.descriptors.SourceElement$1                                : loaded 2 times (x 76B)
Class org.jetbrains.kotlin.com.intellij.openapi.diagnostic.Attachment                 : loaded 2 times (x 74B)
Class com.google.common.reflect.Types$JavaVersion$2                                   : loaded 2 times (x 85B)
Class com.google.common.reflect.Types                                                 : loaded 2 times (x 73B)
Class com.google.common.collect.LinkedListMultimap$1KeySetImpl                        : loaded 2 times (x 138B)
Class com.google.common.hash.PrimitiveSink                                            : loaded 2 times (x 72B)
Class org.jetbrains.kotlin.cli.common.arguments.CommonToolArguments                   : loaded 2 times (x 75B)
Class com.google.common.base.PatternCompiler                                          : loaded 2 times (x 72B)
Class com.google.common.util.concurrent.AbstractFuture$Failure                        : loaded 2 times (x 74B)
Class com.google.common.base.Equivalence$Equals                                       : loaded 2 times (x 84B)
Class com.google.common.collect.Hashing                                               : loaded 2 times (x 73B)
Class com.google.common.base.MoreObjects                                              : loaded 2 times (x 73B)
Class kotlinx.coroutines.scheduling.CoroutineScheduler$Companion                      : loaded 2 times (x 73B)
Class com.google.common.collect.BaseImmutableMultimap                                 : loaded 2 times (x 125B)
Class com.google.common.collect.EmptyImmutableListMultimap                            : loaded 2 times (x 178B)
Class org.apache.commons.io.output.ByteArrayOutputStream                              : loaded 2 times (x 104B)
Class com.google.common.reflect.TypeResolver$TypeVariableKey                          : loaded 2 times (x 74B)
Class org.jetbrains.kotlin.metadata.jvm.JvmProtoBuf$StringTableTypes                  : loaded 2 times (x 112B)
Class org.jetbrains.kotlin.protobuf.GeneratedMessageLite$ExtendableBuilder            : loaded 2 times (x 139B)
Class org.jetbrains.kotlin.descriptors.DescriptorVisibilities$9                       : loaded 2 times (x 81B)
Class com.android.builder.model.v2.models.TestApkTestSuiteSource                      : loaded 2 times (x 72B)
Class com.android.tools.idea.gradle.project.sync.ModelCacheV2ImplKt                   : loaded 2 times (x 73B)
Class com.android.tools.idea.gradle.model.IdeSigningConfig                            : loaded 2 times (x 72B)
Class com.android.tools.idea.gradle.model.IdeLibrary                                  : loaded 2 times (x 72B)
Class jdk.internal.jrtfs.SystemImage$1                                                : loaded 2 times (x 80B)
Class com.google.common.cache.CacheLoader$FunctionToCacheLoader                       : loaded 2 times (x 77B)
Class kotlinx.coroutines.DisposableHandle                                             : loaded 2 times (x 72B)
Class com.google.common.collect.ImmutableListMultimap                                 : loaded 2 times (x 178B)
Class org.apache.commons.io.output.UnsynchronizedByteArrayOutputStream                : loaded 2 times (x 104B)
Class com.google.common.reflect.Types$ParameterizedTypeImpl                           : loaded 2 times (x 83B)
Class com.google.common.collect.Maps$IteratorBasedAbstractMap$1                       : loaded 2 times (x 140B)
Class org.jetbrains.kotlin.com.google.common.base.Preconditions                       : loaded 2 times (x 73B)
Class org.jetbrains.kotlin.resolve.jvm.JvmClassName                                   : loaded 2 times (x 78B)
Class [Lcom.android.tools.idea.gradle.model.ResolverType;                             : loaded 2 times (x 71B)
Class com.android.tools.idea.gradle.project.sync.LibraryIdentity                      : loaded 2 times (x 74B)
Class com.android.tools.idea.gradle.model.IdeVariantCore                              : loaded 2 times (x 72B)
Class [Lorg.jetbrains.org.objectweb.asm.SymbolTable$Entry;                            : loaded 2 times (x 71B)
Class org.jetbrains.kotlin.descriptors.DescriptorVisibility                           : loaded 2 times (x 80B)
Class kotlin.LazyKt                                                                   : loaded 2 times (x 73B)
Class com.google.common.collect.ImmutableSetMultimap                                  : loaded 2 times (x 182B)
Class com.google.common.reflect.Types$JavaVersion$3                                   : loaded 2 times (x 85B)
Class [Lorg.apache.commons.io.file.DeleteOption;                                      : loaded 2 times (x 71B)
Class com.google.common.io.CharSink                                                   : loaded 2 times (x 81B)
Class kotlinx.coroutines.BuildersKt__Builders_commonKt                                : loaded 2 times (x 73B)
Class org.objectweb.asm.Label                                                         : loaded 2 times (x 75B)
Class org.objectweb.asm.CurrentFrame                                                  : loaded 2 times (x 75B)
Class org.objectweb.asm.ClassTooLargeException                                        : loaded 2 times (x 84B)
Class org.jetbrains.kotlin.metadata.jvm.JvmProtoBuf$StringTableTypes$RecordOrBuilder  : loaded 2 times (x 72B)
Class org.jetbrains.kotlin.metadata.ProtoBuf$MemberKind$1                             : loaded 2 times (x 76B)
Class org.jetbrains.kotlin.descriptors.DescriptorVisibilities$8                       : loaded 2 times (x 81B)
Class com.android.tools.idea.gradle.project.sync.ModelCache                           : loaded 2 times (x 72B)
Class com.android.tools.idea.gradle.model.impl.IdeDependenciesCoreImpl                : loaded 2 times (x 72B)
Class com.android.tools.idea.gradle.project.sync.AndroidProjectPathResolver           : loaded 2 times (x 72B)
Class com.android.tools.idea.gradle.project.sync.VariantDiscovery$prepareRequestedOrDefaultModuleConfigurations$$inlined$sortedBy$1: loaded 2 times (x 91B)
Class com.android.tools.idea.gradle.model.IdeArtifactName$Companion$WhenMappings      : loaded 2 times (x 73B)
Class org.gradle.internal.classloader.InstrumentingClassLoader                        : loaded 2 times (x 72B)
Class org.gradle.internal.classpath.TransformedClassPath                              : loaded 2 times (x 98B)
Class com.google.common.cache.CacheBuilder$NullListener                               : loaded 2 times (x 84B)
Class org.objectweb.asm.FieldWriter                                                   : loaded 2 times (x 79B)
Class com.google.common.reflect.Invokable                                             : loaded 2 times (x 105B)
Class com.google.common.collect.MapMaker$Dummy                                        : loaded 2 times (x 81B)
Class kotlin._Assertions                                                              : loaded 2 times (x 73B)
Class org.jetbrains.kotlin.descriptors.DescriptorVisibilities$7                       : loaded 2 times (x 81B)
Class FileComparisonTestEventLogger                                                   : loaded 2 times (x 96B)
Class sync_studio_tooling9_330kc22agwvdqw896gj1o959n                                  : loaded 2 times (x 173B)
Class com.android.tools.idea.gradle.project.sync.ModelFetchersKt$findKotlinModelsForAndroidProject$kotlinModel$1: loaded 2 times (x 77B)
Class com.android.tools.idea.gradle.model.IdeArtifactName                             : loaded 2 times (x 81B)
Class com.android.tools.idea.gradle.project.sync.VariantNameResolutionKt$buildVariantNameResolver$1: loaded 2 times (x 77B)
Class com.android.tools.idea.gradle.model.impl.IdeVariantBuildInformationImpl         : loaded 2 times (x 78B)
Class org.jetbrains.plugins.gradle.tooling.serialization.internal.IdeaProjectSerializationService$JdkGetter: loaded 2 times (x 77B)
Class [Lorg.jetbrains.kotlin.metadata.ProtoBuf$Type$Argument$Projection;              : loaded 2 times (x 71B)
Class org.jetbrains.org.objectweb.asm.RecordComponentWriter                           : loaded 2 times (x 79B)
Class org.gradle.kotlin.dsl.Accessors7cddnu26duc8nxp06w1clhaoeKt                      : loaded 2 times (x 73B)
Class com.google.common.collect.RangeGwtSerializationDependencies                     : loaded 2 times (x 73B)
Class com.google.common.io.ByteSource$AsCharSource                                    : loaded 2 times (x 88B)
Class org.jetbrains.kotlin.cli.common.messages.MessageCollector$Companion$NONE$1      : loaded 2 times (x 78B)
Class com.google.common.collect.MapMakerInternalMap$InternalEntryHelper               : loaded 2 times (x 72B)
Class com.google.common.collect.Table                                                 : loaded 2 times (x 72B)
Class com.google.common.reflect.Types$JavaVersion$4                                   : loaded 2 times (x 85B)
Class com.google.common.collect.Maps$IteratorBasedAbstractMap                         : loaded 2 times (x 127B)
Class org.objectweb.asm.Frame                                                         : loaded 2 times (x 75B)
Class org.objectweb.asm.MethodVisitor                                                 : loaded 2 times (x 107B)
Class com.google.common.cache.LocalCache$EntryFactory$1                               : loaded 2 times (x 85B)
Class [Lcom.google.common.cache.RemovalListener;                                      : loaded 2 times (x 71B)
Class kotlinx.coroutines.flow.SharedFlow                                              : loaded 2 times (x 72B)
Class org.jetbrains.plugins.gradle.tooling.serialization.internal.IdeaProjectSerializationService$ResourceDirectoriesGetter: loaded 2 times (x 77B)
Class com.google.common.collect.MapDifference                                         : loaded 2 times (x 72B)
Class com.google.common.cache.LocalCache$Strength$3                                   : loaded 2 times (x 83B)
Class kotlinx.coroutines.DispatchedTask                                               : loaded 2 times (x 82B)
Class com.google.common.base.Splitter$1                                               : loaded 2 times (x 79B)
Class com.google.common.collect.TransformedIterator                                   : loaded 2 times (x 82B)
Class com.google.common.collect.LinkedListMultimap$1                                  : loaded 2 times (x 201B)
Class com.google.common.collect.Interner                                              : loaded 2 times (x 72B)
Class com.google.common.collect.Interners$InternerImpl                                : loaded 2 times (x 77B)
Class com.google.common.io.ByteStreams                                                : loaded 2 times (x 73B)
Class [Lcom.google.common.collect.Maps$EntryFunction;                                 : loaded 2 times (x 71B)
Class com.android.tools.idea.gradle.project.sync.SyncVariantResult                    : loaded 2 times (x 74B)
Class org.jetbrains.kotlin.metadata.ProtoBuf$Annotation$Argument$Value                : loaded 2 times (x 129B)
Class com.android.tools.idea.gradle.model.impl.IdeVectorDrawablesOptionsImpl          : loaded 2 times (x 77B)
Class org.jetbrains.kotlin.descriptors.ValidateableDescriptor                         : loaded 2 times (x 72B)
Class org.jetbrains.kotlin.metadata.jvm.JvmProtoBuf$JvmPropertySignature$1            : loaded 2 times (x 146B)
Class org.jetbrains.org.objectweb.asm.MethodWriter                                    : loaded 2 times (x 107B)
Class com.google.common.reflect.Types$JavaVersion$5                                   : loaded 2 times (x 73B)
Class [Lcom.google.common.reflect.Types$ClassOwnership;                               : loaded 2 times (x 71B)
Class com.google.common.cache.LocalCache$EntryFactory$2                               : loaded 2 times (x 85B)
Class org.jetbrains.kotlin.protobuf.CodedOutputStream$OutOfSpaceException             : loaded 2 times (x 84B)
Class org.jetbrains.kotlin.descriptors.DescriptorVisibilities$6                       : loaded 2 times (x 81B)
Class com.android.tools.idea.gradle.model.IdeAndroidProjectType                       : loaded 2 times (x 81B)
Class com.android.tools.idea.gradle.project.sync.ModelCacheV2ImplKt$modelCacheV2Impl$variantCoreFrom$15: loaded 2 times (x 131B)
Class com.android.tools.idea.gradle.project.sync.ModelResult$Context                  : loaded 2 times (x 72B)
Class com.android.tools.idea.gradle.project.sync.DeliverableGradleModule$ModelConsumer: loaded 2 times (x 74B)
Class com.google.common.cache.LocalCache$Strength$2                                   : loaded 2 times (x 83B)
Class com.google.common.util.concurrent.SettableFuture                                : loaded 2 times (x 116B)
Class kotlinx.coroutines.JobImpl                                                      : loaded 2 times (x 140B)
Class kotlinx.coroutines.internal.SystemPropsKt                                       : loaded 2 times (x 73B)
Class org.apache.commons.io.output.QueueOutputStream                                  : loaded 2 times (x 89B)
Class com.google.common.reflect.Types$ClassOwnership$3                                : loaded 2 times (x 73B)
Class org.jetbrains.kotlin.cli.common.messages.CompilerMessageSeverity                : loaded 2 times (x 81B)
Class com.google.common.collect.Collections2$FilteredCollection                       : loaded 2 times (x 121B)
Class org.jetbrains.kotlin.protobuf.GeneratedMessageLite$ExtendableMessage            : loaded 2 times (x 115B)
Class org.jetbrains.kotlin.metadata.jvm.JvmProtoBuf$JvmPropertySignatureOrBuilder     : loaded 2 times (x 72B)
Class com.android.ide.common.gradle.Component$Companion                               : loaded 2 times (x 73B)
Class com.android.tools.idea.gradle.model.IdeLintOptions                              : loaded 2 times (x 72B)
Class com.android.tools.idea.gradle.project.sync.VariantAssetSourceProviderContext    : loaded 2 times (x 74B)
Class com.android.tools.idea.gradle.project.sync.DefaultVariantsKt$getDefaultVariant$$inlined$compareBy$1: loaded 2 times (x 92B)
Class com.android.builder.model.v2.dsl.ClassField                                     : loaded 2 times (x 72B)
Class kotlin.Lazy                                                                     : loaded 2 times (x 72B)
Class com.google.common.collect.CollectCollectors                                     : loaded 2 times (x 73B)
Class org.objectweb.asm.ModuleWriter                                                  : loaded 2 times (x 83B)
Class com.google.common.cache.LocalCache$EntryFactory$3                               : loaded 2 times (x 85B)
Class com.google.common.base.Ticker$1                                                 : loaded 2 times (x 74B)
Class com.google.common.collect.Maps$BiMapConverter                                   : loaded 2 times (x 92B)
Class com.google.common.collect.ImmutableMapEntrySet$RegularEntrySet                  : loaded 2 times (x 154B)
Class sync_studio_tooling6_bsgloxcqretfzar83jl5inu38$_run_closure1                    : loaded 2 times (x 140B)
Class org.jetbrains.kotlin.descriptors.DescriptorVisibilities$5                       : loaded 2 times (x 81B)
Class com.android.tools.idea.gradle.model.IdeVariantBuildInformation                  : loaded 2 times (x 72B)
Class com.google.common.cache.LocalCache$Strength$1                                   : loaded 2 times (x 83B)
Class org.objectweb.asm.ModuleVisitor                                                 : loaded 2 times (x 83B)
Class com.google.common.collect.Sets$4                                                : loaded 2 times (x 143B)
Class com.google.common.hash.Hasher                                                   : loaded 2 times (x 72B)
Class com.google.common.reflect.TypeResolver                                          : loaded 2 times (x 74B)
Class com.google.common.reflect.Types$ClassOwnership$2                                : loaded 2 times (x 82B)
Class com.google.common.io.ByteArrayDataInput                                         : loaded 2 times (x 72B)
Class com.google.common.collect.MapMakerInternalMap$StrongValueEntry                  : loaded 2 times (x 72B)
Class [Lorg.jetbrains.org.objectweb.asm.Attribute;                                    : loaded 2 times (x 71B)
Class org.jetbrains.org.objectweb.asm.tree.TableSwitchInsnNode                        : loaded 2 times (x 80B)
Class [Lorg.jetbrains.kotlin.protobuf.WireFormat$JavaType;                            : loaded 2 times (x 71B)
Class org.jetbrains.kotlin.descriptors.DescriptorVisibilities$4                       : loaded 2 times (x 81B)
Class com.android.tools.idea.gradle.model.IdeVariantHeader                            : loaded 2 times (x 72B)
Class org.gradle.internal.service.UnknownServiceException                             : loaded 2 times (x 85B)
Class jdk.internal.jrtfs.SystemImage                                                  : loaded 2 times (x 76B)
Class com.android.tools.idea.gradle.model.IdeAndroidLibraryImpl$Companion             : loaded 2 times (x 73B)
Class com.android.tools.idea.gradle.model.IdeAndroidArtifactCore                      : loaded 2 times (x 72B)
Class com.android.tools.idea.gradle.model.impl.IdeApiVersionImpl                      : loaded 2 times (x 79B)
Class com.android.tools.idea.gradle.project.sync.AndroidProjectResult$Companion       : loaded 2 times (x 73B)
Class com.google.common.cache.LocalCache$LocalLoadingCache                            : loaded 2 times (x 136B)
Class GradleDaemonClasspathEnhancer                                                   : loaded 2 times (x 98B)
Class org.jetbrains.org.objectweb.asm.tree.InsnNode                                   : loaded 2 times (x 80B)
Class [Lkotlin.jvm.functions.Function1;                                               : loaded 2 times (x 71B)
Class org.jetbrains.org.objectweb.asm.RecordComponentVisitor                          : loaded 2 times (x 79B)
Class com.google.common.collect.SetMultimap                                           : loaded 2 times (x 72B)
Class com.google.common.collect.CollectSpliterators$1                                 : loaded 2 times (x 92B)
Class kotlinx.coroutines.Incomplete                                                   : loaded 2 times (x 72B)
Class com.google.common.collect.ImmutableSet$Builder                                  : loaded 2 times (x 87B)
Class com.google.common.cache.LocalCache$EntryFactory$4                               : loaded 2 times (x 85B)
Class com.google.common.collect.Sets$3                                                : loaded 2 times (x 143B)
Class [Lorg.objectweb.asm.AnnotationVisitor;                                          : loaded 2 times (x 71B)
Class kotlinx.coroutines.Delay                                                        : loaded 2 times (x 72B)
Class kotlinx.coroutines.ParentJob                                                    : loaded 2 times (x 72B)
Class kotlinx.coroutines.JobNode                                                      : loaded 2 times (x 88B)
Class org.jetbrains.kotlin.cli.common.CompilerSystemProperties                        : loaded 2 times (x 81B)
Class com.google.common.base.AbstractIterator$State                                   : loaded 2 times (x 81B)
Class com.google.common.reflect.Types$ClassOwnership$1                                : loaded 2 times (x 82B)
Class com.google.common.collect.MapMakerInternalMap$Strength$2                        : loaded 2 times (x 82B)
Class org.jetbrains.kotlin.load.java.JvmAnnotationNames                               : loaded 2 times (x 73B)
Class org.jetbrains.kotlin.metadata.jvm.deserialization.JvmNameResolverBase$Companion : loaded 2 times (x 73B)
Class org.jetbrains.kotlin.metadata.ProtoBuf$MemberKind                               : loaded 2 times (x 84B)
Class org.jetbrains.kotlin.descriptors.DescriptorVisibilities$3                       : loaded 2 times (x 81B)
Class com.android.tools.idea.gradle.project.sync.ModelCacheV2ImplKt$modelCacheV2Impl$variantCoreFrom$12: loaded 2 times (x 131B)
Class com.android.tools.idea.gradle.model.IdeAndroidLibraryImplKt                     : loaded 2 times (x 73B)
Class com.android.tools.idea.gradle.model.IdeArtifactLibrary                          : loaded 2 times (x 72B)
Class com.android.tools.idea.gradle.project.sync.ModelResult$Companion                : loaded 2 times (x 73B)
Class com.android.tools.idea.gradle.model.impl.IdeLintOptionsImpl                     : loaded 2 times (x 105B)
Class com.android.tools.idea.gradle.model.IdeSourceProviderContainer                  : loaded 2 times (x 72B)
Class org.jetbrains.kotlin.descriptors.Visibility                                     : loaded 2 times (x 81B)
Class org.jetbrains.kotlin.protobuf.RopeByteString$RopeInputStream                    : loaded 2 times (x 94B)
Class org.jetbrains.kotlin.protobuf.CodedInputStream                                  : loaded 2 times (x 74B)
Class org.jetbrains.org.objectweb.asm.MethodTooLargeException                         : loaded 2 times (x 84B)
Class org.jetbrains.org.objectweb.asm.Context                                         : loaded 2 times (x 74B)
Class kotlin.sequences.ConstrainedOnceSequence                                        : loaded 2 times (x 77B)
Class com.google.common.io.ByteStreams$1                                              : loaded 2 times (x 87B)
Class kotlinx.coroutines.AbstractTimeSourceKt                                         : loaded 2 times (x 73B)
Class com.google.common.cache.LocalCache$EntryFactory$5                               : loaded 2 times (x 85B)
Class com.android.tools.idea.gradle.project.sync.AndroidProjectResultKt               : loaded 2 times (x 73B)
Class com.android.tools.idea.gradle.project.sync.ModuleConfiguration                  : loaded 2 times (x 74B)
Class org.gradle.api.internal.ClassPathProvider                                       : loaded 2 times (x 72B)
Class [Lorg.gradle.api.internal.ClassPathProvider;                                    : loaded 2 times (x 71B)
Class com.google.common.collect.Sets$2                                                : loaded 2 times (x 143B)
Class com.google.common.collect.Maps$ViewCachingAbstractMap                           : loaded 2 times (x 127B)
Class com.google.common.collect.LinkedListMultimap$KeyList                            : loaded 2 times (x 74B)
Class com.google.common.collect.MapMakerInternalMap$Strength$1                        : loaded 2 times (x 82B)
Class [Lcom.google.common.base.Function;                                              : loaded 2 times (x 71B)
Class org.jetbrains.kotlin.protobuf.ExtensionRegistryLite                             : loaded 2 times (x 76B)
Class org.jetbrains.kotlin.metadata.jvm.JvmProtoBuf$JvmFieldSignature                 : loaded 2 times (x 110B)
Class org.jetbrains.plugins.gradle.tooling.serialization.internal.IdeaProjectSerializationService$TargetBytecodeVersionGetter: loaded 2 times (x 77B)
Class [Lcom.android.tools.idea.gradle.model.IdeTestOptions$Execution;                 : loaded 2 times (x 71B)
Class com.android.builder.model.v2.models.AssetsTestSuiteSource                       : loaded 2 times (x 72B)
Class org.jetbrains.kotlin.metadata.ProtoBuf$Modality                                 : loaded 2 times (x 84B)
Class org.jetbrains.kotlin.mpp.DeclarationSymbolMarker                                : loaded 2 times (x 72B)
Class org.jetbrains.kotlin.protobuf.MessageLite$Builder                               : loaded 2 times (x 72B)
Class org.jetbrains.org.objectweb.asm.CurrentFrame                                    : loaded 2 times (x 75B)
Class org.jetbrains.kotlin.descriptors.DescriptorVisibilities$2                       : loaded 2 times (x 81B)
Class com.google.common.collect.HashMultimap                                          : loaded 2 times (x 175B)
Class org.apache.commons.io.output.AppendableWriter                                   : loaded 2 times (x 102B)
Class com.google.common.cache.LocalCache$EntryFactory$6                               : loaded 2 times (x 85B)
Class org.gradle.internal.installation.CurrentGradleInstallationLocator               : loaded 2 times (x 73B)
Class com.android.tools.idea.gradle.project.sync.DefaultVariantsKt$getDefaultVariant$$inlined$thenBy$2: loaded 2 times (x 92B)
Class com.android.tools.idea.gradle.model.impl.IdeAndroidProjectImpl                  : loaded 2 times (x 109B)
Class com.android.tools.idea.gradle.project.sync.VariantDiscovery                     : loaded 2 times (x 74B)
Class com.android.tools.idea.gradle.project.sync.DependencyGraphCompat                : loaded 2 times (x 73B)
Class org.gradle.api.internal.DefaultClassPathProvider                                : loaded 2 times (x 78B)
Class org.objectweb.asm.AnnotationVisitor                                             : loaded 2 times (x 80B)
Class com.google.common.collect.Sets$1                                                : loaded 2 times (x 143B)
Class com.google.common.collect.ImmutableSet$SerializedForm                           : loaded 2 times (x 75B)
Class com.google.common.base.Splitter                                                 : loaded 2 times (x 74B)
Class com.google.common.collect.Iterators$EmptyModifiableIterator                     : loaded 2 times (x 88B)
Class org.jetbrains.kotlin.protobuf.CodedOutputStream$ByteBufferOutputStream          : loaded 2 times (x 88B)
Class [Lkotlin.reflect.KCallable;                                                     : loaded 2 times (x 71B)
Class org.jetbrains.kotlin.descriptors.DescriptorVisibilities$1                       : loaded 2 times (x 81B)
Class org.jetbrains.kotlin.util.ModuleVisibilityHelper                                : loaded 2 times (x 72B)
Class com.android.tools.idea.gradle.project.sync.AllKotlinModels                      : loaded 2 times (x 74B)
Class com.android.tools.idea.gradle.project.sync.DefaultVariantsKt$getDefaultVariant$$inlined$thenBy$1: loaded 2 times (x 92B)
Class org.jetbrains.kotlin.protobuf.FieldSet$1                                        : loaded 2 times (x 73B)
Class org.jetbrains.org.objectweb.asm.tree.LdcInsnNode                                : loaded 2 times (x 80B)
Class com.google.common.io.ByteSource$SlicedByteSource                                : loaded 2 times (x 87B)
Class org.jetbrains.kotlin.cli.common.messages.CompilerMessageSeverity$Companion      : loaded 2 times (x 73B)
Class org.apache.commons.io.output.ThresholdingOutputStream                           : loaded 2 times (x 97B)
Class com.google.common.collect.ImmutableMultimap$Builder                             : loaded 2 times (x 88B)
Class kotlinx.coroutines.Empty                                                        : loaded 2 times (x 77B)
Class com.google.common.collect.Maps$KeySet                                           : loaded 2 times (x 139B)
Class com.google.common.collect.ImmutableSet$EmptySetBuilderImpl                      : loaded 2 times (x 78B)
Class com.google.common.cache.LocalCache$EntryFactory$7                               : loaded 2 times (x 85B)
Class org.gradle.internal.service.DefaultServiceLocator                               : loaded 2 times (x 85B)
Class com.android.builder.model.v2.models.TestSuiteDependenciesAdjacencyList          : loaded 2 times (x 72B)
Class [Lcom.android.tools.idea.gradle.model.impl.IdeModuleSourceSet;                  : loaded 2 times (x 71B)
Class com.google.common.collect.ImmutableEnumMap                                      : loaded 2 times (x 128B)
Class com.google.common.collect.ListMultimap                                          : loaded 2 times (x 72B)
Class kotlinx.coroutines.DebugKt                                                      : loaded 2 times (x 73B)
Class org.apache.commons.io.output.StringBuilderWriter                                : loaded 2 times (x 102B)
Class [Lorg.apache.commons.io.StandardLineSeparator;                                  : loaded 2 times (x 71B)
Class com.google.common.collect.CollectSpliterators$1WithCharacteristics              : loaded 2 times (x 92B)
Class [Lorg.jetbrains.kotlin.descriptors.CallableMemberDescriptor$Kind;               : loaded 2 times (x 71B)
Class com.android.tools.idea.gradle.model.IdeBaseArtifactCore                         : loaded 2 times (x 72B)
Class com.android.tools.idea.gradle.model.IdeViewBindingOptions                       : loaded 2 times (x 72B)
Class com.android.tools.idea.gradle.project.sync.SyncProjectActionWorker$populateAndroidModels$2$variantDiscovery$1: loaded 2 times (x 80B)
Class com.android.tools.idea.gradle.model.impl.IdeUnresolvedLibraryTable              : loaded 2 times (x 72B)
Class [Lcom.google.common.collect.ImmutableMapEntry;                                  : loaded 2 times (x 71B)
Class org.jetbrains.org.objectweb.asm.ClassReader                                     : loaded 2 times (x 94B)
Class org.jetbrains.org.objectweb.asm.tree.FrameNode                                  : loaded 2 times (x 80B)
Class org.jetbrains.kotlin.metadata.jvm.JvmProtoBuf$StringTableTypesOrBuilder         : loaded 2 times (x 72B)
Class org.jetbrains.kotlin.metadata.deserialization.Flags$EnumLiteFlagField           : loaded 2 times (x 78B)
Class org.jetbrains.kotlin.metadata.ProtoBuf$Type$Argument$1                          : loaded 2 times (x 146B)
Class com.android.builder.model.v2.models.TestSuiteSource                             : loaded 2 times (x 72B)
Class com.android.tools.idea.gradle.project.sync.VariantNameResolutionKt              : loaded 2 times (x 73B)
Class com.android.tools.idea.gradle.model.IdeBuildTypeContainer                       : loaded 2 times (x 72B)
Class org.jetbrains.kotlin.metadata.ProtoBuf$Class$Kind$1                             : loaded 2 times (x 76B)
Class org.jetbrains.kotlin.protobuf.SmallSortedMap$Entry                              : loaded 2 times (x 90B)
Class org.jetbrains.kotlin.metadata.ProtoBuf$Package$1                                : loaded 2 times (x 146B)
Class org.jetbrains.org.objectweb.asm.SymbolTable                                     : loaded 2 times (x 74B)
Class org.jetbrains.org.objectweb.asm.tree.UnsupportedClassVersionException           : loaded 2 times (x 84B)
Class org.jetbrains.kotlin.name.FqName$Companion                                      : loaded 2 times (x 73B)
Class com.google.common.cache.LocalCache$SoftValueReference                           : loaded 2 times (x 100B)
Class com.google.common.collect.Maps$EntrySet                                         : loaded 2 times (x 138B)
Class com.google.common.collect.ImmutableMultimap$EntryCollection                     : loaded 2 times (x 130B)
Class org.jetbrains.kotlin.util.capitalizeDecapitalize.CapitalizeDecapitalizeKt       : loaded 2 times (x 73B)
Class com.google.common.cache.LocalCache$EntryFactory$8                               : loaded 2 times (x 85B)
Class jdk.internal.jrtfs.JrtDirectoryStream                                           : loaded 2 times (x 91B)
Class org.gradle.internal.installation.CurrentGradleInstallation                      : loaded 2 times (x 75B)
Class com.android.tools.idea.gradle.model.impl.IdeJavaArtifactCoreImpl                : loaded 2 times (x 93B)
Class org.gradle.internal.classloader.ClassLoaderVisitor                              : loaded 2 times (x 78B)
Class kotlinx.coroutines.CopyableThreadContextElement                                 : loaded 2 times (x 72B)
Class com.google.common.base.CharMatcher$None                                         : loaded 2 times (x 114B)
Class org.apache.commons.io.file.PathUtils                                            : loaded 2 times (x 73B)
Class [Lcom.google.common.collect.AbstractIterator$State;                             : loaded 2 times (x 71B)
Class com.google.common.io.ByteSource$ConcatenatedByteSource                          : loaded 2 times (x 87B)
Class org.jetbrains.org.objectweb.asm.ClassVisitor                                    : loaded 2 times (x 90B)
Class org.jetbrains.kotlin.metadata.jvm.deserialization.JvmNameResolver               : loaded 2 times (x 82B)
Class com.android.tools.idea.gradle.model.IdePreResolvedModuleLibrary                 : loaded 2 times (x 72B)
Class org.gradle.internal.classloader.DefaultClassLoaderFactory                       : loaded 2 times (x 84B)
Class com.google.common.base.Suppliers                                                : loaded 2 times (x 73B)
Class [Lcom.google.common.cache.CacheBuilder$OneWeigher;                              : loaded 2 times (x 71B)
Class org.objectweb.asm.MethodTooLargeException                                       : loaded 2 times (x 84B)
Class com.google.common.base.Platform$JdkPatternCompiler                              : loaded 2 times (x 77B)
Class kotlinx.coroutines.scheduling.SchedulerTimeSource                               : loaded 2 times (x 74B)
Class kotlinx.coroutines.scheduling.CoroutineScheduler                                : loaded 2 times (x 83B)
Class com.google.common.collect.MapMakerInternalMap$Strength                          : loaded 2 times (x 82B)
Class com.google.common.collect.MapMakerInternalMap$StrongKeyDummyValueEntry$LinkedStrongKeyDummyValueEntry: loaded 2 times (x 84B)
Class com.android.tools.idea.gradle.model.IdeUnknownLibrary                           : loaded 2 times (x 72B)
Class com.android.tools.idea.gradle.model.IdeBaseConfig                               : loaded 2 times (x 72B)
Class org.jetbrains.kotlin.protobuf.FieldSet$FieldDescriptorLite                      : loaded 2 times (x 72B)
Class org.jetbrains.kotlin.protobuf.AbstractMessageLite                               : loaded 2 times (x 100B)
Class org.jetbrains.org.objectweb.asm.ModuleWriter                                    : loaded 2 times (x 83B)
Class kotlinx.coroutines.scheduling.Task                                              : loaded 2 times (x 77B)
Class com.google.common.cache.CacheLoader$1                                           : loaded 2 times (x 77B)
Class org.gradle.util.internal.GUtil                                                  : loaded 2 times (x 73B)
Class com.android.tools.idea.gradle.project.sync.GradleModelCollection                : loaded 2 times (x 72B)
Class jdk.internal.jimage.decompressor.StringSharingDecompressorFactory               : loaded 2 times (x 76B)
Class org.objectweb.asm.ClassVisitor                                                  : loaded 2 times (x 90B)
Class [Lorg.objectweb.asm.Symbol;                                                     : loaded 2 times (x 71B)
Class kotlinx.coroutines.CoroutineScope                                               : loaded 2 times (x 72B)
Class kotlinx.coroutines.ChildHandle                                                  : loaded 2 times (x 72B)
Class com.google.common.reflect.TypeCapture                                           : loaded 2 times (x 73B)
Class com.google.common.collect.TransformedListIterator                               : loaded 2 times (x 95B)
Class com.google.common.cache.LocalCache$Values                                       : loaded 2 times (x 120B)
Class org.jetbrains.org.objectweb.asm.tree.FieldInsnNode                              : loaded 2 times (x 81B)
Class org.jetbrains.kotlin.protobuf.ByteString$Output                                 : loaded 2 times (x 88B)
Class GradleDaemonClasspathEnhancer$_enhanceGradleDaemonClasspath_closure1            : loaded 2 times (x 141B)
Class com.android.tools.idea.gradle.project.sync.ModelCache$V2                        : loaded 2 times (x 72B)
Class com.android.tools.idea.gradle.project.sync.AndroidSdkBootClasspathUtilKt        : loaded 2 times (x 73B)
Class com.android.tools.idea.gradle.model.impl.IdeVariantCoreImpl                     : loaded 2 times (x 110B)
Class com.android.tools.idea.gradle.model.impl.IdeExtraSourceProviderImpl             : loaded 2 times (x 78B)
Class kotlin.jvm.internal.FunctionAdapter                                             : loaded 2 times (x 72B)
Class org.jetbrains.kotlin.metadata.jvm.JvmProtoBuf$StringTableTypes$Record           : loaded 2 times (x 121B)
Class org.jetbrains.kotlin.protobuf.FieldSet                                          : loaded 2 times (x 74B)
Class [Lorg.jetbrains.org.objectweb.asm.Label;                                        : loaded 2 times (x 71B)
Class com.google.common.io.ByteSource                                                 : loaded 2 times (x 86B)
Class kotlinx.coroutines.NotCompleted                                                 : loaded 2 times (x 72B)
Class kotlinx.coroutines.internal.LockFreeTaskQueue                                   : loaded 2 times (x 74B)
Class kotlinx.coroutines.scheduling.DefaultScheduler                                  : loaded 2 times (x 110B)
Class kotlinx.coroutines.Dispatchers                                                  : loaded 2 times (x 73B)
Class com.google.common.cache.AbstractCache$StatsCounter                              : loaded 2 times (x 72B)
Class com.android.ide.common.gradle.Module$Companion                                  : loaded 2 times (x 73B)
Class com.google.common.collect.ImmutableMap$MapViewOfValuesAsSingletonSets           : loaded 2 times (x 128B)
Class com.google.common.collect.RegularImmutableMap                                   : loaded 2 times (x 122B)
Class com.google.common.io.ByteArrayDataOutput                                        : loaded 2 times (x 72B)
Class org.jetbrains.kotlin.protobuf.GeneratedMessageLite$ExtendableMessageOrBuilder   : loaded 2 times (x 72B)
Class org.jetbrains.kotlin.metadata.ProtoBuf$FunctionOrBuilder                        : loaded 2 times (x 72B)
Class org.jetbrains.kotlin.protobuf.GeneratedMessageLite$1                            : loaded 2 times (x 73B)
Class com.android.tools.idea.gradle.project.sync.VariantDef                           : loaded 2 times (x 74B)
Class com.android.tools.idea.gradle.project.sync.ClasspathIdentifier                  : loaded 2 times (x 74B)
Class com.android.tools.idea.gradle.project.sync.VariantDiscovery$toTraverseAction$1$1$moduleDependencies$1: loaded 2 times (x 131B)
Class sync_studio_tooling10_96u6hsmlz45arklqgtl8v6pdw                                 : loaded 2 times (x 173B)
Class kotlinx.coroutines.flow.CancellableFlow                                         : loaded 2 times (x 72B)
Class kotlinx.coroutines.flow.internal.AbstractSharedFlow                             : loaded 2 times (x 76B)
Class com.google.common.util.concurrent.ExecutionError                                : loaded 2 times (x 84B)
Class com.google.common.collect.ImmutableEnumSet                                      : loaded 2 times (x 148B)
Class com.google.common.collect.AbstractMapBasedMultimap$WrappedCollection            : loaded 2 times (x 126B)
Class [Lcom.google.common.cache.RemovalCause;                                         : loaded 2 times (x 71B)
Class com.android.builder.model.v2.ide.TestSuiteTarget                                : loaded 2 times (x 72B)
Class [Lorg.jetbrains.kotlin.metadata.ProtoBuf$MemberKind;                            : loaded 2 times (x 71B)
Class org.jetbrains.kotlin.metadata.ProtoBuf$Package                                  : loaded 2 times (x 130B)
Class org.jetbrains.kotlin.metadata.ProtoBuf$Annotation$Argument$Value$Type$1         : loaded 2 times (x 76B)
Class org.jetbrains.kotlin.metadata.ProtoBuf$TypeTableOrBuilder                       : loaded 2 times (x 72B)
Class org.jetbrains.kotlin.metadata.ProtoBuf$TypeOrBuilder                            : loaded 2 times (x 72B)
Class com.google.common.io.LineBuffer                                                 : loaded 2 times (x 77B)
Class com.google.common.collect.MapMakerInternalMap$1                                 : loaded 2 times (x 85B)
Class com.google.common.reflect.Types$TypeVariableImpl                                : loaded 2 times (x 74B)
Class kotlinx.coroutines.intrinsics.CancellableKt                                     : loaded 2 times (x 73B)
Class org.gradle.internal.installation.GradleInstallation                             : loaded 2 times (x 77B)
Class org.jetbrains.kotlin.metadata.deserialization.MetadataVersion$Companion         : loaded 2 times (x 73B)
Class org.jetbrains.org.objectweb.asm.tree.Util                                       : loaded 2 times (x 73B)
Class [Lorg.jetbrains.kotlin.metadata.ProtoBuf$Modality;                              : loaded 2 times (x 71B)
Class com.android.tools.idea.gradle.model.IdeVectorDrawablesOptions                   : loaded 2 times (x 72B)
Class com.android.tools.idea.gradle.model.IdeSourceProvider                           : loaded 2 times (x 74B)
Class com.android.tools.idea.gradle.model.IdeTestOptions                              : loaded 2 times (x 72B)
Class com.intellij.openapi.diagnostic.DefaultLogger                                   : loaded 2 times (x 103B)
Class com.intellij.openapi.diagnostic.Attachment                                      : loaded 2 times (x 74B)
Class com.android.tools.idea.gradle.project.sync.GradleProject$ModelConsumer          : loaded 2 times (x 74B)
Class org.gradle.internal.classloader.ClassLoaderHierarchy                            : loaded 2 times (x 72B)
Class jdk.internal.jimage.BasicImageReader                                            : loaded 2 times (x 97B)
Class kotlinx.coroutines.CoroutineScopeKt                                             : loaded 2 times (x 73B)
Class kotlinx.coroutines.BuildersKt                                                   : loaded 2 times (x 73B)
Class kotlinx.coroutines.internal.ThreadContextKt                                     : loaded 2 times (x 73B)
Class com.android.tools.idea.gradle.project.sync.StandaloneDeliverableModel$Companion : loaded 2 times (x 73B)
Class [Lorg.jetbrains.kotlin.descriptors.DescriptorVisibility;                        : loaded 2 times (x 71B)
Class com.google.common.base.Splitter$Strategy                                        : loaded 2 times (x 72B)
Class com.google.common.collect.Iterables                                             : loaded 2 times (x 73B)
Class jdk.internal.jimage.decompressor.ResourceDecompressor$StringsProvider           : loaded 2 times (x 72B)
Class [Lcom.google.common.base.AbstractIterator$State;                                : loaded 2 times (x 71B)
Class com.google.common.io.FileWriteMode                                              : loaded 2 times (x 81B)
Class [Lcom.google.common.collect.MapMakerInternalMap$Segment;                        : loaded 2 times (x 71B)
Class com.google.common.cache.LocalCache$ValueIterator                                : loaded 2 times (x 88B)
Class org.jetbrains.kotlin.load.kotlin.FileBasedKotlinClass$OuterAndInnerName         : loaded 2 times (x 74B)
Class org.jetbrains.kotlin.metadata.ProtoBuf$ContractOrBuilder                        : loaded 2 times (x 72B)
Class [Lorg.jetbrains.kotlin.metadata.ProtoBuf$Visibility;                            : loaded 2 times (x 71B)
Class com.android.tools.idea.gradle.project.sync.HasLintJar                           : loaded 2 times (x 72B)
Class com.android.tools.idea.gradle.project.sync.ModelFetchersKt$findNativeModuleModel$1: loaded 2 times (x 76B)
Class com.android.tools.idea.gradle.project.sync.VariantDiscovery$toProjectGraphAction$1$projectGraph$1: loaded 2 times (x 77B)
Class com.android.tools.idea.gradle.project.sync.VariantSelectionKt$getModuleDependencyConfigurations$generateDirectModuleDependencies$allDependencies$1: loaded 2 times (x 97B)
Class org.jetbrains.plugins.gradle.tooling.serialization.internal.IdeaProjectSerializationService$11: loaded 2 times (x 78B)
Class org.gradle.internal.classloader.FilteringClassLoader                            : loaded 2 times (x 106B)
Class com.google.common.collect.RegularImmutableMap$KeySet                            : loaded 2 times (x 154B)
Class com.google.common.base.Equivalence$Identity                                     : loaded 2 times (x 84B)
Class com.google.common.base.PairwiseEquivalence                                      : loaded 2 times (x 85B)
Class kotlinx.coroutines.internal.ResizableAtomicArray                                : loaded 2 times (x 74B)
Class com.google.common.io.LineReader                                                 : loaded 2 times (x 74B)
Class org.jetbrains.kotlin.descriptors.SourceElement                                  : loaded 2 times (x 72B)
Class org.jetbrains.kotlin.metadata.ProtoBuf$Annotation$Argument$Value$Type           : loaded 2 times (x 84B)
Class org.jetbrains.kotlin.metadata.ProtoBuf$TypeParameter$Variance$1                 : loaded 2 times (x 76B)
Class com.android.tools.idea.gradle.model.impl.IdeBuildTypeImpl                       : loaded 2 times (x 95B)
Class com.android.tools.idea.gradle.model.impl.IdeAndroidArtifactCoreImpl             : loaded 2 times (x 105B)
Class com.android.tools.idea.gradle.project.sync.ArtifactDependenciesCompat           : loaded 2 times (x 74B)
Class org.jetbrains.plugins.gradle.tooling.serialization.internal.IdeaProjectSerializationService$10: loaded 2 times (x 78B)
Class org.jetbrains.kotlin.metadata.ProtoBuf$Annotation$Builder                       : loaded 2 times (x 137B)
Class org.jetbrains.kotlin.metadata.jvm.JvmProtoBuf$StringTableTypes$Record$Operation : loaded 2 times (x 84B)
Class org.jetbrains.kotlin.com.intellij.openapi.diagnostic.DefaultLogger              : loaded 2 times (x 102B)
Class kotlinx.coroutines.JobSupportKt                                                 : loaded 2 times (x 73B)
Class kotlinx.coroutines.ExecutorCoroutineDispatcher$Key                              : loaded 2 times (x 74B)

---------------  S Y S T E M  ---------------

OS:
 Windows 11 , 64 bit Build 26100 (10.0.26100.9168)
OS uptime: 0 days 0:34 hours
Hyper-V role detected

CPU: total 16 (initial active 16) (8 cores per cpu, 2 threads per core) family 6 model 141 stepping 1 microcode 0x26, cx8, cmov, fxsr, ht, mmx, 3dnowpref, sse, sse2, sse3, ssse3, sse4.1, sse4.2, popcnt, lzcnt, tsc, tscinvbit, avx, avx2, aes, erms, clmul, bmi1, bmi2, adx, avx512f, avx512dq, avx512cd, avx512bw, avx512vl, sha, fma, vzeroupper, avx512_vpopcntdq, avx512_vpclmulqdq, avx512_vaes, avx512_vnni, clflush, clflushopt, clwb, avx512_vbmi2, avx512_vbmi, hv, rdtscp, rdpid, fsrm, gfni, avx512_bitalg, f16c, cet_ibt, cet_ss, avx512_ifma
Processor Information for the first 16 processors :
  Max Mhz: 2304, Current Mhz: 2304, Mhz Limit: 2304

Memory: 4k page, system-wide physical 16085M (809M free)
TotalPageFile size 16085M (AvailPageFile size 8M)
current process WorkingSet (physical memory assigned to process): 1411M, peak: 2959M
current process commit charge ("private bytes"): 2210M, peak: 3017M

vm_info: OpenJDK 64-Bit Server VM (25.0.3+-15898627-b508.16) for windows-amd64 JRE (25.0.3+-15898627-b508.16), built on 2026-07-20T17:54:23Z with MS VC++ 16.10 / 16.11 (VS2019)

END.
